CHR_POS,SNP_ID,ALLELES,healthy_0,healthy_1,healthy_2,healthy_3,healthy_4,healthy_5,healthy_6,healthy_7,healthy_8,healthy_9,healthy_10,healthy_11,healthy_12,healthy_13,healthy_14,healthy_15,healthy_16,healthy_17,healthy_18,healthy_19,healthy_20,healthy_21,healthy_22,healthy_23,healthy_24,healthy_25,healthy_26,healthy_27,healthy_28,healthy_29,healthy_30,healthy_31,healthy_32,healthy_33,healthy_34,healthy_35,healthy_36,healthy_37,healthy_38,healthy_39,healthy_40,healthy_41,healthy_42,healthy_43,healthy_44,healthy_45,healthy_46,healthy_47,healthy_48,healthy_49,healthy_50,healthy_51,healthy_52,healthy_53,healthy_54,healthy_55,healthy_56,healthy_57,healthy_58,healthy_59,healthy_60,healthy_61,healthy_62,healthy_63,healthy_64,healthy_65,healthy_66,healthy_67,healthy_68,healthy_69,healthy_70,healthy_71,healthy_72,healthy_73,healthy_74,healthy_75,healthy_76,healthy_77,healthy_78,healthy_79,healthy_80,healthy_81,healthy_82,healthy_83,healthy_84,healthy_85,healthy_86,healthy_87,healthy_88,healthy_89,healthy_90,healthy_91,healthy_92,healthy_93,healthy_94,healthy_95,healthy_96,healthy_97,healthy_98,healthy_99,dkd_0,dkd_1,dkd_2,dkd_3,dkd_4,dkd_5,dkd_6,dkd_7,dkd_8,dkd_9,dkd_10,dkd_11,dkd_12,dkd_13,dkd_14,dkd_15,dkd_16,dkd_17,dkd_18,dkd_19,dkd_20,dkd_21,dkd_22,dkd_23,dkd_24,dkd_25,dkd_26,dkd_27,dkd_28,dkd_29,dkd_30,dkd_31,dkd_32,dkd_33,dkd_34,dkd_35,dkd_36,dkd_37,dkd_38,dkd_39,dkd_40,dkd_41,dkd_42,dkd_43,dkd_44,dkd_45,dkd_46,dkd_47,dkd_48,dkd_49,dkd_50,dkd_51,dkd_52,dkd_53,dkd_54,dkd_55,dkd_56,dkd_57,dkd_58,dkd_59,dkd_60,dkd_61,dkd_62,dkd_63,dkd_64,dkd_65,dkd_66,dkd_67,dkd_68,dkd_69,dkd_70,dkd_71,dkd_72,dkd_73,dkd_74,dkd_75,dkd_76,dkd_77,dkd_78,dkd_79,dkd_80,dkd_81,dkd_82,dkd_83,dkd_84,dkd_85,dkd_86,dkd_87,dkd_88,dkd_89,dkd_90,dkd_91,dkd_92,dkd_93,dkd_94,dkd_95,dkd_96,dkd_97,dkd_98,dkd_99
chr3:7423388,rs0,C/G,1,0,2,0,1,0,0,0,1,0,0,1,1,2,1,1,1,0,0,1,1,0,0,1,0,0,0,0,0,0,0,1,0,1,1,0,1,0,1,0,1,0,0,0,1,1,0,1,0,1,0,1,0,0,0,0,0,0,1,0,0,0,0,0,0,0,0,0,0,0,0,2,0,1,0,1,1,0,2,0,0,1,1,0,0,0,0,1,0,0,0,0,0,1,2,1,0,1,1,1,2,2,1,1,1,1,2,2,2,1,2,2,2,2,2,2,1,2,1,1,1,2,2,2,1,2,2,2,2,1,1,2,1,2,2,2,1,1,0,2,2,1,2,2,1,2,2,1,1,2,2,2,2,1,1,2,1,1,2,2,2,2,1,2,1,2,2,2,2,2,1,2,2,1,2,2,1,2,2,2,2,2,2,2,1,2,2,1,2,2,1,2,2,2,0,0,1,2,1,2
chr4:5304572,rs1,A/G,0,0,1,1,0,0,0,0,1,0,0,0,1,2,0,1,0,0,1,1,1,0,0,1,0,0,0,1,0,0,1,0,0,0,0,0,0,1,0,1,0,0,0,0,1,0,0,1,1,1,0,1,0,0,0,0,0,0,1,0,0,0,1,0,0,1,1,0,1,1,1,0,1,0,0,0,0,0,1,0,0,0,0,2,0,0,0,0,0,1,2,0,1,1,1,0,0,0,1,1,1,2,2,2,2,2,2,2,2,1,2,2,1,2,2,2,1,1,2,1,2,2,1,2,2,2,2,2,2,2,2,2,2,2,2,1,2,1,1,1,2,2,2,2,2,2,2,2,1,2,2,2,0,2,0,2,2,2,1,2,2,2,2,1,2,2,2,1,2,2,2,1,2,1,1,1,2,2,2,1,2,2,2,2,0,2,1,2,1,1,1,2,1,2,2,1,2,1,2,2
chr2:8204212,rs2,G/C,0,0,0,1,1,1,0,0,0,1,0,0,0,0,2,0,0,0,2,0,0,1,1,0,0,0,0,0,0,0,0,1,2,0,0,0,1,0,0,0,0,1,0,0,2,0,1,1,0,0,0,0,1,1,0,0,1,1,1,0,0,1,1,0,0,0,0,0,1,0,1,0,1,2,0,0,0,0,1,1,0,0,0,1,0,0,0,0,0,1,0,0,1,1,0,0,0,0,0,0,2,2,2,2,1,2,2,2,2,2,2,1,2,2,2,2,1,2,2,2,2,1,2,2,2,2,2,2,1,2,2,2,2,2,1,2,1,2,0,1,2,1,2,2,1,2,2,2,1,1,1,1,1,2,2,2,2,1,1,1,1,2,2,1,1,2,2,1,2,2,1,1,2,2,2,1,2,2,2,1,2,2,2,2,2,2,2,1,2,1,2,1,1,1,0,2,2,2,1,1
chr2:8404852,rs3,T/C,0,0,1,0,0,0,0,0,0,0,0,0,0,0,1,0,0,0,0,0,1,1,0,0,0,1,0,0,0,0,0,0,0,1,0,0,1,0,0,0,0,1,0,0,0,0,1,0,0,1,0,1,1,1,0,0,1,0,0,1,1,0,0,0,1,1,0,0,1,0,0,2,0,1,0,0,1,0,2,0,0,0,0,0,0,0,0,1,1,1,0,0,1,0,0,1,1,0,0,1,2,2,2,2,2,1,2,2,2,1,1,2,2,2,2,2,2,2,2,2,1,2,2,1,1,1,1,1,2,2,2,1,1,2,2,2,2,2,1,2,1,2,2,1,1,1,2,1,2,1,2,2,2,2,1,1,2,2,2,0,1,0,2,1,2,0,2,1,2,2,1,2,2,2,2,1,2,1,1,2,1,2,2,2,2,1,1,2,1,0,2,2,2,1,2,1,0,2,2,2
chr2:4344769,rs4,G/A,0,1,0,0,0,1,0,0,2,1,0,1,0,0,0,1,1,0,0,0,2,2,1,1,1,0,0,0,1,1,0,1,0,0,1,1,1,0,0,0,0,0,1,0,1,1,0,0,1,0,1,1,1,2,0,0,0,0,0,0,1,0,0,0,0,0,0,0,0,1,1,1,0,1,1,0,1,0,1,2,0,1,0,2,0,1,0,0,0,2,1,1,1,0,0,0,0,0,0,0,1,1,1,2,2,2,2,1,2,1,1,1,1,1,1,2,1,1,2,1,1,2,1,1,2,1,2,2,1,2,2,1,2,1,2,1,2,1,2,1,2,2,2,2,2,2,2,1,2,2,2,2,2,1,2,2,2,2,2,2,2,2,1,2,2,1,1,2,1,2,2,2,2,1,2,2,2,1,2,1,1,1,1,2,1,2,2,2,1,2,2,2,1,2,2,2,1,2,1,1
chr1:6664789,rs5,A/T,1,0,0,0,1,1,0,1,0,0,0,0,0,1,0,0,0,0,1,0,0,1,0,0,0,0,2,1,0,1,0,0,0,0,0,0,1,0,0,0,0,0,0,1,0,0,0,0,0,1,0,0,0,0,0,1,0,1,0,1,0,1,0,1,0,0,0,1,0,1,0,0,0,2,1,1,0,0,1,0,1,1,1,1,0,0,2,0,1,1,0,2,0,0,0,0,0,0,1,1,1,2,2,1,1,1,2,1,2,2,2,1,2,2,2,2,2,2,2,2,1,0,1,2,2,2,2,2,2,1,2,1,1,1,1,2,2,1,2,2,1,2,1,2,2,1,1,2,2,1,2,2,2,2,2,2,2,2,1,0,2,2,1,2,2,1,2,1,1,2,2,0,2,2,1,1,2,1,2,2,2,1,2,2,1,1,1,2,2,1,2,1,2,1,2,2,2,1,2,2
chr1:6743066,rs6,C/G,0,0,0,0,0,1,0,0,1,1,0,0,0,1,0,1,1,0,0,0,0,0,1,2,0,1,0,0,0,0,1,1,0,0,0,0,1,1,0,0,0,0,0,0,1,1,0,0,0,0,1,0,0,0,1,0,0,0,1,1,0,1,1,1,0,0,0,1,0,1,0,1,1,0,1,0,1,0,0,1,0,1,0,0,0,0,0,0,0,0,2,2,0,1,0,1,1,1,0,1,1,2,0,2,2,2,1,2,1,2,1,1,2,2,1,1,2,2,2,1,2,1,0,2,2,1,1,0,2,2,1,1,2,2,2,1,0,2,2,0,2,0,2,1,1,2,2,2,2,1,2,1,2,2,2,1,2,2,2,1,1,2,2,1,2,1,2,1,1,2,1,2,2,1,2,2,1,2,2,2,1,1,1,2,2,2,1,0,2,2,1,2,1,2,2,1,1,2,1,2
chr2:5721339,rs7,G/C,1,1,1,0,0,1,0,1,0,0,2,0,2,2,1,1,0,1,0,0,0,0,0,0,0,1,0,1,1,1,0,1,0,1,0,1,2,0,0,1,0,1,0,0,2,1,1,0,1,0,0,1,0,0,0,1,0,1,0,0,1,0,0,0,0,1,0,1,0,0,1,0,0,0,0,0,0,0,0,0,0,0,1,2,0,1,0,0,0,0,0,0,0,1,0,0,1,0,0,1,2,2,2,2,2,1,0,1,1,2,2,2,0,2,1,2,2,1,1,1,2,2,2,1,2,2,2,1,0,2,1,1,0,2,2,2,2,2,1,2,2,2,2,1,1,1,1,1,2,2,2,2,2,2,2,1,1,2,2,2,1,1,2,1,2,2,2,2,2,2,2,2,1,0,1,2,2,2,1,1,2,1,2,2,2,1,1,1,2,2,1,2,2,1,2,2,1,1,2,2
chr2:4275709,rs8,C/T,1,0,1,0,1,0,0,1,0,0,1,0,0,0,1,1,0,1,0,1,0,0,1,0,0,0,2,0,0,0,0,0,1,2,0,0,0,0,1,0,0,1,0,1,0,1,1,1,1,0,0,0,0,0,0,0,0,0,1,0,0,0,0,1,0,0,1,0,0,0,1,0,0,0,0,0,0,0,1,1,0,1,0,0,0,1,1,0,1,0,1,2,0,1,0,0,0,0,1,1,2,2,2,0,2,1,2,1,1,2,2,2,1,2,2,2,1,2,1,2,2,2,1,2,2,2,2,2,2,2,2,2,2,1,2,2,1,1,2,2,2,1,2,1,2,1,1,1,2,1,2,2,2,2,2,1,2,1,1,2,2,2,2,2,1,1,1,1,2,2,1,2,2,1,1,1,1,1,2,1,1,2,2,2,1,2,2,1,0,2,2,2,2,2,0,1,1,1,2,2
chr3:9242680,rs9,C/A,1,0,0,0,0,0,1,1,0,0,1,0,0,0,1,2,0,1,1,0,0,0,2,0,1,0,1,0,0,1,1,1,0,1,0,0,0,0,0,2,0,1,0,0,0,1,1,1,2,0,0,1,0,0,0,0,0,0,0,0,0,0,1,0,0,1,0,0,1,0,1,1,0,0,0,0,0,0,0,0,0,0,0,1,0,0,1,0,0,0,0,0,0,0,1,0,0,1,0,1,2,2,2,2,2,2,1,1,1,1,1,2,2,2,2,1,1,1,2,1,1,2,2,0,2,2,2,2,0,1,2,2,2,2,2,2,2,2,1,2,1,1,2,1,1,1,2,2,2,1,2,2,1,2,1,2,2,2,1,2,2,2,2,2,1,2,2,2,1,2,1,2,2,2,1,2,1,1,2,2,2,2,2,2,1,2,2,1,1,2,1,1,1,2,2,1,2,2,2,1
chr3:3663046,rs10,A/T,1,1,1,0,0,1,0,0,0,1,1,0,1,0,1,1,1,1,0,1,0,1,1,1,0,1,0,0,1,0,1,0,0,1,0,0,1,0,0,0,1,1,1,0,1,1,1,0,1,1,0,0,1,0,2,1,0,0,0,1,0,1,0,0,0,0,2,0,0,0,0,0,1,0,0,0,2,0,0,1,0,0,0,1,0,1,1,0,0,0,1,0,0,0,2,0,1,0,0,0,2,1,0,2,2,2,1,1,1,2,2,2,1,2,1,2,2,2,1,0,2,1,1,1,0,2,2,1,2,2,2,2,2,0,2,2,2,2,2,2,1,2,2,2,1,2,1,0,2,1,2,1,2,0,1,1,1,1,1,2,1,2,2,2,2,2,1,1,2,1,1,1,1,1,2,1,2,1,1,2,1,2,2,1,2,1,2,1,2,0,2,2,2,2,2,2,1,1,1,2
chr3:7640913,rs11,G/A,0,0,0,1,0,0,0,1,1,1,0,0,0,0,0,0,0,1,1,0,0,0,0,1,0,1,0,2,0,1,0,0,0,0,1,1,1,0,1,0,0,0,0,0,0,0,1,0,0,0,0,0,1,0,1,0,1,0,0,1,0,0,1,0,1,0,1,0,0,0,0,0,0,0,0,0,1,0,0,0,0,1,0,2,0,1,0,1,0,0,0,0,1,0,0,1,0,1,1,0,2,1,1,2,1,2,2,2,1,2,2,2,1,2,2,2,2,1,2,2,2,2,2,2,2,2,2,2,1,2,2,2,2,1,2,1,2,2,1,1,2,2,1,2,2,2,2,2,2,2,2,1,2,1,1,0,0,2,1,2,2,2,1,2,2,2,2,2,2,1,2,1,2,1,1,2,2,2,2,2,1,2,1,2,2,1,2,1,2,2,2,1,1,1,1,2,2,2,2,2
chr4:4385357,rs12,T/C,1,1,0,0,0,1,0,0,0,0,0,0,0,0,2,1,1,1,0,0,1,0,0,0,0,0,0,0,1,0,0,0,1,0,0,0,0,1,1,0,0,1,0,0,0,1,0,0,1,0,0,2,0,0,0,0,0,0,0,1,0,0,0,1,0,0,0,0,0,1,0,0,0,1,0,0,0,0,0,0,0,0,0,0,0,1,2,2,1,0,1,0,0,0,0,1,0,0,1,0,2,2,2,2,1,1,2,2,2,1,0,2,2,2,1,2,2,2,1,2,2,2,2,2,2,2,1,1,1,2,2,2,1,1,2,2,1,2,1,1,2,1,2,1,1,1,2,2,2,0,0,2,2,2,1,2,2,2,2,1,2,2,2,2,2,2,1,1,2,2,2,1,2,2,1,2,1,1,2,2,2,2,2,2,2,2,1,2,1,1,2,2,2,2,2,1,1,1,2,1
chr1:2465689,rs13,A/C,0,0,0,0,1,0,0,1,0,1,0,0,0,1,1,0,0,2,0,0,1,1,0,1,1,0,0,0,2,1,0,1,0,0,0,0,1,0,1,0,0,2,0,0,0,1,0,0,0,0,1,0,0,0,0,1,0,2,0,0,1,0,1,2,0,0,1,0,0,0,0,1,0,0,0,0,0,1,0,1,1,0,0,0,0,1,1,0,0,1,2,0,0,0,1,0,0,0,0,0,2,1,2,1,1,2,2,1,1,1,1,2,2,1,2,2,0,2,2,1,1,2,2,0,1,2,2,2,2,1,2,2,2,1,2,2,2,2,1,2,2,2,2,2,2,2,1,2,1,2,2,2,2,2,1,2,1,1,2,1,0,2,2,2,2,2,2,1,2,2,2,2,2,1,2,2,2,1,2,2,1,1,2,2,2,1,2,2,1,2,1,1,2,1,1,2,1,1,1,2
chr4:5056518,rs14,G/A,0,0,0,2,0,1,1,0,0,1,0,0,1,0,1,0,1,0,0,0,1,0,0,0,0,0,0,0,0,0,0,1,0,0,0,2,1,1,0,0,0,0,0,1,1,1,0,1,0,0,1,0,0,0,1,1,0,1,0,0,1,1,2,0,1,0,1,0,1,0,0,0,0,0,1,0,0,0,0,0,0,0,0,0,0,0,0,0,1,1,1,0,1,1,1,0,1,1,0,1,2,2,0,2,1,2,1,2,1,2,2,1,1,1,2,2,2,1,2,2,2,2,1,1,1,1,1,1,2,2,2,2,2,1,2,1,2,1,2,1,1,2,0,2,2,2,2,2,1,2,2,2,1,2,2,2,2,0,2,2,2,2,1,2,2,2,2,1,2,1,2,2,2,1,2,2,2,1,1,1,2,0,2,2,2,2,2,1,2,2,1,2,2,2,1,2,1,1,2,2
chr4:7397986,rs15,T/A,1,0,1,0,0,0,0,1,0,0,0,0,0,0,1,0,0,0,1,0,0,0,0,0,1,0,0,1,1,0,0,0,0,1,1,2,0,0,0,1,0,0,1,1,1,0,1,1,0,1,0,1,0,0,0,1,0,0,0,1,0,0,1,0,1,0,1,0,0,1,0,1,0,0,0,2,0,0,0,0,0,1,0,1,0,1,1,0,2,0,1,1,0,0,0,0,0,0,0,1,1,1,2,1,1,1,2,2,1,2,2,2,2,2,1,0,2,2,2,2,2,1,2,2,2,2,2,1,2,1,2,2,2,2,2,2,1,2,2,2,1,2,2,1,1,1,2,2,2,1,2,0,2,2,1,2,1,2,2,2,1,0,2,1,2,2,1,1,2,2,2,2,2,1,2,2,1,1,1,1,2,2,1,1,2,2,2,1,2,2,1,1,1,1,2,2,2,2,2,2
chr4:7249859,rs16,T/C,1,0,0,0,0,0,0,2,0,1,0,1,0,1,0,0,0,0,0,0,0,1,0,0,1,0,0,0,1,1,1,0,1,0,0,0,0,0,0,0,0,1,0,1,0,1,0,0,0,0,1,0,0,1,1,0,0,0,0,0,2,0,0,0,1,1,0,1,0,0,0,0,0,1,0,1,0,0,0,0,0,0,0,0,1,0,0,0,1,1,0,0,0,2,1,0,0,0,2,0,2,1,2,2,2,2,2,1,1,1,2,2,2,2,1,1,1,2,1,0,2,2,1,1,0,2,2,1,1,2,2,1,2,1,2,2,2,2,2,2,2,2,2,2,1,2,2,2,1,2,2,1,2,1,1,2,2,2,0,2,1,1,0,2,2,2,2,0,2,2,2,1,2,2,2,2,1,2,1,2,2,1,2,2,1,2,1,2,2,2,2,2,2,1,2,2,1,2,2,2
chr2:4910197,rs17,T/C,0,0,0,1,0,1,0,0,0,1,0,0,0,1,1,0,1,0,0,0,0,1,1,0,0,1,1,0,1,0,0,1,0,0,0,1,1,0,0,0,0,0,1,0,0,0,0,1,0,0,0,0,0,0,0,0,0,0,2,0,0,0,0,1,0,1,0,0,1,0,0,0,1,0,1,0,1,0,1,0,1,0,0,0,0,0,1,2,0,1,0,0,1,1,2,0,1,0,0,0,2,2,2,2,1,1,1,2,2,2,1,0,1,2,2,2,2,2,2,1,2,2,1,2,2,2,2,2,2,1,1,1,0,2,2,1,2,1,1,1,2,1,2,2,2,1,1,1,2,1,2,2,2,2,1,1,1,2,1,1,2,0,2,2,1,1,1,2,2,2,2,2,1,1,2,1,1,2,2,2,2,1,2,1,1,2,1,2,1,2,1,2,2,1,2,2,1,2,2,1
chr1:4584702,rs18,T/C,0,0,0,0,2,1,0,0,1,0,0,0,1,1,1,1,1,1,0,0,1,1,0,0,1,1,0,0,0,0,0,0,0,0,1,1,0,0,1,0,2,1,0,2,0,0,0,0,1,0,0,0,1,0,0,1,0,1,0,1,1,0,0,1,0,2,0,0,0,1,0,1,1,0,0,1,0,1,0,0,1,0,0,0,0,0,1,0,0,1,0,0,1,1,0,1,0,0,0,0,1,1,1,2,2,2,1,0,2,2,2,1,2,1,1,2,1,1,2,2,2,2,1,1,2,2,2,0,2,0,2,2,2,2,2,2,2,1,2,1,2,2,2,1,1,2,2,2,1,2,2,1,0,2,2,2,2,2,2,0,1,2,2,2,2,1,2,1,2,2,2,2,1,2,1,2,2,2,2,1,2,1,2,1,1,2,2,1,1,2,2,1,2,2,2,2,2,2,2,1
chr4:9585377,rs19,T/C,0,0,0,1,1,0,0,1,1,1,0,1,0,0,0,0,0,0,0,1,0,0,0,2,0,0,0,1,2,0,0,1,0,0,0,0,0,0,1,1,0,1,0,0,0,1,1,1,1,1,2,1,1,0,0,0,0,0,0,0,0,0,0,1,0,0,1,0,0,0,0,2,0,0,0,0,1,0,0,0,0,0,1,1,1,1,1,0,1,1,1,0,0,1,1,2,0,0,0,1,1,1,2,0,2,2,2,2,2,2,0,1,1,2,2,2,2,1,2,2,1,2,1,2,2,1,2,1,2,2,0,2,2,2,1,2,2,1,1,1,2,1,1,2,2,2,2,2,0,1,2,1,2,2,1,2,2,2,2,2,1,2,2,2,1,1,2,2,1,2,2,2,1,1,1,2,2,2,2,2,2,2,1,1,2,2,1,2,2,1,0,1,2,1,2,2,2,1,2,2
chr4:2046797,rs20,C/G,1,0,1,1,1,1,0,0,1,1,1,0,2,1,0,0,1,1,1,1,0,0,1,1,1,1,0,1,0,0,0,0,0,0,0,0,1,0,0,1,1,1,0,1,0,0,0,1,0,0,0,1,1,0,1,1,1,0,1,0,1,0,0,0,1,0,1,0,1,1,1,1,1,0,1,0,1,1,0,0,0,1,2,1,1,2,0,0,1,1,1,0,0,0,0,0,1,0,1,0,1,0,0,0,2,1,0,0,2,0,0,1,2,0,0,2,0,0,1,1,1,2,1,0,2,0,0,1,0,0,0,0,1,1,2,0,0,0,0,0,1,2,2,0,1,0,0,1,1,0,0,0,1,0,2,0,0,1,1,0,1,1,2,1,1,1,1,0,0,0,0,0,2,0,0,1,0,0,0,0,0,1,1,0,0,0,1,0,0,1,1,0,0,2,1,1,1,1,2,2
chr4:1564685,rs21,C/A,1,0,0,1,0,1,0,0,1,1,0,0,0,0,2,1,0,0,0,1,0,0,0,0,0,0,1,1,1,0,0,0,0,1,0,0,1,1,0,0,0,0,0,0,1,0,0,0,0,1,0,0,0,1,0,1,0,0,0,1,1,0,0,0,0,0,1,1,0,0,1,1,0,0,0,0,0,0,0,0,0,0,1,1,0,0,2,0,0,0,0,0,1,0,0,1,0,0,0,0,0,0,0,1,0,0,0,0,0,1,0,0,1,0,0,1,1,1,0,0,1,0,0,1,0,1,0,0,0,1,0,0,1,1,1,0,0,1,0,0,0,1,0,0,0,0,0,0,0,0,0,1,1,1,0,0,0,1,1,1,0,0,0,0,0,1,0,0,0,1,0,1,1,0,0,0,0,1,1,0,0,0,0,0,0,0,1,0,0,0,1,0,0,0,1,0,1,1,1,0
chr2:5774183,rs22,A/T,0,2,0,0,1,0,1,1,0,1,0,0,1,1,1,0,1,0,2,0,1,0,0,0,1,1,2,0,0,0,1,0,1,1,2,1,1,1,0,1,0,1,0,0,0,0,1,0,1,0,1,1,1,1,0,1,0,0,1,0,1,1,0,0,0,2,1,0,0,1,1,0,0,1,0,0,2,1,0,0,0,0,1,0,1,2,0,0,1,1,1,0,1,1,1,0,1,1,0,0,0,0,0,2,0,0,1,0,0,1,1,1,1,0,2,0,1,0,2,1,1,0,0,1,1,0,2,1,0,1,1,0,0,1,1,0,1,1,1,0,1,0,0,0,0,1,0,1,0,0,2,1,0,1,0,0,1,1,0,2,1,0,1,1,1,0,1,0,1,1,0,1,2,2,0,0,1,0,2,0,0,0,0,1,0,0,0,1,0,1,1,1,2,2,2,0,0,0,1,2
chr2:3704238,rs23,A/C,0,2,1,0,1,0,1,1,1,1,2,1,1,2,2,0,1,0,0,1,2,0,2,2,2,0,2,1,1,0,0,1,1,0,0,1,0,2,0,0,1,1,1,1,2,1,0,1,2,0,0,1,1,1,0,0,1,0,1,1,0,2,2,1,0,0,1,0,2,0,1,1,1,0,1,0,2,0,2,2,0,1,0,2,1,0,1,0,2,0,1,1,2,0,1,1,1,0,0,0,1,0,1,0,2,2,1,1,0,0,0,1,1,2,1,1,1,1,0,1,1,1,2,1,0,1,1,0,1,2,2,0,2,1,1,1,2,1,1,1,1,0,2,1,1,0,1,0,0,1,1,1,0,1,0,2,1,1,1,0,2,0,1,1,0,2,1,0,0,0,2,1,0,0,1,1,1,1,0,1,2,0,1,1,1,0,2,1,1,0,0,0,1,0,1,1,1,1,1,0
chr1:7723771,rs24,G/A,1,1,0,0,0,0,0,1,0,0,0,0,1,0,0,1,0,1,0,0,1,0,0,0,0,1,1,2,1,0,0,0,0,0,1,0,0,0,1,1,1,0,1,0,1,0,0,0,1,0,1,0,0,0,0,0,0,1,0,2,0,1,0,0,0,0,1,0,0,1,0,1,0,1,0,0,0,1,0,0,1,1,1,2,0,0,1,1,0,0,1,0,0,0,0,1,0,1,0,0,1,0,0,0,0,0,1,1,1,0,0,0,0,0,0,2,0,0,1,0,1,1,1,0,1,0,1,0,0,0,0,1,1,1,0,1,0,1,1,0,1,0,0,0,0,1,0,0,0,1,1,1,1,0,0,0,0,1,0,1,0,0,0,1,1,1,0,2,0,0,2,0,1,0,0,1,0,1,0,1,0,0,0,0,1,0,0,0,0,1,2,0,1,0,0,1,0,1,1,0
chr1:7080526,rs25,A/T,1,1,1,1,2,1,0,1,1,0,0,1,1,1,0,0,1,1,0,1,1,0,0,0,2,1,1,1,1,1,1,0,1,1,1,1,0,1,1,2,1,1,1,2,1,1,1,1,2,0,0,2,1,1,1,0,1,1,1,1,2,0,2,0,1,2,1,1,1,1,0,2,1,1,1,0,0,1,1,1,2,0,1,0,1,0,2,0,2,1,2,1,2,0,1,2,0,0,1,2,1,1,0,0,2,0,1,2,0,1,0,1,0,1,1,1,1,0,1,1,1,0,1,0,1,0,1,0,2,2,0,1,0,1,1,1,1,0,1,0,1,1,1,0,1,1,0,1,2,2,1,1,0,2,0,2,1,1,2,0,1,1,0,1,1,1,0,2,0,0,0,0,0,2,1,0,0,1,2,0,0,0,0,0,1,0,1,0,2,2,1,1,1,1,1,1,2,2,1,1
chr1:7556168,rs26,G/A,0,0,0,1,0,0,0,0,0,1,0,0,0,0,1,0,1,0,0,0,0,0,1,0,0,0,0,0,0,0,0,0,0,0,0,1,0,0,0,0,1,0,1,1,0,0,0,0,0,0,0,0,0,1,0,1,0,0,0,0,0,0,1,0,0,1,0,0,0,1,0,0,0,1,0,2,0,1,0,0,1,0,0,0,0,0,0,0,0,0,0,0,0,0,1,0,1,1,1,0,1,1,0,0,0,0,0,0,0,0,0,0,1,0,0,0,0,0,1,0,1,0,0,0,1,0,0,1,0,0,1,0,0,0,0,0,0,0,0,1,2,0,0,1,0,0,1,1,0,0,0,0,0,0,0,1,1,0,1,1,0,0,0,0,0,0,0,0,1,0,0,0,0,1,0,0,1,0,0,0,1,0,0,0,0,1,0,0,0,1,0,1,1,0,0,0,1,0,0,1
chr4:3230919,rs27,G/C,1,0,0,1,0,0,1,0,2,2,0,0,1,0,0,1,0,1,0,0,0,2,1,1,0,0,0,0,0,1,0,2,0,2,0,0,0,0,0,0,0,1,1,1,0,1,1,0,0,0,0,0,0,1,1,2,1,0,1,1,0,1,2,0,1,0,0,0,1,1,2,0,0,1,1,0,0,1,1,0,0,2,1,0,0,1,0,0,0,0,1,0,1,0,0,0,1,1,0,1,1,2,0,1,0,0,2,0,0,0,1,1,0,2,0,0,1,0,0,0,1,0,2,1,0,1,0,0,1,2,0,0,0,0,0,0,1,0,0,1,1,0,0,1,0,0,1,0,0,0,0,0,2,0,0,0,1,0,0,1,0,0,0,0,0,1,0,1,0,0,0,1,0,1,0,0,0,0,0,0,1,0,0,0,0,0,0,0,1,1,0,0,1,0,0,0,0,1,0,0
chr3:2737095,rs28,C/G,1,1,0,1,1,1,1,0,1,1,0,0,0,1,0,1,1,1,2,2,0,1,0,1,0,2,1,1,0,0,1,0,1,0,1,0,1,1,0,0,0,1,1,1,0,0,0,0,0,2,1,0,1,1,0,0,0,0,2,1,0,0,1,1,1,1,0,1,1,0,1,0,0,0,0,0,0,0,0,0,0,1,0,0,1,1,1,0,0,1,0,0,0,1,0,1,1,0,1,1,1,0,1,0,2,0,0,1,1,1,0,0,2,1,1,0,0,1,1,0,1,1,0,0,0,1,0,0,1,0,0,0,0,1,0,1,1,0,0,0,0,1,1,0,0,0,1,0,0,0,1,1,0,0,2,0,1,0,1,0,2,1,1,1,1,0,1,2,0,2,1,1,0,0,0,0,0,0,0,2,0,0,0,0,1,1,1,0,1,0,0,0,0,0,0,2,0,0,0,1
chr1:3109818,rs29,A/C,1,1,0,0,0,0,0,0,0,0,0,0,0,0,1,0,1,0,0,0,0,1,0,0,0,1,0,1,1,0,1,2,0,0,0,0,0,0,0,0,0,1,0,0,0,0,1,0,0,1,1,0,1,0,0,0,0,1,0,0,1,0,1,2,0,0,0,0,0,0,1,0,0,0,0,1,0,0,0,0,0,0,0,1,1,0,1,0,0,0,0,0,0,0,1,0,0,1,0,0,1,0,0,0,1,0,1,0,0,1,0,0,0,1,0,0,0,1,0,0,0,0,0,0,0,1,1,0,1,0,1,0,0,1,1,0,0,0,0,0,0,1,0,0,0,0,0,0,1,1,0,0,0,1,0,0,0,1,0,0,1,0,0,0,0,0,0,0,0,1,0,0,0,0,0,0,1,0,1,2,0,0,1,1,0,0,0,2,0,0,1,0,0,0,1,0,0,0,0,0
chr3:4853339,rs30,C/A,0,1,1,0,1,1,1,0,0,0,0,0,0,0,1,0,0,0,0,1,0,0,0,0,0,1,0,0,0,0,1,1,1,0,0,1,2,0,0,0,0,0,0,1,0,0,0,1,0,1,0,1,0,0,0,0,0,1,0,0,0,1,2,1,0,1,1,1,0,0,0,0,1,0,0,1,1,0,1,0,1,1,0,1,1,0,0,1,0,0,1,1,0,0,0,0,0,1,0,0,0,2,0,0,0,1,1,0,0,0,0,0,0,0,0,0,1,0,0,0,2,1,0,0,0,0,0,1,0,1,0,1,1,0,0,0,0,0,1,0,2,0,2,0,1,0,0,1,0,1,1,0,0,1,0,1,1,0,0,1,0,0,0,0,0,0,1,0,0,2,1,1,0,1,0,0,0,0,1,0,1,1,1,0,1,0,0,2,0,0,1,0,1,0,0,0,0,0,1,0
chr4:1996107,rs31,T/A,0,1,1,2,0,1,2,0,2,0,1,2,1,1,0,2,1,0,1,1,0,0,0,1,1,1,2,2,1,0,1,1,1,1,1,2,0,1,0,2,0,0,1,1,0,1,1,0,1,2,1,1,1,1,0,0,2,2,1,0,0,1,1,0,2,1,2,2,1,1,1,1,1,1,2,1,2,2,0,0,1,1,2,1,1,1,0,1,2,0,1,1,0,0,2,1,0,0,1,1,1,0,2,1,1,1,1,2,2,1,2,2,2,0,1,1,2,0,1,1,1,1,2,1,2,0,1,1,0,1,1,1,1,1,0,0,1,1,0,1,1,1,1,1,1,1,1,1,1,0,1,1,2,2,1,0,0,1,1,1,1,0,2,0,2,2,1,1,1,1,1,1,1,1,1,1,1,0,0,0,0,0,2,0,1,0,2,1,1,1,1,1,0,2,1,1,1,1,2,1
chr4:4747389,rs32,G/A,0,1,1,0,0,0,2,0,1,0,1,1,2,1,1,1,0,0,1,2,2,0,0,0,2,2,1,1,1,1,0,1,0,0,2,1,1,1,0,1,1,1,1,0,0,1,0,1,0,0,1,2,0,1,1,0,1,1,1,2,0,0,2,1,1,1,0,1,0,0,0,1,0,1,2,1,1,1,0,1,1,2,2,2,2,1,1,2,1,2,1,1,1,2,0,1,1,0,1,1,1,0,1,1,1,0,2,1,1,1,0,1,1,1,1,1,0,1,0,0,2,1,1,1,2,1,1,0,2,1,2,0,0,0,0,2,0,0,0,0,0,1,1,0,1,1,0,1,1,1,1,0,2,1,2,0,2,1,1,0,1,2,1,1,2,1,1,1,2,0,1,1,1,1,2,2,0,1,0,0,1,2,1,0,0,1,1,0,2,2,1,2,1,1,1,0,2,1,1,0
chr3:7245035,rs33,G/T,0,0,0,0,0,0,0,0,1,0,0,0,0,0,0,0,0,0,0,0,0,0,0,0,0,0,0,1,0,0,0,0,0,0,0,0,0,0,0,0,0,0,0,0,1,0,0,1,0,0,1,0,0,0,0,0,0,1,1,1,1,1,0,0,0,1,0,0,0,0,0,0,0,0,0,0,0,0,0,1,0,0,0,0,1,0,0,0,1,0,0,0,1,0,0,0,0,0,0,0,1,0,0,0,0,1,0,0,2,0,1,0,1,0,0,1,0,0,0,1,0,1,0,0,1,0,0,0,0,0,1,0,0,0,0,0,1,0,0,0,0,1,0,0,0,0,0,0,1,1,0,0,0,1,2,0,0,0,0,0,0,0,0,0,0,0,0,0,0,0,0,0,0,0,0,0,0,0,0,0,0,0,0,1,0,0,0,1,0,0,1,0,1,1,0,0,0,0,0,0
chr3:1491234,rs34,A/G,0,1,0,0,0,0,0,0,2,1,0,0,0,0,0,0,1,0,0,1,1,0,1,0,1,0,1,1,1,1,0,0,0,1,1,0,1,1,2,1,0,0,0,0,0,1,1,0,0,0,0,0,0,0,0,0,0,0,0,0,1,0,0,1,0,1,0,0,0,0,0,0,0,0,0,1,0,0,0,1,0,0,0,0,1,1,0,0,1,0,2,1,0,1,0,1,0,0,0,1,0,0,0,0,0,0,0,0,0,0,0,1,0,1,1,0,0,1,0,0,1,0,1,0,1,0,0,0,0,1,0,1,0,0,0,0,0,0,1,1,0,0,0,0,0,0,1,1,0,0,0,1,0,0,1,0,0,0,0,0,0,0,0,1,0,0,1,1,1,0,0,1,1,0,1,0,2,1,1,1,1,0,0,0,0,1,0,0,0,1,0,0,0,1,0,1,0,0,1,0
chr2:6401218,rs35,A/T,0,0,0,0,0,0,1,1,1,1,0,0,0,0,0,0,1,2,0,1,1,1,0,0,0,0,1,0,0,1,1,0,1,0,0,0,1,2,0,0,0,0,0,0,1,1,0,0,0,0,1,2,0,0,1,0,1,0,1,1,1,1,0,1,1,0,0,0,0,0,1,0,1,0,0,0,0,0,0,0,1,1,0,1,1,0,2,1,0,0,0,0,1,0,1,1,1,1,0,0,1,0,0,1,1,0,1,1,0,0,2,0,0,0,1,0,0,0,2,0,1,2,0,2,2,1,0,1,1,2,0,1,0,0,0,1,0,1,2,0,1,0,0,1,2,1,1,0,0,0,0,0,0,0,0,0,1,2,1,0,2,1,0,0,1,1,1,1,1,2,1,0,1,0,1,2,1,1,0,0,0,1,1,1,0,0,1,0,1,1,1,0,1,0,2,0,0,1,0,1
chr2:7914550,rs36,C/T,2,2,0,1,0,1,2,1,1,1,1,2,0,1,2,1,0,1,1,0,2,1,2,1,1,0,1,0,2,0,0,1,0,0,1,0,0,1,1,1,1,1,1,2,0,1,2,1,0,0,1,0,1,1,1,0,1,1,2,0,0,1,0,1,2,1,2,0,0,0,0,2,0,1,1,2,0,0,0,1,0,2,1,1,1,0,1,2,2,2,2,0,0,0,0,0,1,1,2,1,2,0,0,1,0,0,0,0,1,1,1,1,1,0,0,1,1,1,1,0,1,1,1,1,1,1,1,0,1,0,0,2,2,0,1,0,1,2,2,1,1,1,0,2,2,1,0,0,0,1,1,0,1,1,0,2,2,2,1,0,1,1,0,1,1,2,0,1,1,1,2,1,2,1,1,0,0,0,0,0,0,0,2,0,1,0,2,2,1,1,0,2,2,2,1,1,2,0,1,0
chr3:6888794,rs37,A/G,0,0,1,1,1,0,0,1,2,2,1,2,1,1,1,1,1,1,1,0,0,1,0,0,1,1,1,1,2,2,2,1,1,2,0,0,1,0,2,1,1,1,1,0,1,1,1,1,0,0,0,1,2,2,1,1,1,0,0,2,1,2,1,1,0,0,1,1,0,0,0,1,1,0,0,0,1,0,1,0,0,2,1,0,2,1,2,1,1,2,0,1,1,0,0,0,1,1,1,0,1,2,1,1,1,2,1,2,1,2,0,0,0,2,1,0,0,2,2,1,1,1,1,2,0,1,1,1,1,1,0,1,0,0,0,1,1,1,1,1,1,1,1,1,1,2,2,0,0,1,1,0,2,0,2,1,1,0,0,1,0,1,1,0,0,2,0,0,1,2,1,0,1,2,2,1,1,1,0,1,1,2,0,0,1,1,2,0,0,1,1,2,1,2,1,1,1,2,0,1
chr3:7510425,rs38,T/A,0,0,0,2,0,1,2,0,1,0,0,0,1,0,0,0,1,0,1,1,1,1,1,0,0,0,0,0,0,0,2,0,1,0,0,1,0,0,0,0,1,1,0,0,0,0,0,0,0,0,0,1,0,2,1,0,0,1,1,1,0,2,0,1,1,0,1,0,2,0,1,0,1,0,0,0,1,0,0,0,1,0,0,0,0,0,0,1,1,0,0,1,0,1,0,0,0,1,0,0,0,1,1,0,0,1,0,0,0,1,0,1,0,0,1,0,0,0,1,1,1,1,0,0,1,0,0,0,0,1,0,0,2,0,0,0,1,1,1,1,0,1,1,0,0,2,1,1,1,0,0,0,0,1,0,0,0,0,0,0,0,0,2,0,0,0,0,0,1,1,0,0,1,1,1,0,0,0,0,0,0,0,1,1,0,1,0,1,0,0,0,0,1,0,0,0,0,0,1,1
chr3:1769598,rs39,G/C,2,0,1,1,1,1,2,1,2,2,2,2,1,0,1,0,1,1,1,2,2,0,1,1,1,1,1,1,2,2,0,1,1,0,0,1,1,0,1,1,0,0,2,0,2,1,1,0,0,0,0,1,0,1,1,0,0,0,0,1,1,1,1,1,1,1,0,0,1,1,1,1,1,1,1,1,1,1,1,2,1,1,1,1,0,2,0,1,1,2,0,1,1,1,0,1,1,0,1,1,1,2,1,2,2,0,0,1,1,1,1,1,1,0,2,0,2,0,2,0,0,0,1,2,1,2,1,1,2,0,1,2,2,2,2,0,2,1,2,1,1,1,1,0,2,1,0,1,1,1,0,2,1,1,1,0,1,0,0,1,2,1,0,1,2,1,2,1,1,0,1,1,1,2,2,0,0,1,0,1,2,2,1,2,1,0,1,1,1,0,1,1,2,1,1,1,0,1,2,1
chr1:8971379,rs40,A/C,0,0,2,2,2,1,2,2,2,1,1,2,1,1,1,1,1,0,2,1,1,0,0,0,1,0,2,0,0,0,0,2,2,1,0,1,1,2,0,1,1,1,1,0,2,0,1,0,2,0,2,2,2,1,1,1,0,1,0,2,0,1,1,1,1,0,1,1,2,1,2,0,1,0,0,0,1,0,1,2,1,1,1,1,0,1,1,2,1,1,1,0,2,1,0,0,0,2,0,1,1,1,2,2,1,0,1,1,1,1,0,1,0,1,1,1,0,1,1,0,2,1,1,1,1,1,1,1,1,0,0,0,1,1,2,0,2,1,2,1,1,0,0,0,1,1,2,1,2,0,0,1,1,1,1,0,1,2,0,2,2,0,1,1,2,1,1,1,0,2,1,1,2,1,0,1,1,0,2,0,1,1,0,2,2,1,0,0,1,0,1,2,1,2,1,1,2,1,2,1
chr1:1973548,rs41,C/G,1,0,1,1,0,0,0,0,1,0,0,0,0,1,0,1,0,0,0,0,1,0,1,0,0,0,0,0,0,1,0,0,0,0,1,0,0,0,0,0,0,0,0,1,0,1,0,1,0,0,0,0,0,0,0,0,0,1,0,0,0,0,0,1,0,0,0,0,1,1,0,0,0,0,0,0,0,0,0,1,0,1,0,0,1,1,0,0,1,0,0,1,0,0,0,0,0,0,0,0,0,0,1,0,2,0,1,0,0,1,1,0,0,0,1,0,0,0,0,1,0,0,0,0,0,0,1,0,0,1,0,1,1,0,0,0,0,1,0,0,0,0,0,1,0,0,0,1,0,1,0,1,0,0,0,0,0,0,0,0,1,0,1,0,0,0,0,1,0,1,1,0,1,0,1,0,0,1,0,0,0,0,0,1,0,0,0,0,1,1,1,0,0,1,1,0,0,1,0,0
chr1:7216204,rs42,G/C,0,1,1,0,0,0,1,1,2,0,1,2,0,1,1,0,2,1,0,0,0,0,1,1,0,2,0,0,0,1,1,0,0,1,2,0,1,1,1,1,2,1,1,1,2,1,0,0,1,0,1,1,1,2,0,2,1,0,1,0,1,1,0,1,1,0,0,1,1,2,2,1,1,1,1,0,0,1,0,1,1,1,1,1,1,0,0,1,1,0,0,2,1,2,1,2,0,1,0,1,1,0,2,2,0,1,0,1,1,0,2,0,1,1,0,0,1,1,0,1,0,0,1,0,1,1,2,1,2,1,1,2,1,0,1,2,1,1,1,2,0,1,0,1,1,0,0,1,0,0,1,0,1,2,0,1,1,1,2,2,1,0,0,1,0,1,1,0,1,0,1,1,1,1,0,1,1,2,1,1,1,2,0,1,1,1,0,1,0,1,1,2,1,0,0,2,0,1,0,1
chr3:5574293,rs43,G/T,0,0,1,1,1,1,1,0,2,0,0,1,0,0,0,1,0,1,1,1,0,2,0,0,0,1,0,0,0,0,1,1,1,0,0,2,0,1,0,2,0,0,1,1,0,1,1,0,0,0,0,1,0,0,0,1,0,0,0,2,0,1,0,0,1,0,2,2,1,1,0,0,2,1,1,0,0,2,0,0,0,1,0,1,0,1,1,0,1,0,0,1,0,0,0,0,1,0,2,2,0,0,1,0,0,0,1,1,0,0,2,1,1,1,0,1,0,0,1,0,2,0,2,2,0,1,0,2,0,1,0,0,0,0,1,1,1,0,0,0,1,2,0,0,0,1,1,1,0,1,1,0,1,0,0,1,0,1,1,0,1,1,0,0,0,0,0,0,0,2,0,1,1,1,0,2,1,1,0,0,1,0,0,0,1,2,0,1,1,0,2,1,1,0,1,0,0,0,1,1
chr2:3539448,rs44,A/C,0,1,0,1,0,0,2,0,0,0,1,1,0,0,1,0,1,0,0,1,0,1,0,0,2,0,1,0,1,1,0,1,1,0,1,1,0,0,0,0,1,0,2,0,0,1,1,1,0,0,0,2,0,1,1,0,1,1,1,0,0,0,0,1,1,0,1,1,0,0,1,1,1,0,0,0,1,1,0,1,1,1,2,0,1,0,0,1,1,0,1,1,1,0,1,0,0,0,0,2,1,2,0,1,1,1,1,1,1,1,0,1,0,0,1,0,1,0,0,0,0,1,0,0,0,0,1,0,1,1,1,1,0,0,1,1,1,1,0,0,1,1,0,1,0,0,1,1,0,0,0,1,0,1,2,1,0,1,0,0,0,0,1,0,0,2,0,1,0,0,1,0,1,0,0,0,0,0,1,0,0,0,1,1,1,1,0,0,1,1,0,0,2,1,0,1,0,0,0,0
chr4:9306461,rs45,T/G,1,0,0,0,0,1,0,1,2,0,0,1,2,0,0,0,0,0,1,0,0,0,0,0,1,0,0,0,0,0,0,0,0,0,0,1,0,0,0,0,0,0,0,0,1,0,0,0,1,1,0,0,0,0,0,0,0,1,2,0,0,1,0,0,0,0,0,0,0,0,0,0,1,0,0,0,0,0,0,0,0,0,0,0,0,0,0,0,0,0,0,0,0,0,1,1,0,0,0,0,0,0,1,0,0,0,0,1,1,1,0,0,0,0,0,0,0,0,0,0,0,0,0,0,0,1,0,0,0,1,0,0,0,0,0,0,1,1,0,0,0,1,0,2,0,0,1,0,0,0,0,0,0,0,2,2,0,0,0,0,0,1,1,0,0,0,0,0,0,0,0,1,0,0,0,1,0,0,1,0,0,0,1,0,1,0,0,0,0,0,0,0,0,1,0,1,0,1,1,0
chr4:5270070,rs46,G/A,1,2,2,1,1,0,1,1,2,1,2,0,2,2,2,0,0,0,1,1,2,1,1,1,2,2,2,1,1,2,1,0,0,0,1,0,0,1,1,1,1,0,0,1,1,1,0,2,1,0,0,2,1,1,1,1,2,1,1,0,2,1,0,2,2,2,2,2,0,2,2,0,0,2,1,2,0,0,1,0,1,1,0,0,1,0,2,1,0,1,0,0,0,2,2,2,1,1,1,1,2,0,0,1,2,2,1,2,1,2,2,2,1,0,1,1,2,0,0,1,0,1,1,1,0,2,1,2,1,1,0,0,1,0,1,1,1,0,2,2,0,0,2,0,2,0,2,1,2,1,1,0,0,2,1,2,1,2,1,2,2,1,2,2,0,1,0,2,0,0,1,1,2,2,1,0,1,1,1,1,1,1,1,1,2,1,0,2,1,0,1,1,2,1,1,0,1,2,2,0
chr3:3484413,rs47,A/T,0,1,1,1,0,1,0,0,0,1,1,0,1,1,0,0,2,1,0,0,0,0,2,0,1,0,0,0,1,0,1,0,0,0,0,1,0,0,0,0,0,0,1,0,0,0,1,1,1,0,0,2,1,0,1,1,0,0,0,0,1,0,1,2,0,0,1,1,1,0,0,0,2,0,1,0,2,1,0,0,0,0,0,0,0,1,0,0,1,0,2,1,0,0,1,0,0,0,0,0,0,0,1,0,0,0,0,0,0,0,1,0,0,0,0,1,1,0,0,0,1,0,2,1,1,0,0,0,0,0,1,0,0,0,1,1,0,0,0,0,0,1,0,0,0,1,0,0,1,0,1,0,1,0,0,1,0,0,0,0,0,2,2,1,0,0,1,0,0,0,0,0,0,1,0,0,0,0,0,0,2,0,0,0,2,1,1,0,2,0,0,1,1,0,0,0,0,0,2,1
chr1:6697469,rs48,A/T,1,1,1,1,0,1,1,1,2,1,1,0,1,1,0,1,1,0,2,0,2,1,0,1,1,1,1,1,1,2,0,1,0,1,1,0,0,0,1,1,2,1,0,2,1,1,0,1,2,1,0,1,2,0,1,2,0,1,1,1,1,0,1,0,1,0,0,2,1,2,0,1,0,1,1,0,2,0,1,2,2,2,0,0,0,1,1,0,1,0,0,1,1,1,0,1,0,0,1,2,0,0,1,0,1,1,0,1,1,0,1,0,1,0,1,1,0,2,0,1,1,0,2,1,0,1,1,2,0,1,1,1,1,0,1,1,2,0,1,2,1,2,1,1,1,0,1,0,1,1,1,0,2,0,0,0,2,2,1,2,0,2,0,0,0,1,1,1,2,1,0,1,1,2,1,1,0,1,2,0,2,1,0,2,1,0,0,0,2,1,2,0,0,0,1,2,1,0,2,1
chr1:1402690,rs49,C/T,1,0,0,0,0,0,0,0,0,2,0,0,0,0,0,0,0,0,0,0,0,0,0,0,0,0,0,1,1,0,0,0,0,0,0,0,0,1,0,0,0,0,2,0,0,0,1,1,0,0,0,0,1,0,1,0,1,0,2,0,0,0,0,0,1,0,0,0,1,0,0,0,0,0,0,0,0,0,0,0,0,0,0,0,0,0,0,0,0,1,0,0,0,0,0,0,1,0,0,0,0,0,0,0,0,1,0,0,0,0,1,0,0,0,0,0,0,1,1,0,0,0,0,0,0,0,0,1,1,0,1,0,0,0,0,1,0,1,0,0,0,0,0,0,0,0,0,0,0,0,0,1,0,0,1,1,1,0,0,0,0,1,0,0,0,0,0,0,1,1,0,0,0,0,1,0,0,0,0,0,0,0,0,0,1,0,0,0,0,0,2,0,0,0,0,0,1,0,0,0
chr4:2954109,rs50,A/T,0,0,1,0,1,1,0,1,1,1,0,0,1,1,0,0,0,0,1,0,0,1,0,1,1,0,1,1,0,0,1,2,1,0,1,0,1,1,0,1,1,1,0,1,2,0,0,0,1,1,0,1,0,1,0,0,0,0,1,1,0,0,0,1,1,0,1,0,1,1,1,2,1,1,1,0,0,0,1,0,0,0,0,1,2,1,1,1,0,0,1,0,0,1,0,0,0,0,0,0,1,1,0,1,0,0,0,1,0,1,1,1,1,2,0,0,1,1,0,0,0,0,0,2,1,0,1,1,0,0,1,1,0,2,0,0,0,0,1,2,0,2,1,0,1,0,1,0,1,0,1,1,0,0,0,1,0,1,0,0,0,0,1,2,0,0,0,1,0,1,2,0,1,0,0,0,0,0,0,0,0,1,1,0,0,0,1,1,0,0,0,0,2,1,0,1,0,0,1,1
chr3:8205547,rs51,G/C,0,1,1,0,0,0,2,0,0,0,1,0,0,0,1,1,1,0,0,2,0,1,1,0,0,1,1,0,0,0,0,0,0,2,1,1,0,0,2,0,0,0,1,1,0,1,0,0,1,1,1,0,1,1,1,0,2,2,0,1,0,0,1,0,0,1,0,0,1,0,0,0,0,1,1,0,1,0,0,1,1,0,0,0,0,0,1,0,1,0,0,0,0,1,0,0,1,1,0,0,1,2,1,0,2,0,0,1,0,0,0,0,1,1,0,0,1,1,0,2,1,0,0,0,1,0,0,0,1,0,1,1,0,0,0,1,0,0,0,0,1,1,1,0,0,2,0,2,0,0,1,2,2,0,0,0,1,1,0,2,1,1,0,0,2,0,1,2,1,0,0,0,0,0,0,0,0,0,0,0,1,0,0,1,1,0,1,2,1,0,1,0,0,2,0,1,0,2,0,0
chr3:1061087,rs52,G/A,0,0,1,0,1,0,0,2,0,1,1,1,2,1,0,1,0,1,2,1,1,1,1,2,0,0,1,1,0,0,0,2,1,0,0,0,0,0,2,2,0,0,0,1,0,0,0,1,1,1,0,2,2,0,0,1,0,0,1,1,0,1,2,0,1,0,0,1,0,0,0,1,1,0,1,0,1,0,1,2,2,0,1,0,2,0,0,0,0,1,2,1,1,1,0,0,0,0,0,0,0,0,2,0,1,1,1,0,0,0,0,0,1,1,1,0,0,1,0,1,1,0,0,1,0,0,0,0,1,1,0,2,2,2,1,0,0,1,1,1,2,1,0,0,0,1,1,1,1,2,1,1,0,1,1,0,0,2,0,1,0,1,1,0,0,2,1,2,0,0,0,1,0,0,0,0,1,0,1,2,0,1,2,2,0,0,0,1,1,1,0,0,1,1,1,0,0,0,0,0
chr4:2496176,rs53,T/A,0,0,0,1,0,0,0,0,1,0,0,1,1,0,0,0,0,0,0,0,0,0,1,1,0,0,0,0,1,1,0,0,0,0,0,0,0,0,0,1,0,0,0,0,0,0,1,0,0,0,1,1,0,0,0,0,0,0,0,0,0,1,0,0,0,0,0,0,0,0,0,0,1,0,0,0,1,0,1,1,0,0,0,1,0,0,0,0,0,0,0,0,0,1,0,1,0,0,0,0,2,1,0,0,0,0,0,0,0,0,1,1,0,1,0,0,0,0,0,1,1,0,1,0,0,0,0,0,0,0,0,0,0,0,0,0,1,0,0,0,0,0,0,2,0,0,0,0,0,0,1,0,1,0,0,0,0,1,0,0,1,1,1,1,0,1,0,1,1,0,1,0,0,0,1,0,0,0,1,0,1,1,0,0,1,1,1,0,1,0,0,1,0,1,0,1,0,0,1,0
chr2:7484531,rs54,G/T,2,0,1,0,0,1,0,0,0,1,0,0,0,0,0,0,0,0,0,0,0,1,0,0,0,0,1,2,0,0,0,0,1,0,0,0,0,0,1,0,0,0,0,0,0,0,0,1,0,1,0,0,0,1,1,0,0,0,0,1,0,0,0,0,0,1,0,1,1,0,0,0,1,0,0,0,0,0,0,1,1,0,0,1,0,1,0,0,0,0,1,0,0,0,1,0,1,0,0,1,0,0,0,0,0,0,0,0,0,0,1,1,0,0,1,0,0,1,0,0,1,0,0,0,0,1,0,0,1,0,0,0,0,0,1,1,0,0,0,0,0,1,0,0,0,0,0,0,0,0,0,0,0,1,0,0,0,1,0,0,0,0,0,0,1,0,0,0,0,0,1,2,0,0,0,0,0,1,1,0,0,0,0,0,0,0,0,0,0,0,0,0,0,0,0,0,0,1,0,0
chr3:5959617,rs55,C/A,0,1,0,0,1,0,1,0,0,1,1,0,0,0,0,2,0,0,1,0,0,1,1,1,0,1,0,0,2,0,1,0,0,1,0,0,0,1,0,0,0,1,1,1,0,0,0,0,0,2,1,0,0,1,0,0,0,0,1,0,0,0,1,0,0,1,1,2,1,0,0,0,0,1,1,1,0,1,1,0,1,0,0,0,0,0,0,2,1,1,0,0,0,0,0,0,0,0,1,0,0,0,0,0,2,1,0,0,0,1,0,0,1,1,1,1,1,0,0,1,1,2,0,0,0,0,0,1,0,1,1,0,0,0,1,1,1,1,0,1,1,1,0,1,0,1,0,0,0,0,0,1,0,0,0,0,0,0,0,0,0,0,0,2,0,0,0,0,0,0,0,0,0,1,2,0,0,1,1,0,1,0,0,0,0,0,0,1,0,0,0,0,0,2,0,0,1,0,1,0
chr1:8072695,rs56,A/G,0,0,0,1,1,1,1,0,1,0,1,0,1,1,0,0,0,0,1,2,0,0,1,0,0,1,1,0,0,1,1,1,0,2,1,1,1,0,2,0,0,1,1,1,0,0,1,0,1,0,1,0,1,1,0,1,1,1,1,0,0,0,0,0,1,0,0,0,1,1,0,1,0,2,1,0,1,1,0,1,0,0,0,0,0,1,0,0,0,1,2,1,2,1,2,1,0,0,1,0,0,1,2,0,1,1,2,2,1,0,0,1,1,1,1,0,1,0,0,0,0,1,0,0,2,0,0,0,0,0,0,1,0,0,1,0,1,0,0,1,0,0,1,0,1,1,0,1,0,2,1,1,0,1,0,0,2,0,2,0,1,0,0,0,1,0,1,0,0,0,0,1,1,0,1,1,0,0,0,0,0,0,1,0,0,0,0,0,1,0,1,0,1,1,0,1,0,1,0,2
chr1:1225281,rs57,T/C,2,1,1,1,2,2,0,1,0,1,0,0,2,0,1,1,0,0,1,0,1,2,0,0,1,1,0,0,1,2,1,1,2,1,1,1,2,1,2,1,1,0,0,1,0,1,0,1,0,1,1,0,1,0,0,1,0,2,0,1,1,1,1,1,1,1,0,1,0,0,1,1,1,1,0,0,0,1,1,0,1,1,1,1,1,1,0,0,0,1,2,1,0,1,1,2,1,2,0,0,0,1,0,1,1,0,2,0,1,1,0,1,1,2,2,0,1,0,0,0,0,2,0,1,1,1,2,0,1,1,0,1,1,0,0,0,1,1,1,1,2,1,1,1,1,1,2,2,0,0,2,0,2,1,0,0,0,0,1,1,2,1,1,1,1,1,0,0,0,0,1,0,2,2,2,2,0,1,0,1,2,2,1,1,0,0,1,1,2,0,2,1,1,1,2,0,2,0,0,1
chr3:6595108,rs58,G/A,1,2,1,0,2,0,2,0,1,1,0,1,0,0,0,1,1,1,2,1,1,1,1,1,0,2,1,0,1,0,0,0,1,1,1,0,1,1,0,1,0,0,1,1,0,0,0,0,0,1,1,1,1,1,0,0,2,0,0,0,1,1,2,2,1,1,0,0,0,0,0,0,0,2,1,2,1,1,1,0,0,2,2,0,0,1,0,1,0,1,0,1,0,1,2,1,2,2,2,1,1,2,0,1,2,1,2,1,2,1,1,1,2,2,2,1,0,0,2,1,0,0,2,2,2,1,1,0,0,2,0,1,1,1,2,0,1,0,0,1,0,1,1,0,0,1,1,1,1,1,1,0,1,1,1,1,2,0,2,1,1,0,1,1,1,0,1,0,2,2,0,2,2,1,1,1,1,1,0,1,0,2,1,1,2,1,1,2,2,0,1,2,1,1,0,0,1,1,2,1
chr1:6500306,rs59,T/C,0,2,0,0,1,0,0,1,2,0,1,0,0,1,2,0,0,0,0,0,0,0,0,0,1,0,0,1,1,0,0,1,0,1,0,0,0,1,1,0,0,0,0,1,0,1,0,1,1,0,0,0,0,0,0,1,0,1,1,1,0,0,0,0,0,1,0,0,2,0,0,1,0,0,0,1,0,0,0,0,0,0,0,0,0,0,1,0,0,1,1,0,0,0,0,1,0,1,0,0,1,0,0,2,1,1,0,0,1,0,1,0,0,2,0,0,0,0,0,0,0,1,0,2,0,0,0,1,2,1,0,0,1,1,2,0,2,0,0,0,0,1,1,1,0,0,1,0,1,1,1,0,1,0,0,1,0,1,0,0,1,0,0,0,0,1,0,1,1,0,1,0,0,0,0,1,0,0,1,1,0,1,0,1,0,1,0,0,0,0,1,0,1,1,1,0,2,1,1,0
chr1:6031595,rs60,T/C,0,1,0,1,1,0,1,1,0,1,0,0,0,1,0,1,1,0,1,0,1,0,0,1,2,0,1,0,1,1,0,0,0,0,0,1,2,0,1,1,2,1,1,1,0,0,0,0,1,0,1,0,2,1,0,0,1,0,0,0,2,1,1,1,2,2,2,0,0,1,1,0,0,1,1,0,1,1,1,0,0,0,0,1,0,2,0,0,1,1,0,1,1,1,1,0,1,1,0,0,2,0,0,2,0,0,1,1,1,1,1,1,0,0,1,1,1,2,1,1,0,1,1,1,0,2,0,0,1,1,0,1,0,0,0,1,2,1,2,0,0,1,0,1,1,2,0,1,1,0,1,0,0,0,0,1,0,0,0,0,0,0,1,1,1,1,0,1,1,0,1,0,0,1,0,0,0,0,0,1,1,1,0,2,1,0,1,1,1,0,0,1,1,1,1,1,0,1,0,1
chr4:2119043,rs61,C/G,0,1,1,0,1,0,1,1,1,1,1,0,2,1,0,1,0,1,1,1,2,1,0,2,2,1,1,0,1,0,0,1,0,0,1,0,0,0,0,1,1,1,1,0,0,0,1,1,1,1,0,1,0,1,1,1,2,2,1,1,0,2,1,0,1,0,1,1,0,0,2,1,1,0,1,1,0,0,0,0,2,0,1,1,0,1,0,1,0,1,1,2,1,1,1,1,1,2,0,1,1,1,0,1,1,2,1,0,0,0,1,1,0,1,1,0,0,2,1,1,1,1,1,1,2,2,1,0,1,1,1,0,0,1,0,1,1,1,0,0,0,0,1,1,0,0,0,2,1,2,2,1,1,0,1,0,1,0,1,0,2,0,1,1,0,1,2,0,2,1,1,1,1,2,1,1,0,0,1,1,1,0,1,0,1,2,1,0,2,1,1,0,1,0,1,0,0,0,0,0
chr4:8103230,rs62,T/A,0,1,0,2,2,0,1,0,2,1,0,0,0,1,1,1,0,0,0,0,1,0,1,0,0,1,1,1,1,1,0,1,1,0,1,0,0,1,2,2,0,1,1,0,1,1,2,0,0,1,1,2,0,1,1,0,1,1,0,0,1,1,1,0,0,2,2,0,1,0,0,0,0,1,1,2,1,1,1,2,1,1,2,0,1,1,2,0,1,1,0,1,0,0,1,1,1,1,0,0,0,0,1,1,0,0,1,0,2,1,0,0,1,0,0,0,1,1,0,1,1,1,0,1,2,0,0,0,0,0,1,2,0,1,1,1,1,0,1,1,1,1,0,0,2,1,1,0,1,1,2,0,0,1,2,2,2,2,0,0,0,0,1,2,0,1,2,1,0,1,0,1,1,0,2,1,1,2,0,0,1,0,1,0,0,1,0,1,1,2,1,0,1,1,1,1,1,1,1,0
chr4:4080389,rs63,T/G,0,0,0,0,0,0,1,0,0,0,0,0,1,1,1,1,0,0,1,1,1,1,2,0,1,1,1,0,1,1,0,0,0,2,0,0,0,0,0,0,1,1,0,2,1,0,0,0,1,0,0,1,0,1,1,0,1,0,0,0,0,2,0,0,1,0,1,0,1,0,0,0,0,1,0,0,0,1,1,0,0,0,0,0,0,0,1,0,1,0,1,0,0,1,0,0,0,1,0,1,0,0,0,0,0,0,0,0,0,1,1,1,0,1,0,0,1,1,0,0,0,0,1,0,1,0,1,1,0,0,1,0,1,0,0,1,0,1,0,1,0,0,0,1,0,1,0,1,1,0,0,0,0,0,1,0,1,1,0,0,0,1,0,0,2,0,1,0,0,1,0,1,0,1,0,0,0,0,0,0,0,0,0,0,0,2,0,0,0,1,0,0,0,0,1,0,0,1,0,1
chr3:2915631,rs64,G/A,1,1,0,1,1,0,1,0,1,1,2,0,1,0,1,1,1,1,1,0,0,1,1,0,1,0,0,1,0,0,0,1,2,1,0,2,1,1,1,0,1,0,0,1,2,1,1,0,0,0,1,1,0,2,0,1,1,0,1,1,1,1,0,1,2,0,0,2,0,1,1,1,0,0,0,1,1,1,1,0,0,1,1,0,0,0,0,1,2,2,2,2,1,0,1,0,0,0,1,0,0,1,1,1,2,0,0,1,1,1,1,1,2,0,0,1,0,0,0,0,0,0,1,1,1,1,0,0,0,1,1,0,0,2,1,1,0,0,1,1,1,1,1,1,0,0,1,0,1,1,2,1,1,1,1,1,1,0,1,2,2,0,1,1,2,1,0,0,1,0,1,1,1,1,2,0,0,2,1,1,0,0,0,0,1,0,1,0,0,2,0,0,0,0,1,0,1,1,1,0
chr1:3008187,rs65,C/T,0,1,1,0,1,2,1,0,1,2,0,1,0,0,1,1,1,2,0,0,2,0,1,1,0,0,1,1,1,1,1,0,0,0,0,0,1,0,0,1,1,0,2,0,1,0,2,0,1,0,1,0,0,1,0,2,0,1,1,0,0,1,1,2,0,1,0,0,1,0,1,0,1,2,1,1,1,1,0,0,0,1,1,0,0,2,1,1,0,0,0,0,0,1,0,0,0,1,1,1,0,0,0,0,2,2,1,2,1,0,2,0,1,0,0,1,1,0,0,0,2,1,1,0,1,0,0,0,2,0,0,1,0,1,1,1,0,0,1,2,0,0,0,1,1,0,1,1,2,0,0,0,1,1,1,0,0,0,1,0,0,1,0,1,0,1,1,2,1,2,2,1,2,0,0,0,1,1,1,0,1,0,1,0,2,0,0,1,1,0,1,0,2,1,0,1,0,1,2,1
chr4:8355740,rs66,C/G,0,0,1,0,0,1,0,0,0,0,0,0,0,0,1,0,1,0,0,1,0,0,1,1,0,0,1,1,0,0,0,0,0,0,0,0,1,0,0,0,1,1,1,0,1,0,0,0,1,1,1,1,0,0,0,1,0,1,0,0,0,0,1,0,0,0,0,0,0,1,0,0,1,0,0,0,0,1,0,1,2,0,0,0,0,1,1,0,0,0,0,1,0,0,1,0,0,0,0,1,1,0,1,0,1,1,0,1,0,0,1,1,1,1,0,0,2,0,1,0,1,0,2,0,1,0,0,1,1,1,0,0,0,0,2,0,0,0,0,0,0,0,0,2,0,0,2,1,2,2,0,1,0,0,1,0,1,1,0,1,0,0,1,0,1,0,0,1,1,0,0,1,0,1,0,1,1,0,0,1,1,0,1,1,1,1,0,2,0,0,0,0,0,0,0,1,0,0,0,0
chr4:5135314,rs67,T/G,0,2,1,1,0,0,0,1,0,0,0,0,2,1,1,0,1,1,1,0,0,1,0,1,2,0,0,0,1,1,0,0,0,1,0,0,1,0,0,0,0,0,2,1,1,1,0,0,0,1,1,0,0,0,0,1,0,1,0,1,1,1,0,0,0,0,1,1,0,0,0,1,2,0,0,1,1,0,1,2,0,0,0,0,0,0,0,0,0,0,0,0,0,0,1,0,2,0,1,0,1,1,1,2,0,0,0,0,0,1,1,0,0,0,1,0,1,1,1,0,0,1,0,2,0,1,0,1,1,1,1,0,2,2,0,1,0,1,0,2,0,0,0,0,1,0,1,2,1,1,0,0,0,0,1,0,1,0,1,0,0,1,0,1,0,0,1,0,1,0,0,0,0,0,0,0,1,1,0,0,0,0,0,0,2,1,0,0,1,0,1,1,0,0,1,1,0,1,0,0
chr3:5336787,rs68,G/C,2,1,1,0,0,1,0,1,0,1,1,1,0,1,2,1,0,0,0,0,1,1,0,0,0,2,1,1,1,1,1,0,1,1,0,0,1,1,1,2,0,0,0,1,1,1,0,1,2,2,2,1,2,0,0,0,1,2,0,1,1,2,1,2,0,0,1,1,0,1,1,1,0,1,0,0,1,0,0,1,0,2,1,2,0,1,0,1,0,0,2,1,0,1,1,0,1,0,1,1,1,1,0,0,0,1,1,2,0,1,1,1,2,0,0,1,0,0,0,0,1,0,1,1,1,2,0,2,1,1,1,1,2,2,0,0,1,2,0,1,1,1,1,1,2,1,1,0,1,0,0,1,1,1,0,1,1,1,0,1,1,0,0,1,1,1,1,1,1,0,0,1,0,2,1,2,2,1,2,0,0,1,0,2,1,1,0,1,0,1,0,1,0,0,1,0,1,0,0,1
chr4:1071295,rs69,C/T,0,1,0,0,0,0,0,0,1,0,0,0,1,2,0,2,0,0,0,0,0,0,0,0,0,0,1,0,1,0,0,0,0,0,0,0,0,1,0,1,0,1,0,0,1,1,0,0,1,1,0,0,1,0,1,0,2,1,1,0,0,0,1,1,0,0,1,0,0,1,0,1,0,2,0,0,0,0,0,0,2,1,0,1,0,1,1,0,1,1,0,1,1,0,0,2,0,0,0,1,1,0,2,1,1,0,0,1,0,1,1,0,1,0,0,0,0,0,1,1,0,1,0,0,1,1,1,0,1,1,2,0,0,0,2,0,0,0,0,0,0,0,0,0,0,0,1,0,1,0,1,0,0,0,1,0,0,0,0,0,0,0,0,1,0,0,1,1,0,1,0,0,2,1,0,0,0,0,0,0,1,1,0,0,0,0,0,1,0,1,1,0,0,1,1,1,0,0,0,2
chr4:4445376,rs70,C/A,1,1,1,0,0,1,2,1,0,2,0,0,0,1,1,1,1,0,1,0,1,1,1,1,1,0,2,0,0,1,1,0,2,2,1,1,1,0,1,2,2,2,0,0,0,1,0,1,1,1,1,1,0,0,1,1,1,0,0,1,2,2,1,1,1,1,1,2,1,2,0,1,2,0,1,0,1,1,0,1,1,1,1,2,1,1,0,2,0,1,1,0,1,0,1,1,2,2,1,1,1,1,1,2,1,0,1,1,0,1,1,1,1,1,2,2,1,0,2,1,0,0,0,0,0,2,1,1,1,1,2,2,1,2,1,0,1,1,2,1,1,0,0,0,1,1,0,1,0,0,1,0,1,0,0,1,1,0,1,1,1,0,1,1,0,2,2,2,1,1,1,1,1,1,0,1,2,0,1,2,1,2,1,0,1,0,1,0,0,1,1,1,1,0,0,1,1,2,0,2
chr1:9763313,rs71,C/G,1,0,0,0,0,1,1,1,1,1,0,2,1,0,0,1,1,0,1,1,1,0,0,2,1,0,0,0,0,1,2,0,0,1,0,2,1,2,0,0,1,0,0,2,1,1,0,1,1,0,2,0,0,0,1,1,0,0,0,0,0,0,0,1,1,1,0,0,1,0,0,1,2,0,0,2,0,1,2,2,0,0,0,1,2,1,1,1,1,1,1,1,0,1,0,0,1,1,2,0,1,0,1,0,1,1,0,2,1,0,0,0,0,1,2,0,0,1,0,0,0,1,1,1,0,1,1,1,0,1,1,0,0,2,1,2,1,1,0,0,2,0,0,1,1,0,0,0,0,1,0,1,1,1,0,1,0,0,1,1,1,0,0,2,1,1,1,0,1,0,1,1,2,1,0,1,0,0,0,1,0,0,2,1,0,0,1,1,0,1,1,1,2,1,1,0,1,1,0,1
chr2:3026793,rs72,C/G,0,0,1,1,0,0,0,1,0,1,1,0,0,1,0,1,2,0,1,1,1,0,0,0,1,1,0,0,0,1,1,1,1,1,1,0,0,1,1,0,0,0,0,0,0,0,0,1,0,0,0,0,0,1,1,0,0,0,2,1,0,1,1,1,1,1,0,0,1,1,1,0,0,0,0,0,2,0,1,0,1,0,1,0,0,0,0,1,1,2,1,2,1,0,0,0,0,0,0,1,0,0,1,1,2,0,0,0,0,0,0,2,0,0,0,1,0,0,0,0,0,0,0,1,0,1,0,0,0,0,0,0,1,1,1,0,0,0,1,0,0,1,0,0,0,0,1,0,2,0,0,1,0,0,0,0,1,1,1,1,0,0,1,1,0,0,0,0,0,0,0,1,1,2,0,0,0,0,0,1,0,2,1,1,1,0,1,0,1,0,0,0,0,0,0,1,0,0,0,0
chr4:4504473,rs73,G/A,1,0,0,0,0,0,1,0,1,1,0,1,1,0,1,0,1,1,1,1,1,1,1,0,1,0,0,1,0,0,1,0,0,1,1,1,1,1,1,1,1,1,0,0,0,1,0,1,1,1,0,1,0,1,1,0,1,0,2,0,0,0,0,1,1,1,0,0,1,0,1,1,0,1,1,1,0,0,0,0,0,1,1,1,0,2,0,1,2,1,2,1,0,0,0,0,1,0,1,0,0,2,0,1,1,0,1,0,1,1,0,1,0,1,1,1,1,0,2,0,1,0,2,1,1,0,1,1,1,0,1,0,0,0,0,0,0,0,2,1,0,1,1,2,0,0,2,0,0,0,0,2,0,2,2,1,0,0,1,0,1,0,2,1,1,1,0,0,0,0,1,0,0,2,0,1,0,0,1,2,0,0,0,0,0,1,0,0,1,0,0,2,0,1,0,0,0,0,0,0
chr4:1686976,rs74,G/T,1,0,1,2,1,0,2,1,1,1,2,2,2,0,2,0,0,1,1,1,1,2,0,0,2,0,1,1,1,1,0,2,0,1,0,1,1,2,1,1,2,1,1,1,1,2,0,1,1,2,2,1,1,1,1,2,2,2,0,2,2,1,1,1,1,2,1,1,2,1,2,1,1,0,1,1,2,0,1,0,1,2,1,1,1,0,1,1,1,2,1,1,2,2,1,0,1,1,0,0,0,1,1,1,0,1,1,0,1,1,1,1,0,2,0,0,1,1,0,0,2,1,1,1,0,1,0,1,0,1,1,1,0,1,1,1,1,1,1,1,2,0,0,1,2,2,1,1,1,1,1,2,1,1,1,1,1,1,0,0,1,2,0,1,1,0,2,2,0,1,1,2,1,0,1,2,0,1,0,2,0,2,1,1,2,2,1,0,1,1,1,1,0,1,1,0,1,1,1,0
chr4:9506404,rs75,G/C,0,1,1,1,0,1,2,0,1,1,1,0,0,2,0,0,1,0,1,1,1,1,0,0,1,0,2,1,0,2,0,0,1,1,1,0,0,0,0,0,1,2,0,0,1,1,2,0,0,1,1,1,1,0,1,1,1,1,1,0,0,0,0,1,1,0,0,2,0,0,0,1,0,1,0,0,0,1,1,0,0,1,1,0,1,0,0,0,1,0,1,1,1,0,0,2,1,1,0,0,1,0,1,1,0,0,0,0,1,0,0,2,1,0,1,2,0,1,1,0,1,2,2,0,0,2,1,0,1,0,0,2,0,0,0,1,0,1,1,1,0,1,0,1,1,0,1,0,0,0,1,0,0,0,1,1,0,0,1,1,1,1,0,2,0,2,0,1,0,0,1,1,2,1,1,0,2,1,1,0,1,2,0,0,0,1,0,0,0,1,0,0,2,2,0,1,1,0,0,1
chr3:7561000,rs76,C/G,0,1,0,1,0,0,0,0,1,1,0,1,2,1,0,1,0,1,0,0,0,0,1,0,0,2,0,0,1,0,0,0,1,1,0,0,0,1,0,1,0,2,1,1,0,1,0,0,0,1,1,0,1,0,1,1,1,0,2,1,1,0,1,1,0,0,0,1,0,0,1,0,0,0,1,1,0,2,0,2,0,0,0,0,1,1,1,0,0,0,0,1,0,1,1,0,1,0,0,1,0,0,1,0,1,0,0,1,1,0,0,1,0,1,1,1,1,1,1,1,1,0,0,1,1,0,0,2,1,0,1,2,1,1,0,1,0,1,0,0,0,0,1,2,1,1,0,1,1,1,0,1,1,0,1,2,0,1,1,1,1,1,0,0,1,1,1,0,0,2,0,1,1,1,0,1,1,0,0,0,0,1,1,2,1,1,0,1,1,1,1,2,1,1,0,1,1,0,0,1
chr4:4674515,rs77,G/T,0,1,1,1,0,0,0,0,0,2,0,0,0,0,0,0,2,0,0,0,0,0,0,0,1,0,0,0,0,0,0,0,0,0,0,0,1,1,1,1,2,1,1,0,0,1,2,0,1,0,0,0,0,0,1,1,1,0,1,0,0,1,0,0,0,1,0,1,1,1,1,0,0,0,0,1,0,0,1,1,1,1,1,1,0,2,0,0,0,1,1,0,0,1,1,0,0,1,0,1,0,0,0,0,0,0,1,0,1,0,1,0,0,0,0,1,1,1,0,1,1,2,1,0,0,0,1,0,1,0,0,0,0,1,0,1,0,0,1,0,1,1,1,0,0,1,1,1,0,0,0,1,0,0,1,0,0,0,0,1,0,0,0,0,1,0,0,0,0,0,0,1,0,1,0,0,0,1,0,0,0,0,1,0,1,1,0,0,1,0,0,1,1,1,1,0,0,0,1,2
chr4:5515488,rs78,G/C,0,0,1,0,0,2,1,0,1,0,0,0,1,1,0,1,0,1,1,0,0,1,0,1,0,1,0,0,0,1,0,0,1,1,0,2,1,0,0,1,1,0,0,0,0,0,0,1,1,0,0,0,0,2,1,0,0,0,0,0,1,1,0,1,1,1,1,0,0,1,1,1,0,0,0,0,0,0,0,0,0,0,0,0,1,0,0,1,1,1,1,1,0,2,1,0,1,1,0,0,2,0,0,1,0,0,1,1,0,1,0,0,0,0,0,0,1,0,1,0,2,0,0,0,1,1,0,0,0,2,1,2,1,1,0,1,1,2,0,0,0,1,0,0,0,0,0,0,1,1,0,1,1,0,0,0,0,1,0,0,2,0,1,0,0,0,0,0,0,0,1,0,1,0,0,1,0,0,0,1,0,0,0,1,0,0,0,0,0,1,0,0,1,0,0,0,0,0,0,2
chr1:7324167,rs79,G/T,1,1,1,0,1,1,1,2,0,1,1,1,2,2,0,0,0,1,1,1,1,1,1,1,1,0,1,1,1,2,2,2,1,1,1,0,1,0,1,1,2,1,2,0,0,1,1,0,0,1,1,1,1,0,2,0,1,1,2,1,1,1,1,1,1,2,0,2,2,1,1,1,2,0,1,1,2,1,1,0,1,0,2,1,1,1,1,0,1,0,1,0,1,1,1,0,1,1,1,0,2,1,0,1,1,1,0,0,0,1,1,1,2,0,0,1,0,1,1,0,1,1,1,2,0,2,1,2,0,1,1,1,1,1,2,1,0,1,1,1,1,2,1,0,0,2,1,2,1,1,1,0,1,1,1,2,2,2,2,1,1,2,1,0,1,0,1,1,0,2,1,1,1,2,1,1,2,0,2,1,1,0,1,1,2,2,2,1,2,1,2,0,1,2,2,1,2,0,1,1
chr4:5124499,rs80,T/G,0,0,0,0,0,0,0,0,0,0,0,0,1,0,0,0,0,1,0,0,0,0,0,1,1,0,1,0,1,1,0,0,0,0,0,1,1,1,2,1,0,0,0,0,0,0,1,1,0,1,0,1,0,0,1,0,0,0,0,2,0,1,0,0,0,1,0,0,0,0,1,0,0,0,0,0,0,0,0,0,1,1,0,0,0,1,0,1,1,0,0,1,0,1,1,1,0,0,0,0,1,0,0,1,2,0,0,1,0,1,0,0,0,1,1,1,0,1,0,0,0,1,2,0,0,1,0,1,0,0,0,0,0,0,0,0,1,0,0,1,0,0,0,1,1,0,1,0,0,1,0,1,0,0,1,0,1,1,1,0,0,1,1,0,2,0,1,0,0,0,0,1,0,1,0,0,0,0,0,0,1,0,0,1,0,0,0,0,0,0,1,1,0,2,0,0,0,0,0,0
chr4:5327576,rs81,A/C,1,1,1,2,0,0,1,1,1,0,1,1,1,0,1,1,1,2,1,0,1,2,1,1,0,1,1,2,1,1,1,1,2,1,2,1,0,1,0,0,1,1,1,0,1,1,2,1,1,0,1,1,2,0,1,1,0,1,2,1,2,0,1,1,1,2,0,2,1,0,2,1,2,1,2,1,0,1,0,1,0,0,0,1,1,1,0,1,1,1,2,1,1,0,0,2,2,0,1,1,1,2,0,1,0,1,0,2,1,2,0,0,0,1,1,1,0,0,0,1,1,1,1,0,0,1,1,1,0,0,0,0,0,1,0,0,2,1,2,1,1,0,1,0,0,2,1,2,1,1,1,1,1,2,0,1,1,0,1,1,0,0,1,1,0,0,0,2,2,1,2,1,0,0,2,1,2,2,1,0,0,0,0,1,0,0,1,1,1,1,1,2,0,0,2,1,1,0,2,2
chr4:3904941,rs82,T/C,0,2,1,1,0,1,0,0,1,0,1,1,0,1,2,0,1,0,1,0,0,0,2,1,1,0,1,0,0,1,0,0,1,1,0,0,0,2,1,1,2,1,2,0,0,1,0,1,0,1,0,0,2,2,2,1,1,1,0,0,0,2,0,2,1,1,0,0,2,0,0,0,0,0,1,1,1,0,1,1,0,0,0,1,1,2,0,1,0,0,1,0,1,1,1,0,2,2,2,1,1,1,0,1,1,2,1,0,1,2,0,0,1,0,0,0,1,0,1,1,2,2,1,2,0,1,1,0,1,0,1,0,1,0,0,2,1,2,0,0,1,1,0,1,0,0,0,1,1,1,1,0,2,2,1,0,1,1,2,2,1,0,2,1,1,0,0,1,0,0,1,0,0,0,0,2,0,0,2,2,0,1,1,1,1,2,0,0,0,1,2,1,0,0,0,2,1,1,1,1
chr2:7928040,rs83,G/A,0,1,1,1,2,1,1,2,0,1,1,0,1,1,1,2,0,1,1,0,0,2,1,1,1,0,0,0,2,0,2,2,2,1,2,0,0,0,2,0,1,0,0,0,1,1,2,1,2,1,1,1,1,1,1,1,1,0,1,0,1,1,2,0,0,0,0,1,1,1,2,0,0,0,1,1,1,0,0,2,0,1,0,0,1,0,1,1,1,1,1,0,1,1,0,2,1,1,2,1,1,0,1,2,1,0,1,2,1,1,1,0,0,1,1,1,1,1,0,0,0,1,0,1,0,1,0,1,1,0,2,0,1,2,1,2,0,1,1,0,1,0,1,2,0,0,1,1,1,1,0,1,2,1,1,0,0,0,1,2,1,0,0,0,1,1,0,1,0,0,0,0,0,0,1,1,1,1,0,2,0,0,0,0,2,0,0,0,0,0,0,0,1,0,0,1,2,0,0,2
chr4:8328141,rs84,A/G,0,0,1,2,1,0,0,0,1,1,0,0,0,0,0,0,0,0,1,1,1,1,0,0,2,0,0,0,1,0,0,0,1,0,0,0,1,1,0,0,1,0,1,0,0,1,0,0,0,1,0,0,1,0,0,0,2,0,0,0,1,1,0,0,1,0,1,0,1,0,1,0,0,0,0,0,0,1,0,1,0,0,0,2,1,0,1,0,0,0,0,0,1,0,1,0,0,1,1,1,0,1,1,0,0,0,0,0,2,0,1,1,0,0,0,1,2,0,1,0,1,0,0,0,0,0,1,0,0,0,1,1,1,0,0,1,0,0,0,0,0,0,0,0,1,0,0,0,0,0,0,0,0,1,0,0,1,1,0,1,0,0,0,0,1,0,0,0,0,1,1,0,2,0,0,0,0,0,0,0,0,1,1,0,0,0,0,0,1,0,0,1,1,0,0,1,0,0,0,0
chr3:6853584,rs85,G/A,1,0,0,0,1,1,0,1,1,0,1,1,1,1,1,2,1,1,1,0,1,1,0,1,0,1,0,0,2,2,0,1,0,1,1,0,1,0,0,1,1,1,1,1,1,1,1,1,1,1,1,1,1,1,1,2,1,2,1,2,1,2,0,0,1,2,1,0,1,1,0,1,2,2,0,1,1,1,0,1,1,2,2,0,2,1,1,1,1,1,1,0,1,0,0,1,1,1,0,2,1,0,1,1,0,1,1,1,0,2,1,2,0,1,1,0,1,1,0,1,1,0,2,2,0,1,0,1,2,1,1,1,1,2,1,1,1,0,1,2,1,2,0,1,2,0,0,1,1,0,2,2,1,1,2,1,0,0,0,0,0,1,0,0,1,0,1,0,2,2,1,1,2,0,2,1,1,1,1,1,1,1,0,1,1,0,0,0,1,1,0,2,1,1,0,1,1,2,1,1
chr4:5301754,rs86,C/T,0,0,1,0,0,1,0,1,2,1,0,0,0,0,0,1,1,1,2,1,1,0,1,1,0,2,1,0,2,2,1,1,1,1,0,1,2,0,2,2,0,1,0,1,1,0,1,2,1,0,0,1,2,2,1,1,0,0,1,1,1,2,1,1,0,2,1,2,1,1,1,0,1,2,0,0,1,0,1,1,1,2,1,2,1,2,0,0,0,1,2,1,2,1,1,2,1,1,0,2,1,1,0,1,2,2,0,0,1,0,1,0,1,1,1,1,2,0,1,0,1,0,0,1,1,2,1,2,1,0,1,1,1,1,1,1,0,0,0,0,1,0,1,1,0,2,1,0,2,0,0,1,1,0,0,2,1,0,1,2,0,1,1,1,1,2,0,0,2,1,1,1,1,1,2,1,0,1,1,1,1,0,1,1,1,1,0,1,1,1,1,1,0,1,0,1,0,0,1,1
chr3:2983509,rs87,T/C,1,1,1,1,1,1,1,2,0,2,0,0,0,1,0,2,1,1,1,2,1,1,1,1,1,0,1,0,0,1,2,2,1,1,0,1,0,0,1,0,0,1,0,0,0,0,0,1,0,1,0,1,1,1,1,2,0,1,2,0,0,0,1,0,0,1,1,0,0,1,2,1,1,0,0,1,1,1,1,2,0,0,0,1,0,2,0,0,0,2,1,2,2,1,0,0,0,1,0,0,1,1,1,0,1,1,0,1,2,0,1,1,0,2,0,1,1,1,0,0,0,0,0,1,0,1,1,1,2,0,2,1,1,1,1,0,0,1,2,1,0,1,1,0,0,0,2,1,0,0,1,2,1,1,0,1,0,1,1,1,1,1,0,1,1,0,2,1,1,1,2,1,2,0,0,1,0,1,0,1,1,1,2,1,0,0,0,1,0,0,2,1,0,0,2,2,0,1,1,1
chr2:7105525,rs88,G/C,1,2,0,0,1,1,2,0,2,0,1,0,1,1,1,0,1,2,0,0,0,2,1,0,1,1,0,2,1,1,1,2,0,0,0,1,1,1,0,1,1,1,1,1,1,0,1,2,2,0,1,0,2,1,1,0,2,1,0,1,0,1,2,2,1,2,1,0,2,0,0,2,0,1,2,1,0,1,0,1,1,1,1,1,1,2,0,2,1,0,0,1,1,0,2,1,2,0,1,0,0,2,0,1,0,1,2,1,1,1,2,1,1,1,2,1,1,1,0,1,1,1,1,0,1,2,2,0,1,1,1,1,2,1,1,0,0,0,2,1,1,2,1,1,0,2,0,0,0,0,0,1,0,1,0,0,1,2,2,2,1,1,1,1,0,1,1,1,1,0,1,0,2,0,0,2,1,0,1,0,0,0,1,1,1,1,0,1,2,0,2,1,2,0,1,1,1,0,2,0
chr3:8913697,rs89,A/C,0,0,1,0,0,0,0,0,0,0,0,0,0,0,0,0,0,0,0,2,0,0,0,0,1,1,0,0,1,0,1,1,0,1,2,1,0,0,0,0,0,0,0,0,0,0,0,0,0,1,0,0,1,1,0,1,1,0,0,0,0,0,1,0,0,0,0,0,0,0,1,0,0,0,0,0,0,0,0,0,0,1,0,1,0,0,0,1,0,0,0,0,1,0,0,1,0,0,1,0,0,0,0,0,0,1,1,1,0,1,0,0,0,0,0,1,0,0,0,1,0,0,0,0,1,0,0,0,1,0,0,0,0,1,1,1,1,1,0,1,0,0,0,1,0,1,0,0,0,0,0,0,1,0,0,0,0,0,0,0,0,0,1,0,0,0,0,0,0,0,0,1,1,1,0,0,0,0,0,0,0,1,0,0,0,0,0,0,0,0,0,0,0,0,0,1,0,0,1,1
chr1:5103022,rs90,G/A,1,1,1,1,2,1,2,1,1,2,1,2,2,1,1,2,1,0,1,1,0,1,0,1,2,1,2,1,2,0,0,2,1,0,2,1,2,1,1,1,1,1,1,0,1,0,2,1,2,2,1,2,1,0,1,1,2,1,1,1,1,0,1,2,2,1,1,0,1,1,1,0,2,2,1,0,0,0,1,0,2,2,1,1,1,2,2,0,0,1,1,0,1,2,0,2,0,2,1,1,1,2,2,1,1,1,1,2,0,1,1,0,2,1,1,2,1,1,0,1,0,1,1,1,1,0,2,0,2,1,1,1,2,1,1,2,2,1,2,1,0,1,1,1,2,1,0,2,1,2,2,2,2,0,1,0,1,1,0,2,2,1,1,1,2,1,1,1,1,2,0,0,2,2,2,1,1,1,0,1,0,1,2,1,2,0,1,1,2,1,2,0,2,0,2,1,2,1,0,2
chr1:8265795,rs91,C/A,0,1,0,0,0,1,0,0,1,1,1,1,1,0,0,1,2,1,0,0,0,1,1,0,0,1,1,0,0,1,1,0,0,0,0,0,0,0,1,0,0,0,0,0,0,1,1,1,1,1,0,2,0,0,0,2,2,1,0,0,2,1,1,0,0,1,0,1,0,1,0,1,0,0,0,2,1,0,1,0,0,0,1,0,0,1,1,0,1,1,0,1,0,1,0,1,0,1,0,0,0,1,0,0,0,1,0,1,0,0,0,1,0,0,0,0,0,1,0,0,0,0,1,0,1,0,1,0,0,1,1,0,0,0,1,0,1,0,0,0,0,0,0,1,0,1,0,2,2,1,1,0,1,1,0,0,0,0,0,0,0,1,0,1,0,0,0,0,0,0,0,0,0,0,0,0,0,0,0,0,0,0,1,0,0,1,1,0,1,0,0,2,1,0,1,1,0,0,0,1
chr4:6709840,rs92,G/T,0,0,0,0,0,0,0,0,0,0,0,0,0,0,1,0,0,0,0,0,0,0,0,0,0,0,0,0,1,1,0,0,0,0,1,0,0,0,0,0,1,0,0,0,0,0,0,0,0,0,0,0,1,0,0,1,0,0,0,0,0,0,2,0,0,0,0,0,0,0,0,0,1,0,1,0,0,0,1,0,0,0,0,0,0,1,0,0,0,0,0,0,0,1,0,0,0,0,1,0,1,0,0,0,0,0,1,0,0,0,0,0,0,0,0,0,0,1,0,0,0,1,1,1,0,0,1,0,0,1,0,0,0,0,0,0,0,0,0,0,0,0,0,0,1,0,0,0,0,1,1,0,0,0,0,0,0,0,0,0,0,0,0,1,0,0,1,1,0,0,0,0,1,0,0,0,0,0,0,0,0,0,0,0,0,0,0,1,0,1,0,0,0,0,1,0,0,0,1,0
chr1:4444084,rs93,T/G,0,0,0,0,1,1,1,0,1,0,0,2,1,0,1,2,1,1,1,0,0,1,0,0,0,0,2,1,0,2,1,0,1,0,0,0,1,0,1,1,0,0,0,0,1,0,0,0,1,1,2,1,0,0,1,1,0,0,0,1,0,0,1,0,0,0,0,0,0,0,1,1,0,0,1,0,0,0,1,0,1,1,1,0,1,0,0,0,0,1,0,0,0,1,0,1,1,1,0,1,0,1,1,0,1,0,0,0,2,1,1,1,0,1,0,1,1,0,0,0,2,0,0,1,0,0,1,0,1,0,0,0,0,1,1,0,0,0,0,0,1,0,0,0,0,1,0,0,0,1,0,1,0,1,1,0,1,1,0,0,1,1,1,1,1,1,0,0,1,0,0,1,0,0,0,1,2,0,0,0,0,0,0,0,0,0,1,1,1,1,0,1,0,1,1,1,2,1,1,0
chr4:9519981,rs94,A/G,0,2,1,0,2,0,2,0,2,1,1,1,0,2,0,1,1,1,0,0,0,2,0,2,0,0,1,0,1,2,0,2,1,0,0,2,0,2,1,0,1,2,1,1,2,0,2,2,1,2,1,1,1,1,1,0,1,0,0,1,2,1,1,0,1,0,0,1,1,0,1,2,0,0,1,0,2,1,1,1,1,0,2,1,0,1,0,0,1,1,1,0,1,0,1,1,1,2,2,2,2,1,2,2,1,0,0,2,1,2,1,1,1,2,0,2,2,1,1,0,0,1,0,0,2,1,1,0,2,2,1,2,2,1,1,0,0,0,0,0,2,0,2,1,0,1,0,2,2,0,2,1,0,1,1,0,1,0,1,0,2,1,0,1,0,1,0,2,2,1,0,1,1,1,1,1,1,2,0,1,1,0,1,2,1,0,0,1,0,2,1,1,2,1,1,1,0,2,1,2
chr3:7214624,rs95,G/C,1,0,2,1,0,1,1,1,0,0,1,1,0,1,0,1,0,0,0,0,0,0,0,0,1,0,0,1,1,1,0,1,2,0,2,0,0,0,1,0,0,0,0,0,0,0,2,0,0,0,0,0,0,1,0,0,0,1,1,0,0,2,0,0,0,1,2,2,1,0,0,0,2,1,0,0,0,2,0,0,0,0,1,2,2,1,0,1,0,1,0,1,0,0,1,1,0,0,1,1,0,1,0,0,1,0,0,0,0,0,0,0,0,0,0,1,0,0,1,2,2,0,1,0,0,0,0,0,1,1,0,0,0,0,2,1,2,1,0,0,0,0,1,0,0,1,1,0,1,0,0,0,0,1,0,1,1,0,1,0,0,1,1,0,1,0,2,0,0,0,0,1,1,0,0,0,0,1,1,2,0,0,0,1,1,0,0,1,1,1,0,2,0,2,1,1,1,0,0,0
chr1:3215167,rs96,C/T,0,0,1,0,0,0,0,0,0,1,0,0,1,0,0,0,0,1,1,0,0,1,0,0,0,0,0,1,0,0,0,1,0,0,1,0,0,0,0,1,0,1,1,0,0,0,1,0,0,0,0,1,0,1,0,0,1,0,0,2,0,0,0,0,1,1,0,1,1,0,0,0,1,2,0,1,0,0,1,0,0,0,0,0,0,1,1,0,0,0,0,0,0,0,0,0,0,0,1,0,1,0,0,1,0,0,0,1,0,1,1,0,0,0,0,0,1,0,1,0,0,0,0,1,0,0,0,0,1,1,0,0,0,2,1,0,0,0,0,0,0,0,0,0,0,0,0,0,1,0,1,0,0,1,0,0,0,1,0,0,0,0,0,0,0,0,1,1,1,0,0,1,0,0,1,0,0,0,1,0,1,0,0,0,0,0,0,1,0,0,0,1,0,0,1,0,0,0,0,0
chr1:1688105,rs97,C/T,1,0,0,0,0,0,0,0,0,0,1,0,1,1,1,1,0,1,1,1,0,1,0,0,0,0,1,0,0,1,0,0,0,0,0,0,0,0,1,0,0,0,1,1,0,0,0,0,0,0,0,1,0,2,0,0,0,0,0,0,0,0,0,0,1,0,0,0,0,0,0,0,0,0,0,0,0,1,0,1,0,0,0,1,0,0,0,1,0,0,0,0,0,0,0,0,0,0,0,0,0,0,1,0,0,0,0,0,0,0,0,0,0,1,1,0,0,0,1,0,0,0,0,0,0,1,0,0,0,0,0,0,1,0,0,1,1,1,0,1,0,1,0,0,0,0,1,1,0,1,0,0,0,0,0,0,0,0,0,1,0,0,0,0,0,0,1,0,0,1,0,0,1,1,0,0,2,0,0,0,0,1,0,1,1,1,0,1,0,0,1,0,0,0,0,0,0,0,1,0
chr2:2414466,rs98,G/T,1,1,1,1,2,0,2,1,1,1,0,1,2,0,1,1,1,0,1,2,0,1,1,1,1,1,0,2,2,0,1,1,2,2,2,0,2,2,1,1,1,1,0,0,0,1,0,1,0,2,2,2,1,0,1,0,2,0,1,1,2,1,1,1,1,0,2,1,0,2,1,2,2,1,0,0,2,2,1,1,0,2,0,0,1,0,2,0,0,1,1,0,1,1,2,0,2,1,0,0,1,0,0,0,1,1,0,1,1,0,2,1,2,0,2,1,1,1,0,2,1,0,0,0,1,1,1,0,1,1,0,0,0,2,1,2,0,2,1,1,0,1,2,0,0,1,2,1,0,1,1,2,1,1,0,2,1,2,1,1,1,0,2,0,1,2,0,1,1,1,2,1,1,0,0,1,1,0,1,1,1,0,1,1,2,1,1,2,1,0,2,1,1,1,2,2,2,0,1,0
chr4:9106609,rs99,G/C,1,0,0,1,1,0,0,0,0,2,1,0,1,0,1,0,1,0,0,0,0,1,0,1,1,1,1,0,0,1,0,0,1,0,1,1,0,1,0,0,1,1,1,1,0,1,0,0,0,1,0,1,1,0,0,0,0,1,0,1,1,0,1,0,0,0,0,0,2,0,1,0,0,0,1,0,0,0,1,0,1,0,1,0,0,0,2,0,2,0,0,0,0,1,1,1,0,0,2,0,1,0,2,1,2,0,0,0,1,1,0,0,0,1,0,1,0,0,1,0,0,0,0,1,0,1,0,1,1,2,1,0,0,1,0,0,0,0,0,0,0,1,0,2,0,1,0,0,0,0,1,1,0,0,0,0,0,2,0,1,1,1,0,1,1,0,0,2,1,0,0,0,0,0,0,1,1,1,0,1,0,0,1,0,0,0,0,1,2,1,1,1,1,0,1,0,1,0,1,1
chr2:2105534,rs100,C/T,2,1,1,1,0,0,0,1,2,2,0,0,0,1,0,1,1,1,1,1,1,2,1,0,1,0,1,0,1,0,1,0,1,0,0,2,1,0,1,1,1,1,2,0,1,1,2,2,2,2,2,1,1,2,0,1,1,2,2,2,2,1,0,0,1,1,1,1,2,1,2,2,1,1,2,1,1,0,1,0,1,1,1,2,1,2,2,1,1,1,2,2,1,0,2,1,0,2,1,1,2,1,1,1,1,2,1,0,0,1,1,1,1,0,1,2,0,1,1,1,0,2,1,2,0,1,2,1,1,1,0,1,0,0,1,0,2,2,1,2,2,1,2,0,1,1,1,0,1,1,1,2,1,0,0,1,1,0,1,1,0,1,2,1,2,0,1,1,1,1,1,1,0,1,1,2,1,1,1,2,2,2,1,0,1,1,2,0,1,1,2,0,1,1,0,1,0,1,2,2
chr2:5353127,rs101,A/T,1,0,1,1,0,0,0,1,0,1,0,2,1,0,1,1,1,0,0,0,0,0,0,1,0,1,0,1,1,0,1,0,1,0,0,0,0,0,0,0,1,0,0,0,1,0,0,0,0,0,0,0,0,0,0,0,1,0,1,0,0,1,0,0,0,0,1,0,0,1,2,1,0,1,1,1,1,1,0,0,1,0,0,0,1,0,1,0,0,0,0,1,1,1,0,0,0,0,0,1,0,0,1,0,1,2,0,0,1,0,0,1,0,0,1,1,0,0,0,0,1,1,1,0,0,0,0,0,0,0,1,1,0,0,1,2,0,1,1,0,0,0,0,0,1,1,0,0,1,0,0,1,0,0,0,0,0,0,0,0,0,0,0,1,0,1,0,0,1,0,1,0,0,1,0,0,1,1,0,0,0,0,0,1,0,1,0,0,1,0,0,0,1,0,0,1,0,1,0,0
chr3:9073461,rs102,G/C,1,1,1,0,0,0,1,1,2,0,1,1,1,1,1,0,0,0,0,0,0,0,1,2,1,0,0,0,2,1,0,1,0,2,0,0,1,2,2,1,0,0,2,1,1,1,1,1,1,1,1,1,0,0,2,0,1,1,1,2,1,2,0,1,1,0,1,1,1,0,1,0,1,1,1,1,0,0,0,1,1,0,0,1,1,0,0,0,0,0,0,1,1,0,1,1,2,0,1,1,0,2,1,1,0,0,1,0,1,0,1,1,0,1,1,0,0,0,0,2,1,0,0,0,1,0,1,0,1,0,1,1,1,1,1,1,1,2,1,2,0,1,2,0,2,0,2,1,0,2,0,0,0,1,2,0,1,0,1,0,0,0,1,2,1,0,1,1,0,0,0,1,1,1,0,0,2,0,2,1,0,1,2,1,1,0,1,1,2,1,1,0,0,0,0,0,0,2,1,1
chr1:4295990,rs103,T/G,0,1,1,0,1,0,0,0,2,1,1,1,1,1,1,0,1,0,0,2,1,1,1,1,1,1,1,2,2,1,2,1,1,0,1,2,2,2,0,1,0,1,1,1,1,1,1,0,2,0,0,2,2,1,0,0,2,2,1,0,0,0,1,0,2,0,1,0,1,0,2,1,0,2,1,2,2,2,0,0,2,1,0,2,1,1,2,2,1,1,1,1,0,1,1,1,2,1,0,1,2,1,1,0,1,2,2,1,1,2,2,1,1,1,0,1,2,2,2,0,1,0,0,2,1,2,0,1,1,0,1,0,1,2,2,2,2,2,1,1,1,2,0,0,2,0,2,1,1,1,2,0,2,2,0,0,0,0,0,1,1,2,0,1,1,2,1,1,2,1,0,1,2,0,1,1,2,1,1,1,1,1,1,2,2,2,1,2,0,1,1,2,1,2,2,1,2,0,0,2
chr2:6491590,rs104,A/T,1,0,0,0,1,0,0,1,1,0,1,2,1,1,2,0,0,1,1,1,0,1,0,2,0,2,0,0,0,2,0,1,2,1,0,2,2,1,1,2,2,1,1,0,0,0,0,1,1,0,1,0,2,1,1,2,0,1,2,1,1,0,0,1,2,1,2,2,0,1,1,1,0,2,1,1,1,0,1,2,2,0,1,1,0,0,1,1,0,0,0,0,1,0,0,2,0,1,2,1,1,1,0,1,1,0,1,2,0,1,1,1,1,1,0,0,0,1,1,2,1,1,1,0,1,1,2,0,2,1,0,0,0,1,0,1,2,1,1,0,1,0,2,0,1,1,1,1,0,0,1,1,1,0,1,2,1,1,1,0,0,1,1,1,1,2,1,1,0,1,2,0,2,2,1,0,0,0,0,1,0,1,0,0,1,2,1,1,1,1,2,0,2,0,2,0,2,2,0,2
chr4:7555968,rs105,G/T,0,0,2,0,0,0,1,1,0,0,0,0,0,0,1,0,0,0,0,0,0,1,0,0,1,1,1,1,1,0,1,0,0,0,0,0,0,0,1,1,0,1,0,1,0,0,0,0,0,0,0,0,0,2,0,0,0,1,0,1,0,0,0,0,0,0,0,0,0,0,0,0,0,1,0,0,1,0,0,0,0,0,0,0,0,0,1,0,0,1,0,0,0,0,0,0,0,0,0,0,0,0,0,0,1,0,1,0,0,0,1,0,0,1,1,0,1,1,0,1,1,0,0,0,0,0,0,0,0,1,0,1,0,1,1,0,0,0,1,1,0,0,0,0,2,0,1,1,1,0,0,0,0,0,0,1,0,0,0,0,0,0,1,1,0,0,0,0,0,0,0,0,0,0,1,0,1,0,0,0,0,1,0,0,0,0,0,0,0,0,2,0,1,0,0,0,0,0,0,0
chr4:9837590,rs106,C/T,2,2,0,0,0,0,1,1,0,1,1,0,1,2,1,0,0,0,0,1,0,0,0,1,0,0,1,1,0,0,1,2,0,0,0,1,1,1,1,2,2,1,1,0,1,1,1,0,1,1,1,0,1,0,2,1,0,0,1,0,2,1,0,1,0,1,0,2,1,2,0,0,1,1,0,0,0,1,0,0,0,1,0,2,0,2,1,1,0,1,1,1,0,2,2,1,1,1,0,0,1,1,0,1,2,0,0,1,0,0,1,1,2,1,1,1,2,0,0,2,2,0,0,1,0,1,0,0,1,2,1,0,2,1,1,1,0,1,1,0,0,0,1,0,0,2,1,0,1,0,1,1,1,1,0,1,0,0,2,1,2,0,1,0,1,0,0,0,1,0,2,0,0,1,2,0,0,1,0,1,0,1,0,1,1,1,1,2,0,0,1,1,0,1,1,1,1,1,0,1
chr2:5183839,rs107,C/G,0,1,2,0,0,0,1,2,1,0,1,1,1,0,1,1,0,1,2,0,2,0,1,0,0,1,1,1,1,1,2,1,0,0,1,1,0,0,0,1,0,0,1,1,0,1,0,2,0,2,2,1,0,1,0,2,1,2,1,1,1,1,1,1,2,1,2,2,1,0,1,1,0,1,2,0,1,2,1,1,1,1,0,2,1,1,1,0,2,1,0,2,1,1,1,0,1,0,1,1,2,1,0,2,1,1,0,2,2,1,2,0,2,1,0,1,1,0,0,0,1,0,0,1,2,1,0,2,1,1,1,1,0,1,1,1,1,0,1,1,2,1,2,1,1,1,0,2,0,1,0,1,1,2,1,2,1,0,0,1,0,1,0,1,1,1,0,0,1,0,1,1,0,1,1,0,1,0,1,1,0,1,1,0,1,1,1,1,1,2,1,2,0,1,0,0,1,1,1,1
chr2:1118834,rs108,A/C,0,0,0,0,1,0,0,1,1,0,0,0,1,1,1,0,1,0,0,0,1,1,1,1,0,0,1,1,1,0,1,0,1,0,2,0,1,1,0,0,1,0,0,2,1,0,1,1,1,1,1,0,1,0,0,1,0,1,1,0,0,1,2,1,1,0,0,1,0,1,0,1,1,1,1,2,2,2,1,1,1,0,0,0,0,0,0,1,1,0,0,1,1,2,2,2,0,0,1,0,1,1,1,0,1,1,2,0,2,1,1,1,1,0,0,1,1,0,1,0,0,1,0,0,0,1,0,0,0,0,0,0,0,1,0,0,0,0,1,0,0,0,1,0,1,0,0,1,1,1,0,1,0,1,1,0,1,1,0,1,1,0,1,0,1,1,1,0,2,0,0,0,1,2,0,1,0,2,1,0,0,0,0,1,0,2,1,1,0,1,1,1,2,0,0,1,1,1,0,1
chr3:6893309,rs109,A/C,0,0,0,0,2,1,1,1,0,1,1,1,1,0,0,0,2,0,1,0,1,0,0,0,1,0,1,0,1,0,1,0,1,0,1,1,0,0,1,1,0,0,0,0,0,1,0,0,1,0,1,1,0,0,2,2,0,0,0,0,0,1,1,0,1,0,0,0,0,0,1,0,1,0,0,0,1,0,1,1,1,0,1,0,1,0,0,0,0,0,1,1,0,0,0,0,1,1,0,0,1,1,0,0,0,0,0,0,1,0,1,0,0,0,0,1,0,0,1,0,0,0,0,0,0,1,1,0,0,0,0,0,1,1,0,1,0,0,0,0,1,0,0,2,0,0,0,0,2,0,1,0,0,0,1,0,1,0,0,0,1,0,0,0,1,1,1,0,2,1,0,0,0,0,1,1,1,0,0,0,0,1,0,1,1,1,0,1,2,1,1,1,0,1,1,1,1,0,0,0
chr2:5422201,rs110,T/A,0,0,0,1,0,0,0,0,0,0,1,0,1,1,2,0,0,0,0,0,1,0,0,0,2,1,0,0,0,1,1,0,0,1,1,2,0,0,0,0,1,1,0,0,0,1,0,0,0,0,1,1,0,1,0,2,0,0,0,0,0,1,1,0,1,0,0,0,1,0,0,0,0,1,0,0,0,0,1,0,1,0,1,2,1,1,0,1,1,2,0,1,0,0,0,1,0,0,0,0,1,1,0,0,0,0,0,0,0,0,1,0,0,0,2,0,0,0,1,1,1,0,1,1,0,1,0,0,1,0,0,0,1,0,0,0,1,1,0,0,0,0,1,0,0,1,0,0,0,1,0,0,0,2,0,2,1,1,0,0,0,0,2,0,0,0,1,0,0,0,1,0,0,0,2,0,1,1,0,0,0,0,0,0,0,0,1,1,0,0,1,1,2,0,0,0,0,0,0,0
chr4:4503157,rs111,C/A,1,1,2,1,1,2,1,0,2,0,1,0,1,1,0,1,1,0,0,0,1,1,2,0,0,0,0,1,2,0,2,0,2,0,2,0,2,0,0,1,0,1,2,1,1,0,1,1,2,1,1,0,0,0,0,0,0,1,0,2,0,0,1,1,1,1,0,1,1,0,1,1,1,1,2,1,0,2,0,0,0,1,2,1,2,0,0,1,2,1,0,0,0,0,0,2,1,1,0,0,1,2,1,2,1,0,0,1,1,0,1,1,2,0,0,1,1,1,2,1,1,0,1,1,1,2,1,1,0,0,0,0,1,0,1,1,1,1,0,2,0,2,0,1,0,0,1,1,0,1,0,1,2,1,1,0,0,2,0,1,0,2,0,0,1,2,2,1,1,1,1,2,1,1,1,1,2,0,0,1,0,1,2,1,1,0,2,1,0,1,2,0,1,2,0,1,1,0,1,0
chr1:2985588,rs112,G/A,0,0,1,1,0,1,2,2,1,2,2,1,0,0,1,2,1,1,0,0,1,2,1,2,0,1,1,2,0,0,0,2,0,0,1,1,2,2,1,2,1,0,2,1,1,1,1,0,1,1,1,0,2,0,0,0,0,1,1,2,2,1,1,1,2,1,1,1,1,1,1,1,0,1,2,2,0,0,1,1,0,0,1,1,1,1,1,0,1,0,1,0,1,1,1,0,0,1,0,0,1,1,0,1,2,2,0,1,1,2,1,1,1,1,1,0,0,1,2,1,1,1,0,1,1,2,0,1,0,0,1,1,0,0,1,2,0,1,0,2,1,1,0,1,1,0,0,1,1,0,1,0,0,1,0,1,1,1,1,2,0,1,0,1,1,0,1,0,0,0,1,1,0,1,0,0,1,1,0,0,1,0,0,1,1,1,2,0,1,0,1,2,1,1,1,0,1,2,1,0
chr3:4867500,rs113,G/T,0,0,0,0,0,0,0,0,0,0,0,0,0,0,1,0,1,0,0,1,0,0,1,0,1,0,1,0,0,0,0,0,0,0,1,0,1,0,0,0,0,0,0,0,0,0,1,1,1,2,0,0,1,0,1,0,0,0,2,1,1,0,0,0,1,0,0,0,0,0,0,0,1,0,0,0,1,0,0,0,0,1,1,0,0,0,0,0,0,0,1,0,0,0,0,1,0,0,0,0,1,0,1,1,1,1,0,1,0,0,0,0,0,0,0,0,0,1,0,0,0,0,0,0,0,0,0,1,0,1,0,0,2,1,0,0,0,0,0,1,1,0,1,1,0,0,0,1,1,0,0,1,1,0,0,1,0,0,1,0,1,0,0,0,0,0,0,0,1,0,0,0,0,0,0,1,0,0,0,0,0,1,0,0,0,1,0,0,0,1,0,0,1,0,0,0,0,0,0,1
chr3:2260386,rs114,C/A,0,1,1,0,0,0,1,0,0,2,0,1,0,1,0,0,1,1,1,1,1,1,1,1,1,1,0,0,0,2,1,1,0,0,2,2,0,1,1,0,1,1,1,0,0,0,0,1,0,1,0,1,1,1,0,0,0,0,0,0,1,2,0,1,0,1,1,2,0,0,0,0,2,1,1,1,1,1,0,1,0,0,0,1,1,0,1,1,2,1,1,1,0,0,1,0,0,1,0,0,1,1,1,1,1,0,0,0,1,1,1,1,0,1,1,0,1,2,1,2,0,0,0,0,1,1,1,2,2,0,1,1,1,1,0,1,1,1,2,1,0,0,0,0,1,0,2,1,0,1,1,1,1,0,1,1,1,1,0,0,1,2,1,0,0,0,0,0,1,0,0,0,1,1,2,1,0,0,1,1,1,1,1,0,1,1,0,1,1,0,0,0,0,0,0,0,0,2,0,0
chr2:3900603,rs115,T/C,1,0,0,0,2,0,0,0,0,0,1,0,1,0,0,0,0,1,0,1,1,0,1,0,0,1,0,0,1,2,0,1,0,1,0,1,0,1,1,0,0,1,1,0,0,1,0,0,1,0,0,0,1,0,1,1,0,1,0,1,0,1,0,0,1,0,1,0,0,1,0,1,0,0,1,0,0,1,0,0,1,1,0,0,1,0,0,2,0,0,1,1,1,0,0,1,0,1,0,1,0,0,0,1,0,1,0,0,1,0,0,0,1,1,0,0,0,1,0,1,0,1,0,1,0,0,1,0,0,2,0,0,0,0,1,0,0,0,0,1,1,0,0,1,0,0,0,0,1,0,2,0,0,2,1,1,0,1,0,0,1,1,1,1,0,0,1,0,0,0,0,2,0,0,1,0,1,0,1,0,0,0,0,1,0,1,0,1,1,0,0,1,0,0,1,2,1,0,0,2
chr3:2646711,rs116,C/G,0,2,0,0,1,0,0,0,1,2,0,0,0,1,1,1,0,1,1,0,0,0,2,1,1,1,1,2,0,0,1,1,0,0,0,0,0,1,1,1,1,1,0,0,0,2,0,1,0,2,0,1,0,0,1,2,1,2,1,1,0,0,0,2,2,1,0,0,2,0,1,0,0,1,0,0,2,1,1,1,0,0,1,0,0,1,0,1,0,0,0,1,0,1,1,0,1,2,1,0,1,1,0,0,0,0,0,0,0,1,1,1,1,0,0,1,0,0,0,0,0,0,0,1,0,1,1,1,0,1,0,0,1,0,0,0,0,0,2,0,0,1,1,2,1,1,2,0,1,1,1,2,0,0,2,0,1,0,1,2,0,0,0,1,1,0,0,1,1,0,0,1,1,2,1,1,1,2,0,0,0,1,1,0,1,0,0,0,1,1,1,2,0,1,0,0,0,0,0,0
chr4:8967801,rs117,C/T,0,1,1,0,0,0,0,1,1,0,0,1,0,0,1,1,1,1,0,1,0,1,2,0,0,0,0,0,1,2,0,0,0,0,0,1,0,2,1,1,0,1,1,0,0,2,0,1,0,0,0,0,1,0,1,1,0,1,1,1,1,1,0,1,0,1,0,1,1,1,1,2,1,0,1,1,1,2,0,0,1,1,1,1,1,1,1,0,1,1,1,0,0,1,0,0,0,1,1,1,0,1,1,0,0,2,1,1,0,1,1,1,2,2,1,0,2,0,1,0,1,0,1,0,1,1,1,0,0,0,1,2,1,0,0,2,0,1,0,1,1,0,1,1,0,0,1,0,1,0,0,0,0,1,0,1,2,1,0,2,0,1,1,0,2,0,1,0,1,1,0,1,1,1,1,1,0,1,1,1,1,0,0,0,0,0,2,0,1,0,1,2,0,1,2,1,0,1,1,0
chr1:4177945,rs118,A/C,0,0,1,0,0,1,0,0,1,0,0,0,1,1,1,0,1,1,0,2,1,0,0,0,0,1,2,0,1,1,0,1,2,0,0,0,0,0,0,0,1,0,0,1,1,0,0,1,0,0,0,0,0,0,1,1,2,0,0,1,1,0,0,0,0,0,2,0,2,1,0,1,1,0,0,0,1,1,0,0,0,0,1,1,1,1,1,1,1,0,2,0,0,0,0,1,0,1,0,0,0,1,1,0,0,2,0,0,0,0,0,0,1,1,1,1,1,1,1,0,0,1,2,2,1,0,0,2,0,0,2,0,1,1,0,0,0,1,0,0,2,0,0,0,0,2,0,0,1,1,0,1,1,0,1,2,0,1,2,1,0,0,1,0,2,0,0,1,1,0,0,1,1,1,0,0,1,2,0,1,0,0,1,0,1,0,0,1,0,1,0,1,0,1,1,2,1,0,0,1
chr3:3841992,rs119,G/A,0,0,1,2,2,0,0,0,1,1,1,1,0,0,2,0,0,1,1,2,0,1,1,2,1,1,0,1,0,0,0,1,0,1,1,0,1,0,0,1,1,1,1,1,0,1,1,0,2,1,0,2,0,2,0,1,1,1,0,0,0,1,0,1,1,2,0,2,0,1,1,0,0,1,0,2,0,2,1,2,1,1,0,1,0,0,1,1,0,1,1,0,1,1,0,1,1,1,0,1,0,0,0,1,1,0,0,0,0,1,1,2,2,1,0,0,1,1,1,2,2,0,0,1,1,0,1,1,1,0,2,1,0,1,1,2,0,2,0,1,1,0,1,2,1,1,0,0,0,2,1,2,0,1,0,1,0,0,1,0,1,1,1,2,0,1,1,1,0,1,0,0,0,0,0,0,1,0,0,1,0,0,0,0,0,1,1,1,2,1,1,0,1,0,1,0,1,2,2,0
chr1:7095929,rs120,T/A,1,0,0,1,0,2,0,0,0,1,0,1,2,0,0,1,1,0,0,1,0,1,0,2,0,0,0,0,0,0,1,0,0,1,1,0,0,0,1,1,0,0,0,0,0,1,0,1,1,1,0,0,0,1,0,0,0,0,1,0,0,0,0,1,0,0,1,1,0,0,0,0,0,0,2,0,1,1,2,0,1,1,0,0,0,0,0,0,1,0,1,0,1,0,0,1,0,0,1,0,1,0,0,0,2,0,1,2,0,0,1,0,0,0,1,1,0,0,1,0,1,0,1,1,0,0,0,0,0,1,0,0,1,1,0,1,1,0,0,0,1,1,1,0,0,1,0,0,0,1,0,0,1,0,1,0,0,0,0,0,1,1,0,0,0,0,0,1,0,0,0,0,0,1,0,0,1,0,0,0,0,0,0,0,1,1,1,1,0,1,0,1,0,0,1,1,1,0,0,0
chr3:2043233,rs121,G/T,0,0,0,0,1,1,0,1,0,0,1,1,1,0,1,0,0,0,1,0,0,1,0,0,0,0,1,1,0,0,1,1,1,0,0,2,1,0,0,0,0,2,1,0,0,1,0,1,1,1,1,1,2,0,1,0,0,0,1,0,1,1,0,1,1,1,0,1,1,0,0,0,1,0,0,1,0,2,0,1,0,1,1,2,1,0,0,1,1,2,0,1,2,0,1,0,1,0,0,0,2,1,0,2,1,1,0,0,1,0,1,0,0,0,2,0,0,1,1,1,1,0,0,1,1,1,0,0,0,1,0,0,0,0,0,0,1,0,1,0,0,1,1,1,1,1,0,1,1,0,0,1,0,0,1,2,1,0,1,0,0,1,0,0,2,1,1,1,1,0,1,0,0,1,0,0,0,0,1,1,1,1,1,1,1,2,2,2,1,2,0,1,2,1,1,0,0,0,1,0
chr2:1176615,rs122,A/T,1,1,2,1,1,1,1,0,0,2,1,1,0,0,1,0,0,0,1,1,2,1,1,1,1,0,0,1,0,1,1,1,2,0,0,1,0,0,1,2,1,1,0,1,0,1,0,1,1,1,2,0,0,1,2,1,0,1,0,1,0,1,0,1,0,0,2,0,1,0,1,0,0,1,0,0,1,1,0,1,2,0,1,1,0,0,0,1,0,1,1,0,1,2,0,0,1,0,0,0,0,0,1,2,0,0,0,0,0,0,2,0,0,0,0,1,0,2,0,1,2,0,0,1,0,1,0,0,0,1,0,0,1,0,0,0,1,1,0,0,1,1,0,0,0,1,2,0,0,0,0,0,2,0,1,0,1,1,0,2,0,1,1,0,1,1,2,1,0,1,1,1,1,0,0,1,2,0,2,2,1,1,1,1,1,0,0,0,0,0,2,1,0,1,0,0,1,0,1,0
chr1:8474447,rs123,A/G,1,0,2,0,1,2,2,0,0,1,0,0,1,1,0,0,2,1,1,0,0,0,1,0,1,1,1,0,1,1,0,0,1,0,0,0,0,2,1,1,2,1,1,0,1,0,0,0,0,0,0,1,0,1,1,1,0,2,0,1,1,0,0,0,1,1,2,0,0,0,2,0,0,1,1,1,0,1,2,1,0,0,0,1,0,1,1,1,0,1,1,0,2,0,1,0,1,1,0,1,1,1,0,0,1,0,1,0,0,1,1,1,1,1,1,2,1,1,0,1,0,0,0,0,0,1,1,0,1,1,1,0,1,0,0,0,1,1,0,0,1,1,0,1,2,0,1,0,1,0,0,1,1,0,0,0,1,1,1,1,1,1,1,1,1,0,0,0,1,0,0,2,2,2,0,1,0,0,0,1,0,1,1,0,0,0,2,0,0,0,1,0,0,0,1,0,1,0,2,1
chr4:9929860,rs124,T/A,1,0,0,1,2,0,2,0,2,0,0,1,1,1,1,1,0,0,0,1,1,1,1,0,1,0,1,0,1,1,1,1,0,0,1,1,0,0,1,1,0,1,1,0,0,1,1,0,2,0,1,0,2,1,0,2,0,1,1,1,2,1,2,0,0,1,1,1,0,1,2,0,0,0,0,1,2,0,1,1,0,1,1,1,1,1,0,0,0,0,0,0,1,1,0,0,1,0,0,1,0,0,0,0,2,0,1,1,0,0,1,1,0,0,1,0,0,0,0,0,1,1,1,0,1,1,0,0,0,0,2,1,0,1,0,0,0,1,0,0,0,0,1,1,1,1,2,0,0,0,0,0,0,0,1,2,0,0,1,0,0,0,1,1,1,0,0,0,2,1,0,1,1,2,1,0,1,1,0,1,1,0,1,1,0,0,1,0,1,0,0,0,1,1,0,0,1,0,0,0
chr3:4612610,rs125,G/T,0,0,0,1,0,0,0,0,0,0,0,1,0,1,1,0,0,0,1,1,0,0,0,1,1,0,0,0,0,1,0,0,0,0,0,0,0,0,0,0,0,0,0,0,1,0,0,0,1,0,0,0,0,1,1,0,0,0,0,0,0,0,1,0,0,0,1,1,0,1,0,0,0,0,0,0,0,0,0,0,0,0,0,1,1,0,0,0,0,0,0,1,0,0,1,0,1,0,0,0,0,0,0,0,1,1,0,0,0,0,0,1,1,0,0,0,0,0,0,0,0,0,0,0,0,1,1,0,0,0,0,0,1,1,0,0,0,0,0,0,1,0,0,0,2,1,0,2,0,0,0,0,0,1,0,0,0,0,0,0,0,0,0,0,0,0,0,0,0,0,1,0,0,0,1,0,0,0,0,0,1,0,0,0,0,1,0,0,0,0,0,0,0,1,0,1,0,0,0,1
chr4:1144356,rs126,T/A,0,0,0,1,0,1,1,0,1,0,0,0,1,0,0,1,1,0,0,0,0,0,0,0,1,0,0,0,0,0,1,0,0,0,0,0,0,0,1,1,0,1,1,1,0,1,1,0,0,1,1,0,1,0,0,0,0,1,0,1,0,0,0,0,1,0,1,0,0,0,1,0,1,1,0,0,0,1,0,0,0,1,1,1,1,0,0,1,1,0,0,1,0,0,1,1,0,0,0,1,2,1,0,0,1,0,1,0,0,1,0,1,0,1,1,0,0,0,0,1,0,0,0,0,1,0,0,1,0,1,0,0,0,0,1,0,0,0,0,1,0,1,1,0,1,0,0,0,0,2,0,1,0,1,0,1,0,1,1,1,0,0,1,0,0,0,0,0,0,0,0,0,0,1,0,1,0,0,0,0,1,0,1,1,0,0,0,1,1,1,0,1,1,0,0,0,0,1,0,0
chr1:9398043,rs127,A/G,0,0,2,0,0,1,0,0,0,0,0,0,0,1,0,1,1,0,2,0,0,0,1,0,0,0,1,0,0,0,1,0,0,1,0,1,2,1,0,0,0,2,2,0,1,1,0,0,0,0,1,1,0,0,0,1,1,0,1,0,0,2,0,0,0,0,0,0,1,0,0,0,1,0,1,0,0,0,2,0,0,0,0,0,0,0,0,0,0,1,0,0,0,0,1,1,1,0,0,0,0,0,0,1,0,2,0,1,0,1,0,0,0,2,2,0,1,0,0,0,2,0,0,0,0,0,0,0,0,0,0,1,0,1,0,0,0,1,1,0,0,1,0,1,0,1,0,0,1,0,0,0,0,0,2,1,0,1,0,1,0,1,1,0,0,0,0,0,0,1,1,0,0,1,1,0,0,1,1,0,1,1,0,1,0,1,0,0,1,1,2,0,0,2,1,2,0,0,0,1
chr1:3288627,rs128,A/C,1,0,0,1,1,1,1,1,0,1,1,2,1,1,0,2,0,1,2,1,1,0,2,0,0,0,0,2,1,1,2,0,0,1,1,1,0,1,0,0,0,1,1,1,2,2,1,2,2,1,1,2,1,0,1,0,1,0,0,0,2,0,0,0,1,2,0,0,1,1,0,1,1,1,2,0,0,2,2,0,2,1,0,1,0,0,0,1,2,1,1,1,1,1,1,1,1,1,0,0,1,2,1,2,0,1,1,1,2,2,1,1,2,1,2,2,1,1,1,0,1,0,1,2,0,0,1,1,1,1,0,0,2,0,1,2,2,0,1,1,1,1,1,0,1,1,1,0,0,2,0,0,1,1,0,1,1,1,2,0,1,0,1,1,0,1,0,0,1,1,0,2,0,0,0,0,0,2,1,1,2,1,0,0,0,1,0,1,1,1,1,0,0,1,0,0,1,1,1,1
chr2:4502630,rs129,G/A,2,0,1,1,1,1,1,1,1,2,1,0,0,2,1,2,2,2,1,0,0,1,1,1,1,1,0,0,1,0,1,1,2,2,1,1,0,1,1,1,1,0,2,1,2,1,1,0,0,2,2,1,1,1,1,1,1,2,1,1,2,1,0,0,1,2,2,1,0,0,1,2,2,0,2,1,0,1,2,1,2,0,0,0,2,1,2,1,1,2,1,2,0,1,1,2,0,1,1,1,0,0,2,1,1,2,0,1,2,2,1,1,1,2,1,2,0,1,1,1,1,2,2,0,2,0,1,2,0,2,2,1,1,1,2,0,1,0,0,2,1,2,1,1,0,2,0,1,1,1,1,1,0,1,2,1,0,1,0,0,1,1,0,1,2,2,2,1,0,2,0,0,1,0,2,2,1,2,0,1,1,1,0,1,2,0,0,0,1,1,2,1,1,1,1,1,1,2,0,0
chr2:2107677,rs130,A/G,0,0,1,1,0,0,0,0,0,1,0,0,0,0,0,0,0,0,2,0,0,0,0,0,0,0,1,0,1,1,0,0,0,0,0,0,1,0,0,0,0,1,0,0,1,1,1,1,0,0,0,0,0,1,0,1,0,1,0,1,0,0,0,2,0,0,0,0,1,1,1,0,0,1,2,2,1,0,0,1,1,1,0,0,0,0,0,1,0,0,0,0,0,1,0,0,1,0,0,0,0,0,0,1,0,0,0,0,0,1,1,0,1,0,0,0,0,0,0,0,0,1,0,0,0,0,0,0,0,0,0,1,0,1,1,2,1,0,0,0,1,0,0,1,0,0,0,1,1,1,1,0,1,0,1,0,0,1,0,0,1,0,0,0,0,1,0,0,0,0,0,0,1,1,1,0,0,0,0,1,0,0,0,0,0,0,0,0,0,1,1,1,0,0,1,0,0,0,0,0
chr2:4693305,rs131,C/T,1,1,1,1,0,0,0,1,1,1,1,1,0,0,2,1,1,1,1,1,0,2,0,0,0,1,1,1,2,0,1,1,2,0,2,0,1,1,1,0,0,0,1,1,2,1,0,0,0,1,1,2,1,0,0,1,2,0,0,1,1,0,1,0,2,0,0,0,0,1,1,1,1,0,0,2,1,0,1,1,0,1,1,0,0,1,0,0,1,1,0,2,1,0,1,1,0,1,1,1,1,1,0,1,1,1,1,1,2,0,0,0,0,1,0,0,0,1,2,1,0,1,0,0,1,1,0,1,0,1,1,0,2,1,1,1,1,1,0,1,0,0,1,1,2,0,1,2,0,0,0,2,0,0,1,1,2,1,2,0,0,2,1,0,1,1,1,2,1,2,1,1,1,1,0,0,1,0,0,0,0,1,0,0,1,1,0,0,2,1,2,0,0,0,0,2,2,2,2,1
chr4:5385536,rs132,G/A,1,0,0,1,2,1,1,1,1,2,0,2,1,1,2,1,1,1,0,1,0,2,0,1,2,2,1,1,0,0,0,1,0,1,0,1,1,1,0,0,0,0,1,0,0,2,1,0,0,0,1,1,1,0,1,1,1,1,0,0,2,0,0,1,1,1,0,0,0,1,0,1,0,0,1,2,2,2,1,0,0,1,0,0,0,1,0,0,1,0,1,1,0,1,0,1,1,2,1,0,1,0,1,0,1,0,1,1,0,2,1,0,0,1,0,2,0,0,2,2,0,1,0,1,2,0,0,0,0,0,1,0,1,1,1,1,0,1,0,1,0,1,1,1,0,0,1,0,0,1,1,0,1,1,0,1,1,2,0,1,1,0,1,0,0,0,0,1,0,1,0,1,1,0,1,1,1,0,1,0,0,1,0,1,1,1,0,2,1,0,0,1,2,1,1,0,0,0,1,0
chr1:2100567,rs133,G/C,0,1,1,0,1,0,0,0,0,0,0,0,0,1,1,0,0,0,1,0,0,0,1,0,0,0,1,0,0,0,0,0,1,1,0,0,0,0,0,0,0,0,1,0,1,1,1,0,0,0,1,0,1,0,0,0,1,0,0,0,0,0,0,0,0,1,2,0,0,0,2,0,0,0,0,0,1,0,0,0,1,0,0,0,1,0,0,0,1,0,0,0,0,0,2,0,1,0,1,0,0,0,0,0,0,0,0,1,0,1,1,0,0,0,0,0,0,0,0,0,1,1,0,1,0,0,0,0,0,0,0,0,0,0,1,0,0,0,1,1,1,0,1,0,0,0,1,0,0,1,1,0,0,1,1,0,0,0,0,0,0,0,0,1,0,0,1,0,0,0,1,2,0,1,0,1,1,0,1,0,0,1,0,0,0,1,1,0,0,2,0,1,1,0,0,0,0,0,1,1
chr2:1049115,rs134,G/C,1,0,0,0,1,0,0,0,0,0,0,1,0,0,0,2,0,1,1,1,1,0,1,0,1,2,1,0,0,0,0,0,0,2,0,1,0,1,2,0,0,0,2,0,0,0,0,1,0,0,0,2,0,1,0,1,2,0,0,0,1,0,0,0,0,0,1,1,0,1,1,1,0,0,1,1,0,0,0,0,0,0,0,1,0,0,0,0,0,1,0,1,1,1,1,1,0,2,0,0,0,1,0,1,0,1,0,0,0,0,0,1,0,1,0,0,0,0,1,1,0,1,0,1,1,1,0,0,0,2,1,0,1,1,0,1,0,0,0,0,1,0,0,0,0,0,0,0,1,1,0,1,1,1,1,1,0,0,1,0,1,1,0,1,0,1,0,1,0,1,2,0,1,0,1,0,1,1,0,0,1,0,0,0,0,0,1,1,1,0,0,0,2,0,0,0,1,1,0,0
chr4:6392023,rs135,G/T,1,1,1,1,1,1,2,0,0,1,0,2,0,2,1,1,0,2,0,0,0,2,1,1,1,2,1,1,1,1,0,0,0,0,1,1,2,0,1,1,0,1,2,0,1,0,0,1,1,1,1,2,0,1,1,2,1,2,0,1,1,1,1,0,0,0,1,1,0,2,0,1,0,1,1,0,1,0,0,0,0,2,1,0,0,0,0,1,0,1,1,0,2,0,0,0,0,0,0,1,1,1,1,1,0,0,0,1,0,0,0,0,0,0,0,0,0,0,0,1,0,0,0,0,0,2,1,0,1,0,0,1,0,1,1,1,2,1,1,0,0,1,2,1,2,0,0,0,1,1,0,2,1,1,1,0,1,0,0,1,2,1,1,1,0,1,1,0,0,0,0,0,0,1,1,1,0,1,0,1,0,1,0,1,2,1,0,0,2,1,2,0,2,2,1,0,0,2,2,0
chr3:6246880,rs136,A/G,1,1,1,1,1,0,0,0,2,0,0,0,0,1,1,1,0,1,0,1,0,0,0,1,1,0,0,1,0,0,0,1,0,2,0,0,0,1,0,1,0,0,1,1,0,1,1,0,0,0,0,1,0,0,0,2,1,0,0,0,1,0,2,0,1,1,1,0,1,0,0,1,2,1,0,1,0,0,1,0,2,0,0,1,1,0,0,1,0,0,1,0,2,1,2,0,2,0,0,0,0,0,0,0,0,1,0,1,1,1,0,2,1,2,0,1,1,0,1,1,1,0,1,0,1,0,0,0,1,2,0,0,0,1,0,0,1,0,0,0,1,1,1,0,0,0,1,1,1,0,1,1,0,1,1,1,1,0,1,1,0,0,0,0,1,0,0,0,0,0,0,0,1,0,1,0,0,0,0,0,0,0,1,0,1,1,1,0,1,0,0,0,2,0,1,0,1,1,1,0
chr3:1251492,rs137,G/C,2,1,1,1,0,1,0,1,0,0,0,2,0,2,1,1,0,0,1,0,1,2,0,1,2,2,2,2,1,2,2,1,1,1,1,0,1,1,1,0,1,0,0,1,1,0,1,1,1,1,0,1,2,1,2,1,1,2,1,2,1,2,1,2,0,1,2,0,1,2,0,1,1,1,0,0,0,0,0,1,1,1,0,1,1,2,1,2,0,1,1,2,1,1,0,1,0,0,0,2,1,2,2,2,2,2,0,0,1,1,0,1,1,2,1,1,1,1,2,0,1,1,1,0,0,0,1,2,1,0,1,0,2,1,2,1,2,0,0,0,1,1,1,2,0,1,2,1,2,1,1,0,2,2,2,1,2,1,1,2,0,0,1,1,1,1,2,1,0,1,2,0,1,0,1,0,1,1,2,1,2,1,0,0,2,1,2,0,0,1,1,0,1,1,1,0,1,1,1,1
chr1:2086880,rs138,G/T,1,2,1,0,1,1,1,1,0,1,1,1,1,2,1,0,2,0,1,0,0,0,1,0,0,1,1,2,2,1,2,1,1,1,0,1,1,0,0,0,2,2,1,0,0,2,0,2,1,2,1,1,1,2,2,1,1,2,2,1,0,0,2,0,0,0,1,1,0,0,1,2,0,0,1,2,1,1,2,0,0,1,2,1,2,2,1,0,0,1,0,0,2,2,0,1,0,0,1,1,0,1,0,2,1,1,0,1,1,2,0,2,1,1,1,1,2,1,1,0,0,1,1,1,0,0,1,2,1,1,1,0,1,1,2,1,0,1,1,0,2,2,1,1,1,1,0,0,0,1,1,1,1,1,1,1,1,1,2,1,0,2,1,0,0,1,1,1,0,1,0,0,1,1,1,2,0,0,0,1,1,1,1,1,1,1,1,0,1,1,0,1,2,0,0,1,1,0,2,1
chr3:3055723,rs139,A/T,1,2,1,0,2,0,2,1,2,1,1,0,1,1,1,0,1,1,0,1,2,0,1,2,0,1,1,1,1,1,0,1,1,0,0,2,1,1,2,1,2,2,1,1,1,2,1,0,0,0,2,2,1,1,2,1,0,1,2,1,1,0,1,2,1,1,0,2,0,0,2,2,1,1,1,0,0,1,0,2,0,1,1,1,1,2,1,1,1,0,1,1,2,2,0,0,0,2,0,1,1,1,0,0,1,0,0,0,1,1,0,1,0,1,0,1,0,2,0,2,2,1,2,0,0,0,0,1,1,0,1,0,1,2,1,1,1,1,0,2,1,1,2,2,1,0,1,1,1,0,1,1,0,2,0,0,1,2,2,1,0,2,2,0,1,1,1,2,0,1,0,1,1,0,1,2,1,1,0,1,1,2,0,1,0,0,1,0,0,1,1,1,1,1,1,0,1,0,2,1
chr4:3976242,rs140,T/G,0,1,0,0,1,0,0,0,0,0,0,1,1,2,0,0,1,0,1,0,1,1,0,0,0,0,0,1,0,0,0,0,0,1,1,0,0,1,0,0,0,0,0,2,0,1,0,1,0,0,1,1,0,1,0,1,1,0,0,0,1,0,0,0,1,0,1,1,0,0,2,0,1,1,1,0,0,1,0,1,0,0,0,1,0,0,1,0,1,0,1,0,1,1,0,0,1,0,1,0,1,0,0,0,0,0,0,0,1,0,1,0,0,0,0,0,0,0,0,0,0,0,1,0,0,0,0,0,1,1,0,0,0,0,1,1,0,2,0,0,0,0,1,1,0,0,0,1,0,0,1,1,1,0,0,1,1,0,0,1,1,1,0,1,0,1,0,1,0,1,0,0,1,0,0,2,0,1,0,1,1,1,2,0,1,1,0,0,2,0,0,0,0,1,0,0,1,0,1,1
chr3:4763024,rs141,T/A,1,0,0,0,0,1,1,1,0,1,0,0,1,1,2,2,1,1,0,0,1,0,1,0,0,1,0,1,0,1,1,1,1,0,1,1,2,0,0,0,0,0,0,1,2,0,2,1,2,2,1,1,1,1,2,1,0,1,1,1,0,1,0,2,0,2,0,0,0,0,1,0,1,0,2,0,1,1,2,2,2,0,2,1,2,0,2,1,1,1,1,1,1,1,1,1,0,2,1,0,1,0,0,1,1,0,1,2,0,0,2,0,1,0,1,1,2,1,1,2,2,0,2,1,1,1,1,0,1,1,0,1,2,1,1,2,1,0,1,0,1,2,1,1,1,0,1,1,0,2,0,2,1,1,0,1,1,1,2,1,2,2,1,1,2,0,2,1,1,0,1,0,1,1,0,2,1,2,1,1,1,1,0,0,2,1,2,0,2,1,1,1,2,1,1,0,1,2,0,1
chr2:9272841,rs142,T/C,1,1,0,0,0,0,0,0,0,0,0,0,0,0,0,0,1,0,1,0,0,0,0,0,0,1,0,0,0,0,0,0,0,0,0,0,0,0,0,0,1,1,0,0,0,0,0,1,0,0,1,1,0,1,0,0,1,1,0,1,0,0,0,0,0,0,0,0,0,0,0,0,0,0,0,0,1,0,0,0,0,0,1,0,0,0,0,1,0,0,0,0,0,0,0,0,0,1,0,0,0,0,0,0,0,0,0,0,0,0,1,0,0,0,0,0,0,0,0,1,0,0,0,0,0,0,0,0,1,2,0,1,1,2,0,0,0,0,0,0,0,1,0,0,0,1,1,0,0,0,0,0,0,0,0,1,0,1,0,0,0,0,0,0,1,1,0,0,1,0,0,0,0,0,0,0,0,0,1,0,0,0,0,0,0,1,0,0,0,0,0,0,1,0,1,0,0,0,0,0
chr2:3597480,rs143,C/T,0,0,1,0,1,1,0,0,1,0,0,1,0,1,0,0,1,0,1,2,0,0,0,0,1,0,0,0,0,1,0,0,0,1,1,1,0,0,2,2,0,0,1,0,0,0,1,0,1,0,0,0,2,0,0,1,0,1,0,0,0,2,0,1,0,0,0,1,0,0,1,0,0,0,0,0,1,0,0,1,0,1,0,0,0,0,0,0,0,0,0,0,0,0,0,0,0,0,0,0,1,0,0,0,1,1,0,0,1,0,0,0,0,0,0,1,0,1,0,1,1,0,0,0,0,0,1,0,0,0,0,0,1,0,1,1,1,0,0,0,0,2,0,0,0,0,0,0,1,0,0,0,0,0,1,0,0,1,1,0,0,1,0,0,0,0,0,0,0,1,0,0,0,0,0,1,0,0,1,1,0,0,0,0,0,0,1,1,0,0,1,0,0,0,0,0,2,0,0,0
chr1:3922097,rs144,A/G,2,0,2,0,0,1,1,1,1,0,0,1,0,0,0,2,2,0,0,1,2,0,2,1,2,0,2,1,2,1,1,2,1,1,1,1,2,0,1,2,1,2,2,1,1,2,2,2,0,0,1,1,1,0,1,1,2,2,1,1,1,1,1,1,0,1,0,0,1,0,1,0,1,2,1,1,2,1,0,0,1,1,0,2,0,2,2,2,2,0,1,0,2,1,1,2,0,0,1,1,1,1,2,0,1,1,1,1,0,0,0,1,0,1,0,1,2,1,1,2,1,2,0,2,1,0,2,2,1,2,0,1,0,0,1,1,0,1,0,1,0,2,0,1,0,1,0,1,1,2,0,2,0,0,0,0,1,2,0,1,1,1,1,2,0,1,0,1,1,1,0,0,0,2,0,1,0,2,1,0,2,0,1,1,1,2,2,2,2,1,0,1,1,0,1,2,0,2,1,0
chr1:1531831,rs145,G/A,2,0,0,1,2,0,0,1,1,1,2,2,2,0,2,1,0,1,0,1,1,1,0,1,0,2,1,0,0,1,1,1,0,1,0,1,2,1,0,2,0,1,1,0,0,0,2,2,1,0,2,1,1,1,1,1,1,1,2,1,1,0,1,0,0,1,0,1,2,1,0,1,2,1,1,1,1,1,1,1,1,0,0,1,1,1,1,1,2,1,1,1,1,2,0,1,0,0,1,0,1,2,2,0,1,2,0,1,2,0,2,1,0,1,1,0,1,1,1,0,1,1,2,2,1,0,2,1,0,1,0,0,1,0,2,2,1,0,1,1,1,0,1,1,2,2,1,1,0,0,2,1,0,1,2,1,0,2,1,1,0,2,2,1,0,1,0,0,1,0,2,0,1,0,1,0,1,1,2,1,0,0,1,0,1,2,2,2,2,1,1,1,2,0,1,0,0,1,1,1
chr1:4369720,rs146,G/T,1,0,0,1,0,0,1,1,1,0,1,1,1,1,1,1,1,1,1,0,1,0,0,1,1,0,1,0,1,1,1,0,2,1,1,1,2,1,1,0,1,1,1,0,0,1,1,1,0,0,0,0,0,1,2,0,1,1,2,2,0,0,0,1,1,0,1,0,2,0,0,0,0,1,0,1,0,0,1,2,0,2,1,0,1,0,0,1,0,0,0,1,1,0,2,0,1,2,1,1,1,0,1,0,0,0,0,1,1,0,0,1,1,0,0,1,1,0,0,1,0,0,1,2,0,1,0,2,0,1,1,2,1,0,0,0,1,1,1,0,1,2,2,1,1,1,0,0,1,0,1,1,1,0,0,0,0,2,0,0,0,1,1,0,2,1,0,1,1,0,1,0,0,0,1,1,0,0,1,0,0,0,0,0,0,0,1,0,2,0,1,1,0,1,1,0,2,0,0,1
chr1:3640328,rs147,G/C,1,1,1,0,2,0,0,0,0,0,0,0,0,1,0,0,1,0,1,0,0,0,0,0,0,1,0,0,1,0,1,0,0,0,0,0,1,0,0,0,0,0,0,0,0,1,0,0,1,1,0,1,0,0,1,1,0,0,0,0,1,0,0,0,1,0,1,1,0,1,1,0,0,0,0,0,0,0,0,0,0,0,0,0,0,0,0,0,1,0,0,0,1,0,0,1,1,0,0,0,0,0,1,0,1,1,0,0,0,0,0,0,1,0,0,1,0,0,0,0,0,1,0,0,0,0,0,0,0,0,0,1,1,0,0,0,1,0,2,1,0,1,1,0,0,0,0,0,0,0,0,1,1,1,0,1,2,0,1,0,1,1,1,0,0,0,0,0,0,1,0,1,0,0,0,0,0,1,0,1,1,0,1,1,1,1,1,0,0,1,1,0,0,1,0,0,0,1,0,0
chr1:6063778,rs148,G/T,1,0,0,1,1,0,1,2,2,1,0,0,0,0,1,1,0,2,1,1,2,1,2,0,0,1,1,0,1,0,1,1,1,1,2,0,2,0,1,1,1,1,1,0,1,0,0,0,1,1,0,0,1,2,1,1,1,1,2,1,1,2,2,0,1,1,1,1,1,0,0,2,1,2,1,1,2,0,1,1,1,0,0,0,1,2,2,0,0,0,1,2,2,0,0,0,0,1,1,1,1,0,0,0,1,2,1,0,1,0,0,1,1,1,1,0,0,0,0,0,1,0,2,1,0,1,1,1,0,2,0,2,0,1,1,1,0,0,1,2,1,1,0,1,0,0,1,1,0,0,1,0,2,0,0,1,1,0,1,0,1,1,1,1,1,1,1,1,1,0,1,1,0,2,1,1,0,1,1,0,1,2,1,1,1,0,2,2,1,0,0,0,1,0,1,1,0,1,0,1
chr1:5122263,rs149,C/T,0,0,2,1,0,0,1,0,2,2,1,2,0,0,0,0,2,0,1,1,0,0,0,0,0,0,1,1,0,0,1,0,0,1,1,1,0,0,0,2,0,0,1,2,1,0,0,1,0,0,0,1,0,1,0,0,2,0,1,0,0,1,1,1,0,0,1,0,1,0,1,1,0,1,0,0,0,1,0,1,0,0,0,0,1,1,1,0,0,1,1,0,1,0,0,1,0,0,0,0,1,0,2,1,0,0,0,1,0,0,0,1,1,1,1,0,1,0,0,1,0,0,1,0,0,1,0,1,1,0,0,1,1,0,0,0,1,0,1,2,1,1,0,0,0,0,0,1,0,1,0,0,0,2,1,0,0,1,0,0,0,0,0,0,1,0,1,0,0,0,1,0,0,1,1,0,0,0,1,1,1,1,1,0,0,1,0,0,0,1,0,0,1,0,2,0,1,0,1,1
chr4:2355531,rs150,A/G,2,0,2,1,2,1,0,1,0,1,1,0,2,2,2,1,1,1,0,2,2,1,2,1,1,2,1,1,1,1,1,1,1,0,1,2,0,0,0,2,1,2,1,1,1,0,1,1,0,1,0,0,0,1,0,1,0,1,1,2,1,0,0,0,2,1,0,0,1,0,1,1,1,1,0,1,1,1,1,2,0,1,1,1,0,1,0,0,1,1,2,1,1,1,0,0,0,0,0,2,1,2,2,1,0,1,2,1,1,0,1,1,1,2,0,2,0,2,1,1,0,1,2,0,0,0,0,0,1,0,1,2,1,0,1,1,1,0,2,1,0,1,0,2,2,0,1,1,1,0,1,0,1,1,1,1,1,1,1,0,0,0,0,1,1,0,1,1,1,0,0,1,2,0,1,2,1,1,1,1,1,2,1,2,2,1,1,1,1,1,0,1,1,1,1,0,1,1,2,0
chr1:7990102,rs151,A/G,1,1,1,0,1,1,1,1,0,2,1,1,2,2,1,1,1,0,0,1,1,0,2,1,1,0,0,1,0,1,1,1,1,0,0,1,1,0,0,0,1,0,0,1,0,1,0,2,0,0,2,0,1,0,0,1,2,1,1,1,0,1,0,0,0,1,0,1,0,0,1,1,1,0,2,0,1,1,1,2,1,0,0,0,0,2,0,1,1,1,1,1,0,1,0,2,0,0,1,1,1,0,0,0,1,1,0,1,0,2,0,1,1,0,0,0,0,1,0,0,1,0,0,0,1,1,2,0,0,0,1,1,0,1,1,2,0,0,0,0,2,0,1,0,0,0,0,1,2,1,1,0,1,0,2,1,0,1,2,0,0,0,1,0,1,2,2,0,1,0,1,1,1,1,1,0,1,0,0,0,2,0,1,1,1,1,0,1,1,1,0,0,2,0,0,0,0,0,1,2
chr1:1898320,rs152,A/C,0,0,0,1,0,0,0,1,0,0,0,1,1,0,1,0,0,0,1,0,1,0,1,0,0,0,0,0,0,2,0,0,0,0,0,1,0,1,0,2,0,0,1,2,1,0,0,1,0,0,1,1,1,2,0,0,1,1,1,1,0,0,0,1,0,1,0,0,0,1,0,1,0,0,0,1,0,1,0,0,0,0,1,0,1,0,0,0,0,0,2,1,1,0,0,0,0,0,0,1,2,0,1,1,0,1,0,1,0,0,0,1,0,0,0,0,1,1,1,1,1,1,1,0,0,2,1,1,0,1,1,0,0,0,1,1,1,0,1,0,0,0,2,0,0,0,0,1,0,1,1,0,1,0,2,0,1,1,0,0,0,0,0,2,0,0,0,0,0,2,1,0,0,0,1,1,1,0,1,0,0,1,0,0,0,0,0,0,0,1,0,1,0,0,0,1,1,0,1,1
chr4:4264908,rs153,C/G,0,0,0,0,1,0,1,0,0,0,0,0,0,0,1,0,0,0,1,1,0,1,0,0,0,0,1,0,0,1,1,0,0,0,0,0,0,0,1,1,0,0,1,0,0,0,0,0,0,0,1,1,1,1,0,0,0,0,0,0,2,0,0,0,0,1,0,0,1,0,0,0,0,0,1,1,0,0,1,0,2,0,0,0,0,0,1,0,1,0,0,1,2,1,1,0,1,0,0,0,1,0,0,0,0,1,0,0,0,0,0,0,0,0,1,1,0,0,1,0,0,0,1,0,0,0,0,0,0,1,0,0,0,0,1,0,0,0,0,1,0,0,0,1,0,0,0,1,0,0,0,0,0,0,0,0,0,0,0,1,0,0,1,0,0,0,0,0,0,0,1,0,0,2,0,1,0,0,1,0,0,0,0,0,0,0,0,0,0,0,0,0,0,0,0,0,0,0,0,0
chr1:7486460,rs154,A/G,2,0,1,1,1,0,0,0,1,0,1,1,1,0,1,0,1,0,1,1,0,0,0,0,1,0,0,1,0,2,0,0,0,0,0,0,0,0,1,0,1,2,2,1,1,0,0,0,1,1,0,0,1,0,0,0,2,0,0,0,0,0,0,0,0,0,0,1,0,0,1,0,0,0,1,1,0,1,0,1,0,1,0,0,0,1,1,0,1,1,1,0,0,0,0,1,1,1,0,1,0,2,0,1,1,1,0,0,0,0,1,1,0,0,1,0,0,1,1,0,0,0,1,0,0,1,1,1,0,0,1,1,1,2,1,0,0,0,1,0,1,0,1,0,0,1,0,0,0,1,1,1,1,1,0,0,0,1,1,0,0,0,0,1,0,1,0,2,0,0,1,0,0,0,1,1,0,1,0,0,0,1,0,2,0,1,2,0,1,0,0,0,1,0,0,2,0,0,2,0
chr4:4621581,rs155,C/G,1,0,0,0,1,0,0,0,0,1,0,1,0,0,0,0,0,1,1,0,1,2,0,0,1,0,1,2,0,1,0,0,0,0,0,0,1,0,0,0,0,0,1,0,1,0,1,0,0,1,0,1,1,0,1,1,0,0,0,0,0,1,1,1,1,0,0,1,0,1,0,0,0,0,0,0,0,0,0,1,1,0,0,1,1,0,0,0,0,1,2,1,2,0,1,0,0,1,0,0,1,0,1,0,1,0,0,0,1,1,0,0,0,1,0,0,1,1,0,0,1,1,0,0,0,1,1,0,0,0,1,0,0,1,1,1,0,1,1,1,0,0,1,2,1,1,0,0,1,1,1,2,0,0,1,0,1,1,0,1,0,1,0,1,1,0,1,1,1,2,0,0,0,2,0,0,0,0,1,0,1,0,1,0,0,0,0,0,0,0,0,1,0,1,2,0,0,0,0,1
chr2:6382287,rs156,A/T,0,0,1,0,1,1,0,0,0,0,0,0,0,0,1,1,0,0,0,1,1,0,0,0,0,1,0,1,0,1,0,0,1,1,1,1,1,0,1,1,0,0,1,1,0,1,1,0,1,0,0,0,1,0,1,0,1,1,1,1,1,0,0,0,1,0,0,1,1,1,0,0,0,0,0,0,0,0,0,0,1,1,1,0,2,1,0,0,0,1,0,1,0,2,1,1,0,0,1,1,0,1,0,0,0,1,0,1,0,1,1,0,0,0,1,0,0,0,0,0,1,0,0,1,0,1,1,0,0,0,0,0,2,0,1,0,1,1,1,0,0,0,1,1,0,1,1,0,0,1,0,1,1,0,0,0,1,0,0,1,0,1,0,0,0,0,2,0,0,0,0,0,0,1,0,0,0,0,0,0,0,0,0,0,0,0,1,1,1,0,1,0,1,0,0,0,0,0,0,0
chr3:4772811,rs157,A/G,2,1,1,0,0,0,1,1,1,0,1,0,1,0,1,1,0,0,1,0,1,1,1,1,2,1,2,0,1,1,2,0,0,0,2,1,2,1,0,1,1,2,1,2,0,1,1,0,0,1,0,2,2,1,1,0,0,2,1,1,1,1,0,2,1,2,1,0,0,1,1,1,1,1,0,1,1,1,1,0,1,1,1,2,0,1,0,2,2,1,2,0,0,1,1,1,1,1,1,0,0,1,1,0,0,1,0,2,0,0,1,2,1,1,0,1,0,1,1,0,0,1,1,2,0,1,0,1,1,2,1,2,1,1,2,1,1,1,1,2,1,0,2,2,1,0,1,0,1,0,1,0,1,1,1,0,0,1,1,1,0,1,1,1,1,2,2,2,1,2,0,1,1,1,1,0,2,1,2,0,1,1,1,1,0,0,1,1,0,1,1,1,0,1,1,1,2,1,1,0
chr1:4788340,rs158,C/A,0,1,1,0,0,0,1,1,0,1,0,0,0,0,0,0,0,0,1,0,1,0,0,0,0,0,0,1,1,1,0,0,0,1,2,1,0,0,0,0,0,0,0,0,0,1,0,0,1,0,0,1,0,0,0,0,0,0,0,1,0,1,0,0,0,1,1,0,0,1,1,0,0,1,0,1,0,1,0,1,0,1,1,1,1,0,0,1,1,0,0,0,0,1,1,1,1,0,0,1,0,0,1,1,1,1,0,0,1,1,0,0,1,0,1,0,0,1,0,0,1,1,0,0,0,0,0,0,0,0,0,0,2,2,0,1,1,0,0,0,1,0,1,1,1,1,1,0,0,0,1,0,1,2,0,0,1,0,0,1,1,0,1,0,1,1,0,0,1,0,0,0,0,1,0,1,0,1,1,0,2,0,0,2,1,1,0,0,0,2,2,0,0,0,0,0,1,1,1,1
chr3:6851244,rs159,A/C,1,1,0,0,1,2,1,2,0,1,2,1,2,1,0,0,1,2,0,1,1,0,0,1,0,0,0,0,1,1,1,1,2,2,2,1,2,1,0,0,1,0,0,1,1,2,1,1,0,1,1,2,1,1,1,1,2,0,1,1,2,1,0,1,1,1,0,0,1,2,2,1,2,0,1,0,1,2,2,1,1,2,0,1,0,2,0,0,1,0,0,1,2,0,2,1,1,1,0,1,0,0,1,1,1,1,2,0,0,1,0,1,1,1,1,1,1,0,0,1,0,1,0,0,0,1,0,0,0,0,1,2,0,0,1,1,2,0,1,1,1,0,1,0,0,1,0,1,1,2,1,0,0,1,1,1,1,1,0,1,1,1,1,0,1,1,0,1,0,1,2,1,1,0,0,1,1,1,2,0,1,1,1,1,0,2,1,1,1,0,1,1,1,1,2,1,1,0,1,0
chr2:6083769,rs160,A/G,0,0,0,0,0,0,0,0,0,0,0,2,0,0,0,1,0,1,0,0,0,0,0,0,0,0,0,0,0,0,0,0,0,0,1,0,0,0,0,0,2,1,0,0,1,0,0,0,0,2,0,0,1,0,1,0,0,0,0,0,0,2,1,0,1,1,0,0,1,0,0,0,0,1,0,1,0,0,0,0,0,1,0,1,0,0,0,0,0,0,0,0,0,0,0,0,1,1,0,0,0,0,0,0,0,0,0,0,1,1,1,0,0,0,0,0,1,1,1,0,0,0,1,0,0,0,0,0,1,0,0,0,0,0,0,0,1,0,0,1,2,0,1,0,0,0,0,0,0,0,0,0,1,0,0,1,0,0,0,0,0,1,0,0,0,0,0,1,0,0,0,0,1,1,0,0,0,0,1,0,0,0,0,0,0,0,0,0,0,0,0,0,0,0,0,0,0,0,0,1
chr3:3276360,rs161,T/C,2,1,1,2,2,2,1,1,1,1,2,2,1,1,2,0,0,1,0,1,1,0,1,1,1,0,2,1,1,1,1,1,1,2,2,1,0,1,0,1,1,2,2,1,1,1,0,2,1,0,2,0,0,1,1,1,1,0,1,1,2,0,1,2,2,2,0,1,1,2,0,0,1,0,1,2,1,1,2,0,1,1,0,0,1,2,2,1,0,0,1,0,0,1,1,1,2,2,1,0,2,1,0,1,1,1,1,1,1,1,0,0,1,1,1,1,0,1,2,0,1,2,0,2,1,1,0,1,1,1,2,1,1,0,0,2,0,1,1,2,1,2,1,2,0,1,0,1,1,0,0,1,0,1,0,1,1,1,1,1,2,1,1,1,0,2,2,1,2,0,1,2,1,0,1,0,2,0,1,1,0,2,1,1,1,1,2,1,1,0,2,1,1,1,1,2,1,2,1,1
chr4:9914438,rs162,T/A,0,1,1,2,0,0,0,1,0,1,2,1,0,2,1,0,1,1,1,1,0,1,0,1,1,0,0,0,0,0,1,1,1,1,2,2,0,1,0,0,1,1,1,1,0,2,0,0,0,2,1,1,1,1,2,1,2,1,1,1,2,1,1,1,1,0,1,1,0,1,1,0,0,2,1,0,2,1,1,1,0,2,1,1,2,0,0,0,0,1,1,0,0,0,2,1,1,1,1,0,2,1,1,1,1,0,0,1,0,0,1,2,2,0,0,1,2,2,2,1,0,0,0,1,0,1,1,0,2,1,2,2,0,1,0,1,1,2,0,1,2,1,0,1,0,0,1,0,1,1,1,0,0,0,0,1,1,2,1,0,0,2,1,1,0,0,0,2,0,1,1,1,0,1,0,2,0,0,1,2,0,1,0,0,1,0,1,1,2,0,1,2,1,0,1,2,1,2,1,0
chr4:7646705,rs163,C/T,0,0,1,0,1,0,0,0,1,0,0,2,0,1,1,0,0,2,0,0,0,0,1,1,1,1,0,1,0,0,1,0,1,0,1,0,0,0,0,0,1,0,0,0,0,0,0,0,1,0,0,0,0,1,0,0,0,1,0,0,0,0,0,2,0,1,0,0,1,0,0,1,1,1,1,0,0,1,2,0,0,0,0,0,1,0,0,0,0,0,0,0,0,0,0,2,1,1,0,0,0,1,0,1,0,0,0,1,0,0,1,0,0,0,0,0,1,0,1,0,0,1,0,1,0,0,0,0,1,0,0,0,0,0,0,2,0,0,0,1,0,0,0,0,0,0,0,0,1,0,1,0,1,0,0,1,0,0,1,1,0,0,0,1,0,1,0,0,0,0,0,0,0,0,0,0,1,0,0,1,0,1,0,0,0,0,0,0,1,0,0,0,1,0,0,1,2,0,1,0
chr2:7903836,rs164,A/C,1,2,2,0,0,1,0,1,2,1,1,1,1,0,0,2,2,2,1,1,1,1,0,1,0,1,1,1,1,1,1,2,0,1,1,2,1,1,0,0,1,2,1,0,0,0,2,2,1,0,2,0,1,2,1,0,0,2,0,1,2,2,1,0,1,0,0,2,0,0,1,1,1,2,1,1,1,0,1,1,0,1,1,1,1,1,1,2,1,1,0,1,2,1,0,1,0,1,1,1,2,1,1,1,1,1,0,1,1,0,0,0,2,1,1,1,1,1,1,0,1,1,1,1,1,1,1,0,1,2,1,2,0,0,1,0,0,1,1,0,2,0,0,0,2,1,0,0,1,1,2,1,0,2,1,1,1,1,0,1,0,2,1,0,1,1,2,1,2,1,0,2,1,1,2,1,0,2,1,1,0,1,1,1,1,2,1,1,2,1,1,1,1,1,1,1,0,2,2,1
chr3:7243669,rs165,G/A,0,0,1,0,0,1,0,0,0,0,0,0,0,1,0,0,0,1,0,0,0,0,0,0,0,0,0,1,1,0,0,0,0,0,0,1,0,0,0,0,0,0,0,0,1,0,1,0,1,0,1,0,0,0,0,0,1,0,0,0,0,0,0,1,0,1,0,1,0,0,0,0,0,0,0,0,0,0,2,0,0,0,0,1,1,1,1,2,0,1,0,0,0,0,0,0,0,0,0,1,1,1,0,1,0,0,0,0,2,0,1,0,0,0,0,1,0,0,0,0,0,0,0,1,0,0,0,0,0,0,0,0,0,0,0,1,0,0,0,1,1,0,0,0,1,0,0,0,0,0,0,0,0,0,0,0,1,0,0,1,0,0,0,0,0,0,1,0,0,0,0,0,0,0,0,0,0,0,0,0,0,0,0,1,0,1,0,0,0,1,0,0,0,0,0,0,0,1,1,1
chr3:7200646,rs166,A/T,0,2,1,2,0,1,0,0,2,2,1,1,1,1,1,1,1,2,1,1,2,2,2,1,1,0,0,1,0,1,2,2,0,1,2,1,2,2,1,1,1,1,1,1,2,0,2,1,2,0,0,1,1,0,2,1,2,1,0,1,2,1,0,2,0,1,1,1,0,2,2,1,0,0,0,1,1,0,1,1,2,1,1,1,1,1,1,1,1,2,1,1,2,0,1,2,1,1,1,0,1,0,1,1,1,1,0,1,1,0,1,1,0,0,0,1,0,0,1,2,1,2,0,0,0,2,1,1,1,1,1,1,2,1,1,1,2,0,0,1,1,2,1,1,0,1,1,1,0,2,1,0,2,1,1,2,0,0,1,0,2,2,1,2,0,1,2,2,1,0,0,1,1,0,1,2,1,0,2,0,2,0,1,1,1,1,0,1,1,0,2,2,2,1,0,1,2,0,1,1
chr4:6409861,rs167,G/C,0,2,1,0,0,0,0,1,0,1,0,0,1,1,0,2,1,1,1,0,0,0,0,1,0,0,1,0,0,0,1,0,1,0,1,0,0,0,0,0,0,0,1,0,2,1,0,0,0,1,1,0,0,0,1,1,1,1,0,2,1,0,0,0,1,0,0,0,0,0,0,1,0,1,0,0,0,0,0,1,1,0,1,1,1,0,1,0,1,0,1,0,1,1,0,0,1,0,0,1,1,0,0,1,1,0,0,0,1,0,0,0,0,1,0,0,0,0,1,0,1,0,0,0,1,0,0,0,0,0,1,0,1,1,0,0,0,0,0,0,1,1,1,0,0,0,0,0,0,1,1,0,1,1,0,0,2,0,2,0,0,0,2,0,0,0,0,0,0,0,0,0,0,0,0,1,0,0,0,0,0,0,1,1,0,0,1,0,0,1,0,1,0,0,1,0,0,0,0,0
chr3:9415398,rs168,C/T,2,1,1,1,1,0,0,1,0,0,1,0,0,0,1,0,0,0,0,0,2,0,1,1,0,0,0,1,0,0,0,0,0,1,0,0,1,1,0,0,0,0,0,0,0,1,0,0,2,1,0,0,2,0,1,1,0,1,2,1,0,1,1,1,1,0,0,0,0,0,0,0,1,1,1,0,0,0,1,1,0,1,1,1,0,1,0,0,0,0,0,0,0,0,0,0,1,1,0,0,1,1,0,1,0,1,2,0,2,0,1,0,1,0,1,1,0,0,0,1,1,0,1,0,0,0,1,2,1,0,1,0,0,0,0,1,0,2,0,0,0,0,2,0,2,0,0,0,1,0,2,0,0,1,0,0,1,0,0,0,0,0,0,1,0,1,0,0,0,1,1,0,0,1,1,1,0,1,1,0,0,0,0,2,1,0,0,1,0,0,0,0,0,1,0,1,1,1,0,0
chr2:8827494,rs169,T/G,2,0,1,0,0,1,2,0,1,2,1,2,0,2,0,2,0,1,0,1,0,2,0,1,0,1,1,2,1,0,0,1,1,1,0,1,2,0,0,1,0,1,1,2,2,1,0,0,2,1,1,1,0,0,0,1,1,0,1,2,1,1,0,2,1,2,1,1,2,1,0,0,0,0,0,1,0,1,2,1,2,0,1,0,1,1,0,0,1,1,1,0,1,0,2,2,0,0,1,0,2,1,0,0,1,1,1,0,0,1,1,0,0,1,1,0,1,0,0,1,1,0,0,0,1,0,0,0,1,1,0,1,0,1,0,0,1,1,1,1,0,0,1,2,2,1,0,1,0,1,0,0,0,1,1,1,1,2,0,1,1,1,0,0,0,2,2,1,2,0,0,1,0,0,2,1,2,0,0,0,2,0,0,0,1,0,0,1,1,0,0,2,0,0,0,2,0,1,2,1
chr1:5984445,rs170,T/A,1,1,1,1,0,1,0,0,1,0,0,0,0,1,0,1,0,0,0,0,0,1,0,0,0,0,0,1,0,0,0,0,0,1,1,0,1,0,1,1,0,0,0,0,0,1,0,0,1,1,0,1,1,0,0,1,1,0,0,1,2,1,2,0,1,1,1,0,1,0,0,0,0,0,2,1,1,2,0,0,0,0,0,0,0,0,0,0,1,0,0,0,1,0,0,0,1,1,0,1,0,0,0,0,1,1,0,0,0,0,1,1,1,0,1,0,2,0,0,0,0,1,1,1,0,0,1,1,0,1,2,1,0,0,0,1,0,1,1,0,1,0,0,0,0,2,0,1,0,1,0,0,2,0,1,0,0,1,1,0,1,0,0,0,1,0,0,2,0,0,0,0,0,0,0,0,1,2,1,0,0,1,1,0,0,1,0,0,0,1,1,1,1,0,1,0,0,1,0,0
chr3:4319144,rs171,C/A,2,1,0,1,2,1,2,0,1,1,1,2,1,0,1,1,1,2,0,1,0,0,1,2,0,0,1,1,1,1,0,1,1,1,1,2,1,0,1,1,0,1,2,1,1,2,1,1,1,1,0,1,0,2,0,0,1,2,1,2,1,1,2,0,2,2,2,2,2,0,1,1,0,1,0,0,2,2,2,2,1,2,1,2,0,2,1,1,1,2,2,0,0,0,0,1,1,1,2,1,1,0,2,2,1,1,0,2,1,1,0,0,0,0,0,0,1,1,1,1,1,1,1,2,2,1,0,2,2,0,0,2,1,2,0,2,0,1,2,0,0,2,0,0,1,1,1,2,1,1,1,2,1,2,2,1,1,1,0,0,2,1,1,1,2,0,1,1,2,1,2,1,2,2,1,1,1,2,1,1,1,1,0,0,0,0,1,2,1,0,1,2,1,2,0,0,1,1,2,2
chr3:6744588,rs172,G/T,1,0,1,0,0,0,1,0,0,0,1,0,0,1,0,0,0,0,0,0,0,1,0,0,0,0,1,0,0,1,1,1,1,0,1,1,0,1,0,1,0,0,0,0,0,0,1,1,0,1,0,1,0,1,1,0,0,2,1,0,0,1,2,0,1,0,1,1,0,0,1,0,1,1,0,1,0,1,1,1,0,0,0,0,0,1,0,0,0,0,1,0,0,0,0,0,1,1,0,0,1,0,0,0,1,1,0,0,1,2,1,1,1,0,0,0,0,0,1,0,1,0,1,0,1,0,0,0,0,0,0,0,1,1,1,0,0,1,0,0,1,0,0,1,1,1,0,1,1,1,1,0,0,1,1,0,1,0,0,0,0,0,1,0,0,2,0,1,1,0,1,2,1,0,0,0,1,1,1,0,0,0,0,1,0,0,1,0,1,0,1,0,0,1,1,0,1,2,0,1
chr1:5949499,rs173,A/T,0,0,0,0,0,0,1,1,0,0,1,0,0,0,1,0,0,1,0,0,1,0,1,0,0,0,1,0,0,2,1,0,0,0,0,2,2,0,0,1,1,0,0,0,1,0,1,0,1,0,0,0,0,0,1,0,0,0,0,0,0,0,0,0,0,0,1,0,0,1,0,0,0,1,1,1,1,1,1,0,0,1,1,0,0,1,0,0,1,0,0,1,0,1,2,1,2,0,0,1,0,0,1,1,1,1,1,1,0,0,1,0,2,1,1,2,1,0,0,0,0,0,1,0,0,0,0,0,0,1,0,0,0,1,1,2,1,0,0,0,1,0,1,0,0,0,1,0,0,0,0,0,0,0,0,0,1,0,0,0,1,0,0,1,0,0,0,0,2,0,0,2,1,0,1,1,1,0,0,0,0,0,1,0,0,1,0,1,1,2,0,1,1,1,1,0,0,1,1,1
chr4:5408224,rs174,T/A,0,0,1,1,0,0,0,0,0,1,1,0,0,0,0,2,1,0,0,0,0,0,0,1,0,2,0,1,1,0,0,1,0,0,1,0,0,0,0,0,0,0,0,0,0,1,0,2,0,0,0,0,0,1,1,0,0,1,0,0,0,0,0,0,0,1,0,0,0,1,0,0,0,0,0,0,0,1,0,1,0,0,1,1,0,0,2,0,0,0,0,0,1,0,1,0,0,0,1,0,0,1,1,0,1,1,0,0,0,0,0,0,1,1,0,1,1,0,1,1,0,2,0,0,1,1,1,0,0,0,0,0,1,0,0,0,0,0,0,0,0,0,0,0,0,1,0,1,1,0,0,2,0,0,0,0,1,1,0,0,0,2,0,1,0,1,0,1,0,1,0,0,0,0,0,0,0,0,0,0,0,0,0,0,1,0,0,0,1,0,1,0,0,0,0,0,0,1,0,0
chr2:6703737,rs175,G/A,1,0,1,1,0,0,0,1,0,1,1,1,1,1,2,2,2,0,0,1,1,0,0,2,0,1,0,1,1,0,2,1,1,2,1,1,0,1,0,0,1,0,1,1,1,0,0,1,1,0,1,1,0,1,0,2,0,0,2,0,1,0,2,1,1,0,0,1,0,1,1,2,0,1,1,1,1,0,1,2,0,1,0,1,1,0,1,1,2,1,1,2,1,1,1,1,0,0,1,1,1,1,0,1,0,0,0,0,0,0,1,0,0,2,1,0,0,1,1,0,0,2,1,1,0,0,1,2,0,2,0,1,0,1,1,1,1,1,1,0,1,0,1,1,0,2,2,1,0,1,2,0,2,2,1,1,1,1,0,0,1,0,1,2,0,0,1,0,2,1,1,0,0,0,0,1,1,0,0,1,1,1,0,2,2,0,1,1,2,1,2,0,0,1,1,1,2,1,1,1
chr4:6658796,rs176,A/G,0,1,0,0,0,2,0,0,0,0,0,0,0,1,1,0,1,1,1,0,0,1,0,0,0,1,0,0,1,1,0,0,1,0,1,1,0,0,0,1,0,0,0,0,0,0,1,0,0,1,1,1,0,0,1,1,1,1,0,1,1,0,0,1,0,1,1,1,2,0,0,1,0,0,1,0,0,0,2,0,0,2,0,0,1,0,0,1,0,1,1,0,1,0,0,1,0,1,0,0,1,0,1,1,2,0,2,1,1,1,1,1,1,1,0,0,1,2,1,1,1,0,0,0,0,1,1,0,0,0,0,0,0,0,1,0,1,1,0,1,1,0,0,1,0,0,0,0,1,1,1,0,2,1,1,0,0,1,0,1,1,0,1,0,1,2,2,1,1,1,1,0,0,1,0,1,0,0,0,1,2,0,1,1,1,1,0,1,0,0,0,0,1,0,1,1,1,1,2,0
chr1:2855567,rs177,T/A,0,1,1,1,0,0,1,2,0,2,0,1,2,0,1,0,1,1,1,2,0,1,1,2,0,2,1,1,0,1,1,1,1,0,0,1,0,1,1,0,1,1,1,1,0,2,1,2,0,0,1,0,2,0,0,0,0,1,1,0,0,0,0,1,1,1,2,2,1,1,2,1,0,1,2,1,0,2,2,0,2,2,0,1,0,1,2,1,1,2,2,0,2,0,0,1,1,1,0,0,2,0,0,1,1,0,0,2,2,0,1,0,1,0,1,1,1,2,1,1,0,0,1,1,1,1,1,2,1,0,0,2,0,0,0,1,1,0,1,1,1,1,1,1,0,1,0,0,2,2,2,2,2,1,0,2,2,0,1,0,2,1,0,0,2,1,1,1,0,0,1,1,0,1,0,2,0,0,0,0,0,1,1,0,1,2,0,1,0,0,1,0,2,0,1,1,0,1,1,1
chr3:5926203,rs178,A/G,0,1,0,0,0,2,1,0,0,0,0,1,0,0,1,2,1,2,0,1,0,2,2,1,2,1,0,1,1,0,1,1,0,1,1,0,1,2,2,1,1,0,0,0,2,2,1,1,0,1,1,1,1,1,1,1,1,0,1,0,0,0,0,2,1,2,0,0,1,1,1,1,1,1,1,0,1,1,1,0,1,2,0,1,1,1,2,1,2,1,0,1,2,2,0,0,1,1,0,0,1,1,2,2,0,2,1,2,0,0,1,2,2,1,1,1,1,1,1,0,1,1,2,1,1,2,0,0,1,0,1,2,1,0,0,0,1,0,2,1,0,0,1,1,1,2,1,1,2,0,0,0,2,2,0,1,0,1,0,0,2,1,0,2,1,1,2,1,0,0,0,0,1,0,1,0,1,1,1,1,2,1,1,1,1,0,0,1,1,0,0,0,2,0,0,1,1,1,1,1
chr3:3373139,rs179,A/C,0,1,2,0,0,0,0,0,0,0,1,0,1,1,1,2,1,1,0,2,2,0,1,1,0,1,0,0,0,1,1,2,1,0,0,2,1,1,0,1,0,0,1,1,0,1,1,0,2,0,1,1,0,1,0,1,1,0,0,1,1,1,1,1,2,0,1,1,2,1,2,1,1,1,1,1,0,2,1,1,1,0,1,1,2,1,0,1,1,1,1,0,0,1,0,1,1,2,2,1,1,1,0,0,1,1,0,1,1,2,0,0,2,0,1,1,1,1,2,0,0,1,1,1,2,2,0,0,0,2,1,1,1,1,0,1,1,1,1,0,0,1,2,0,0,1,1,0,1,2,1,1,1,0,1,1,1,2,0,0,2,0,1,1,2,1,1,1,2,1,0,1,2,1,1,1,1,1,0,0,0,2,1,1,1,1,2,0,1,1,0,0,1,1,1,1,1,0,2,0
chr3:3114792,rs180,A/C,0,0,2,2,0,0,0,0,1,1,1,1,0,1,1,1,2,1,1,2,1,1,0,1,0,1,1,1,1,1,0,1,1,1,0,1,1,0,1,0,1,1,1,1,0,1,0,0,0,1,1,1,1,0,1,1,0,0,1,0,0,0,0,0,1,0,0,0,1,1,1,1,1,0,0,0,0,0,1,0,2,1,2,0,1,1,2,1,1,0,0,0,2,0,0,2,0,1,1,0,0,1,2,1,0,0,0,1,0,0,1,1,0,1,1,1,1,1,1,1,1,1,1,1,0,0,1,0,0,1,0,1,1,0,0,0,0,0,0,1,1,1,1,0,0,0,2,1,0,1,2,1,1,0,0,1,1,1,0,2,1,0,0,1,0,0,0,2,1,0,1,1,0,1,1,1,1,1,0,0,1,2,1,0,0,1,0,0,1,2,1,0,0,1,2,2,1,1,0,0
chr3:7081950,rs181,A/T,2,0,0,1,0,0,1,1,0,2,0,1,1,0,1,0,0,1,0,0,0,0,1,1,0,0,0,0,0,0,0,1,1,1,1,0,1,2,1,0,1,1,0,2,0,0,0,0,1,0,0,1,0,1,1,0,2,1,1,1,1,0,0,1,2,0,0,0,1,0,1,1,0,0,1,0,0,0,1,0,1,1,2,0,0,0,0,0,1,1,0,0,0,0,1,0,0,0,0,1,0,1,0,1,1,1,0,1,0,0,1,2,0,1,0,0,1,0,0,0,1,0,0,0,1,1,1,1,0,1,0,0,0,1,0,0,0,0,0,1,0,0,1,1,1,0,1,0,1,0,0,1,0,0,1,0,1,1,0,0,1,0,1,0,1,0,0,0,1,0,1,0,0,1,0,0,0,2,0,0,1,0,0,1,0,1,0,1,2,0,1,1,0,0,2,0,0,1,1,0
chr2:6967106,rs182,G/C,0,1,1,0,1,0,0,0,0,0,0,0,0,1,1,1,0,0,0,0,0,0,0,1,0,0,0,0,0,0,1,0,0,0,0,0,0,0,0,0,0,0,0,0,0,0,0,0,0,0,0,0,0,0,0,0,0,0,0,0,0,0,0,0,0,0,0,0,0,0,0,0,0,0,2,1,1,0,1,0,0,0,0,0,0,0,0,1,0,0,0,0,1,1,0,0,1,1,0,0,0,0,1,1,0,0,0,0,0,0,0,0,1,0,0,0,0,0,0,1,0,0,0,0,0,0,0,1,0,0,0,0,0,0,0,0,0,0,1,1,0,0,1,1,0,0,0,0,1,0,0,0,0,0,0,0,0,0,0,1,0,0,0,1,1,0,0,1,0,0,0,0,0,0,0,2,0,0,0,0,1,0,1,1,1,0,0,0,0,0,0,0,0,0,0,1,0,1,1,0
chr1:6118922,rs183,G/T,1,1,0,0,0,0,1,0,0,0,1,1,0,0,0,0,1,0,0,0,0,0,0,0,1,0,0,0,0,0,0,0,0,0,0,1,0,0,0,0,1,0,0,0,0,0,0,0,0,2,0,0,1,1,0,1,0,0,1,1,0,0,1,0,1,0,1,0,0,0,0,0,1,0,0,0,0,0,2,1,1,0,1,0,0,0,0,0,0,0,0,1,1,1,0,0,0,0,2,0,1,1,0,1,0,0,1,0,0,0,1,0,1,0,0,0,0,0,1,1,1,0,0,0,0,1,0,1,0,0,1,1,1,1,1,1,1,1,0,1,0,0,0,1,0,2,0,0,0,0,0,1,0,0,0,1,0,0,0,1,0,0,1,2,0,0,0,2,0,0,0,2,1,1,0,0,0,0,1,0,0,1,0,1,1,1,1,1,0,0,1,0,1,0,0,0,0,2,1,0
chr4:6528983,rs184,G/A,1,1,1,0,1,1,2,1,2,1,1,2,1,1,1,0,0,1,1,2,2,1,1,1,1,0,1,1,0,1,1,0,1,0,0,1,2,0,2,0,0,0,0,1,2,0,0,1,0,1,1,0,1,0,0,0,1,1,1,1,1,0,2,2,1,0,1,0,1,0,1,0,2,0,1,2,0,2,1,2,2,0,1,0,0,0,0,1,1,1,0,2,0,0,1,2,1,1,0,0,1,1,0,1,1,1,0,1,0,0,1,1,1,0,2,0,2,0,0,0,0,1,2,0,1,2,1,0,2,0,1,1,0,1,0,0,0,2,2,0,0,0,1,2,2,1,1,0,0,1,1,1,0,0,1,2,1,0,2,1,0,0,1,1,1,1,0,0,1,1,1,0,0,0,0,1,1,0,1,1,0,1,0,1,0,1,1,0,0,0,1,2,0,0,1,0,1,0,1,1
chr4:8349369,rs185,G/T,0,0,0,0,0,0,0,0,0,1,0,0,0,2,0,0,0,0,0,0,0,1,1,0,0,1,1,1,0,0,0,1,0,0,0,0,1,0,0,2,0,1,0,0,0,0,0,1,0,0,1,0,0,0,0,0,1,0,0,0,0,0,0,1,0,0,1,0,0,1,0,0,0,1,0,1,0,1,0,0,0,0,0,0,1,0,1,0,0,1,1,0,0,0,0,0,0,0,0,0,0,1,0,0,1,0,0,0,0,0,1,1,0,0,0,0,1,0,0,0,0,1,0,0,0,0,0,1,0,0,1,0,0,0,0,0,0,0,0,0,0,0,1,1,0,1,0,1,0,0,1,1,0,1,0,0,0,0,1,2,0,0,0,0,0,0,0,1,0,0,1,0,0,0,0,1,0,1,0,0,0,1,0,0,0,0,0,0,1,1,0,0,0,0,0,0,1,0,0,1
chr4:8686841,rs186,G/T,0,1,1,1,2,1,2,1,1,1,1,0,0,0,0,0,0,1,1,1,2,1,2,2,0,1,1,1,0,2,0,2,2,1,0,1,1,0,2,1,1,2,0,1,1,1,2,2,1,1,1,1,1,0,0,2,1,1,2,1,1,0,2,0,1,1,2,0,1,1,1,2,0,1,2,2,1,1,1,2,2,1,2,2,2,1,2,2,0,2,1,1,2,1,2,1,1,0,1,1,1,1,0,2,0,1,1,0,2,1,1,1,1,1,2,1,1,0,2,2,1,0,0,1,0,2,2,2,0,2,1,0,1,1,2,0,0,1,2,2,0,1,2,1,2,2,0,2,0,2,1,2,2,0,0,1,2,2,2,1,1,0,0,1,2,1,2,1,1,1,1,2,1,1,2,2,1,0,0,0,0,2,0,1,1,2,0,1,0,0,1,1,0,1,0,2,1,2,0,2
chr4:5166500,rs187,A/G,0,1,1,2,1,0,0,0,0,1,0,2,1,0,0,0,1,2,0,1,1,2,0,1,0,1,0,0,1,0,1,1,1,0,0,0,0,1,0,0,0,0,2,2,1,0,1,1,1,1,0,0,1,1,0,0,1,1,1,1,0,0,1,1,0,0,1,0,1,1,1,1,0,1,0,1,1,0,0,0,1,0,1,1,1,1,0,1,0,0,0,1,0,1,0,1,0,1,2,1,0,0,1,0,0,0,1,0,0,0,1,1,1,0,1,0,0,2,2,1,2,1,0,0,1,1,0,1,0,0,0,2,1,1,1,1,2,0,1,0,2,2,1,0,0,0,0,0,0,2,0,1,1,0,0,2,1,0,0,1,0,0,1,1,0,2,1,1,0,0,0,0,2,2,1,0,1,1,0,0,1,0,0,0,1,0,1,0,0,1,0,0,1,0,1,0,0,1,0,0
chr2:5578238,rs188,A/T,0,0,1,1,0,0,0,0,1,0,2,1,1,0,1,2,1,0,0,0,1,1,0,1,1,0,0,0,1,0,0,0,0,0,0,0,0,0,0,0,0,0,0,1,0,0,2,0,0,0,1,1,0,0,0,0,1,0,0,1,0,0,0,0,1,0,0,0,0,0,0,1,1,0,0,0,0,1,1,1,1,0,0,1,1,1,0,0,0,0,0,1,1,1,0,0,0,0,0,1,0,0,0,1,1,1,1,0,1,0,0,0,1,1,0,0,1,0,1,0,0,0,0,1,1,0,1,0,0,0,0,0,0,2,0,0,0,0,0,0,0,0,0,0,0,0,0,0,0,0,0,1,0,0,0,1,1,0,0,0,0,0,0,0,0,0,1,0,0,0,0,1,0,0,0,0,0,0,0,0,0,0,1,0,0,1,0,0,0,0,0,0,0,0,0,0,1,0,0,0
chr1:5511732,rs189,G/A,0,1,0,0,0,0,0,0,0,0,0,0,0,0,0,0,0,0,0,0,0,0,0,0,1,0,0,0,0,0,0,0,1,0,1,1,1,1,0,0,0,0,0,1,0,0,1,0,0,0,1,0,1,0,1,0,1,2,0,0,0,0,1,0,1,1,0,0,0,0,0,0,1,0,0,0,1,0,0,1,1,1,1,0,1,0,0,2,0,0,0,0,0,0,2,0,1,0,0,1,1,0,0,0,1,0,0,1,0,1,1,0,0,0,2,0,1,0,0,0,0,0,0,0,0,0,0,0,0,1,0,2,0,1,0,0,0,0,0,1,0,0,1,0,0,0,0,0,0,0,0,0,2,2,0,0,0,0,0,0,0,1,1,2,0,1,0,0,1,1,1,0,0,1,1,1,0,0,0,1,0,0,1,0,1,1,0,0,1,0,0,0,0,0,0,0,0,0,0,1
chr4:7126319,rs190,A/T,1,0,0,1,1,0,0,0,0,0,0,1,1,0,1,0,0,1,0,0,0,0,0,1,0,0,0,1,0,0,1,0,0,1,0,0,0,0,2,0,0,1,0,0,0,1,1,0,1,0,0,0,1,1,1,1,0,0,0,0,0,1,1,0,1,1,0,0,0,0,0,2,0,1,0,0,1,0,1,0,1,0,0,1,1,0,2,1,0,0,0,0,0,1,1,0,0,2,0,0,1,1,2,2,1,0,0,1,0,0,0,0,0,0,0,1,1,1,0,0,0,1,1,0,1,0,0,1,0,0,0,1,0,0,1,0,0,0,1,0,1,2,1,0,1,1,0,0,1,0,0,1,1,0,0,1,1,2,1,1,2,0,0,0,0,0,0,1,1,0,0,0,1,0,1,0,0,0,0,1,1,0,1,0,0,1,0,0,0,0,0,1,0,0,0,0,1,1,2,0
chr2:9511010,rs191,A/C,1,0,2,0,0,2,2,0,2,2,2,1,1,2,1,1,1,1,2,1,0,2,0,1,0,1,2,1,0,2,1,1,1,2,0,1,1,0,2,1,1,0,2,2,1,1,2,2,1,1,2,0,1,2,2,2,0,2,1,0,1,2,0,2,2,0,2,2,0,1,1,1,2,1,2,2,1,1,1,1,1,0,0,0,2,1,0,1,0,0,1,1,0,1,1,1,1,1,1,2,2,2,1,1,1,2,2,1,0,1,1,2,1,0,2,0,1,1,1,1,1,0,1,1,2,1,1,1,0,0,2,1,1,0,2,2,1,1,1,2,0,1,1,1,0,0,2,0,1,1,1,1,2,1,2,1,1,1,2,1,1,1,1,0,0,1,1,1,2,1,0,2,1,1,1,0,0,0,0,1,2,1,2,1,1,0,1,1,2,0,1,0,1,1,1,0,0,1,2,1
chr2:1575278,rs192,A/C,0,0,1,0,1,0,1,0,1,0,1,1,1,0,2,0,2,0,0,0,0,0,0,2,1,0,0,1,0,1,0,1,1,1,0,0,0,1,0,1,0,0,0,1,1,1,2,2,1,0,0,0,2,0,0,2,0,1,1,1,1,1,1,0,1,1,0,0,0,1,0,1,0,0,0,1,0,0,2,1,1,1,1,1,2,0,0,0,2,1,0,0,1,2,1,1,0,0,1,1,1,0,0,0,1,1,2,1,0,0,1,0,1,1,0,0,0,0,1,1,2,1,0,0,1,0,2,0,1,2,1,0,1,1,1,0,0,1,2,0,1,0,1,0,2,1,0,0,0,1,1,1,1,1,2,1,0,1,0,2,0,0,0,1,0,2,0,0,0,0,0,0,0,0,0,1,0,0,0,1,0,1,2,0,0,0,0,0,0,2,0,0,1,0,0,1,0,1,0,0
chr2:8136029,rs193,T/G,0,0,0,2,1,0,1,1,2,1,2,1,2,0,0,2,1,0,1,1,0,0,0,1,0,0,2,0,1,2,0,0,1,1,1,1,2,0,1,0,1,0,1,1,0,0,1,0,1,1,1,1,1,0,1,1,2,2,2,0,1,2,1,1,0,1,1,1,2,1,1,1,1,0,1,1,1,2,0,2,1,1,0,0,1,0,2,0,2,1,1,0,1,0,1,1,1,2,1,0,0,2,0,1,0,0,1,1,1,1,0,0,1,1,0,1,1,0,1,1,0,1,1,2,1,0,0,2,2,0,0,1,1,0,1,0,0,0,1,1,1,0,2,0,1,1,0,0,2,1,0,2,0,0,1,1,0,0,1,1,2,1,1,0,2,0,1,2,1,1,1,2,1,1,1,0,1,0,1,1,0,0,1,0,1,2,1,0,0,1,1,1,0,0,0,1,1,2,1,1
chr1:4314692,rs194,C/A,1,1,2,1,0,2,1,2,2,1,1,1,0,0,1,0,1,0,1,2,1,1,2,0,1,1,1,0,1,1,1,1,1,1,0,2,1,0,0,2,1,1,1,1,1,2,1,1,0,0,1,0,1,1,1,1,1,1,2,1,1,2,1,2,1,1,1,1,0,2,1,1,1,1,1,1,0,0,2,2,0,1,1,2,0,0,0,1,2,1,0,1,0,0,2,2,2,1,1,2,0,0,1,2,1,0,0,2,2,1,0,1,1,2,0,1,0,1,0,2,1,1,1,2,2,0,0,1,1,1,2,0,2,0,0,1,1,0,1,1,0,2,2,1,2,0,1,1,2,1,0,1,0,0,1,1,0,0,1,1,1,1,0,0,2,1,1,2,1,0,2,0,1,1,1,1,1,2,2,0,2,0,0,2,1,0,1,1,1,1,2,0,0,0,0,2,2,1,1,2
chr2:9416320,rs195,T/G,0,0,1,0,0,0,0,1,0,0,0,1,0,0,0,0,1,1,0,0,0,0,0,0,1,1,1,0,0,0,0,1,2,1,1,0,0,1,0,0,0,1,0,1,0,1,0,0,1,1,1,1,0,0,1,1,0,0,0,0,0,0,0,1,0,0,0,0,0,0,0,1,0,0,1,0,1,0,0,0,0,0,0,0,1,1,0,0,0,0,1,0,0,0,0,1,0,0,0,0,0,1,0,0,0,0,1,0,0,0,0,1,0,0,0,0,0,1,0,0,0,0,0,1,1,0,1,0,0,0,0,0,0,0,0,0,0,1,0,0,0,0,0,0,1,0,0,0,0,0,0,0,0,0,0,1,1,0,0,0,0,0,1,0,0,1,1,0,0,0,0,0,0,0,1,0,0,0,1,0,0,0,1,0,1,0,0,0,1,0,1,0,0,0,0,0,1,1,0,0
chr1:8468810,rs196,A/C,2,2,0,0,2,0,2,1,0,0,1,1,0,0,2,0,1,1,0,0,0,0,1,1,1,1,0,0,0,0,2,0,0,1,1,2,0,0,0,0,1,2,1,0,0,2,1,2,1,2,1,0,1,1,0,0,0,0,0,1,2,1,0,0,0,1,1,0,1,1,0,0,1,1,0,0,1,0,1,0,0,0,2,1,1,0,1,1,0,2,1,2,1,1,2,0,1,0,1,1,1,1,0,1,0,0,1,1,0,0,0,1,1,0,1,0,1,0,2,0,1,1,0,0,0,1,0,1,1,0,0,2,0,0,1,0,1,0,2,0,2,0,0,2,0,0,0,2,0,1,1,0,0,2,1,1,0,0,1,1,1,0,2,0,0,2,1,0,1,0,0,1,0,0,0,1,0,1,1,0,1,1,1,0,0,1,0,0,1,0,2,1,1,1,1,1,1,0,2,1
chr3:6001045,rs197,C/G,1,1,0,0,0,0,1,1,1,1,1,1,2,1,0,1,2,1,2,0,1,0,1,1,0,1,1,2,1,0,1,1,1,1,1,2,0,2,2,1,0,2,1,0,1,1,0,1,1,2,1,1,1,1,1,1,2,2,1,0,2,1,2,1,0,2,2,2,0,2,1,1,2,1,0,1,1,2,1,2,2,0,0,1,2,1,2,1,1,0,0,1,1,1,1,1,0,1,1,1,1,1,1,1,1,1,1,0,2,1,0,1,1,1,1,0,1,0,1,1,1,1,1,1,0,0,0,1,2,1,1,1,1,1,0,2,0,1,1,2,2,2,1,1,0,1,2,1,0,0,1,0,1,1,1,0,2,1,1,1,1,2,2,0,0,1,0,2,1,1,1,1,0,2,0,2,0,1,0,1,1,0,1,1,1,1,2,0,0,1,2,2,1,2,2,1,0,1,0,1
chr1:5345760,rs198,T/A,1,0,1,0,1,2,0,0,1,1,0,1,2,0,0,1,0,0,2,1,0,0,1,1,1,1,1,2,2,0,0,0,0,0,0,0,0,0,0,1,0,2,0,2,0,1,0,1,0,2,0,0,1,1,2,0,1,1,1,1,0,0,1,1,1,1,1,0,0,0,2,0,0,0,0,0,0,0,2,1,1,1,1,2,2,0,1,0,0,0,1,1,0,1,0,0,0,1,0,0,2,1,0,1,0,1,1,0,0,0,1,2,2,2,2,0,1,0,1,1,0,1,0,0,2,2,0,0,0,2,2,1,1,1,0,2,1,0,0,1,0,1,1,1,1,1,0,1,0,2,2,0,1,1,2,1,1,1,0,0,0,0,0,1,1,2,0,2,1,1,1,1,0,1,1,2,2,1,1,2,2,1,1,0,1,0,1,0,0,0,1,1,1,1,2,0,1,1,2,0
chr3:5465150,rs199,A/T,1,0,0,1,1,1,1,1,2,2,1,2,1,0,1,1,1,2,2,0,1,1,2,0,1,2,2,1,0,1,2,1,2,1,1,1,1,1,1,2,0,1,1,1,2,1,1,1,1,0,2,0,1,1,0,0,0,1,2,2,0,1,2,0,2,1,1,1,0,0,1,1,1,0,1,1,1,0,1,1,2,2,0,1,0,0,0,0,0,0,1,0,1,1,0,0,0,1,2,0,1,1,1,2,2,0,1,1,2,2,0,1,2,1,1,1,0,2,2,1,1,1,0,0,0,2,1,0,1,0,0,1,1,1,1,1,1,1,1,1,1,1,0,0,1,1,1,2,1,2,1,0,2,2,1,0,0,2,0,1,1,0,1,1,1,1,2,1,1,1,0,2,1,1,1,1,0,2,0,1,1,1,2,1,2,1,2,1,1,2,0,0,2,2,2,1,1,1,1,1
chr4:5897590,rs200,T/A,0,0,0,0,1,0,0,0,0,0,0,0,1,0,0,0,0,0,1,0,0,0,0,0,0,1,0,0,0,0,0,0,0,0,1,0,0,1,0,0,0,1,0,0,0,0,0,0,0,0,0,0,0,0,0,0,0,0,0,0,0,0,1,0,2,0,0,0,0,2,0,0,0,0,0,0,1,0,0,0,0,1,0,0,0,0,0,1,0,0,1,0,0,0,0,0,0,0,0,0,0,0,0,0,0,1,1,0,1,0,0,0,0,0,0,0,0,0,0,0,0,0,1,0,0,0,0,0,0,0,0,0,0,0,0,0,0,0,1,1,1,1,0,0,0,0,0,0,1,0,0,0,0,0,0,1,1,0,1,0,0,0,0,0,0,0,0,0,0,0,0,0,0,0,0,0,0,0,0,0,0,0,1,0,0,0,1,0,0,0,0,0,0,0,0,0,0,0,0,1
chr1:3332517,rs201,C/A,2,0,0,1,1,1,1,1,1,1,2,2,0,0,0,0,0,0,0,1,0,1,0,1,1,0,2,0,1,1,0,0,0,1,1,0,1,0,0,2,1,0,2,0,0,0,1,1,0,1,1,1,1,0,0,1,0,0,0,1,0,0,0,1,1,0,1,1,1,0,1,2,0,0,0,1,1,0,0,2,1,2,1,0,0,1,0,0,0,2,0,0,1,2,2,1,0,0,2,1,1,0,0,1,1,2,1,1,1,1,0,2,1,2,1,0,0,0,0,1,1,1,0,2,0,1,0,1,0,1,1,2,0,0,1,0,0,1,0,0,0,0,1,0,1,2,0,1,2,1,2,0,1,1,0,1,1,0,0,1,1,1,1,0,0,1,1,1,2,2,0,0,0,1,1,0,1,1,1,0,0,1,1,1,1,0,0,2,0,1,1,0,1,2,1,1,0,0,2,0
chr3:9551881,rs202,C/A,0,1,0,1,2,0,0,1,0,2,0,0,1,1,0,0,0,0,0,1,0,0,1,0,1,1,0,1,1,1,1,1,0,0,0,1,2,0,0,1,0,0,0,0,2,2,0,2,0,1,0,1,0,0,2,0,2,0,0,1,1,0,0,1,0,1,1,1,2,1,0,0,0,0,0,1,1,1,1,0,1,1,1,0,1,1,0,0,1,1,1,0,0,0,0,1,1,1,2,0,0,0,1,0,1,0,0,0,0,1,1,0,1,1,1,0,1,0,0,0,1,1,1,1,2,1,0,1,0,1,1,1,0,1,0,0,1,1,0,1,1,0,1,0,1,0,0,1,1,1,0,0,1,0,2,0,0,1,1,0,2,1,1,1,1,0,1,1,0,0,1,0,0,0,0,1,0,0,0,1,1,0,1,0,1,0,1,0,1,0,0,1,1,0,0,0,2,1,0,1
chr1:6692493,rs203,A/C,1,0,0,0,2,1,1,0,0,0,1,1,0,1,1,0,0,0,1,1,1,1,0,1,1,1,0,1,1,1,1,0,1,0,0,1,0,0,2,0,1,0,0,0,1,0,2,1,1,0,0,1,0,0,0,1,0,0,1,1,0,0,0,0,0,0,0,0,0,1,0,0,0,0,1,1,0,1,1,0,0,1,2,0,0,1,0,1,0,0,0,1,0,1,0,0,0,1,1,0,0,1,0,0,0,2,1,0,0,1,0,0,0,0,1,0,0,0,1,1,0,1,0,1,0,0,0,0,1,1,1,0,2,0,1,1,0,1,0,0,1,0,0,0,0,0,1,0,1,1,0,1,0,0,0,0,2,0,1,1,0,1,2,1,0,0,0,1,0,1,1,0,0,2,0,0,0,0,0,0,0,0,0,0,1,0,0,1,0,0,1,0,1,1,0,0,0,0,1,0
chr1:4977266,rs204,A/T,0,0,0,0,0,0,0,0,0,0,0,0,0,0,0,0,0,0,1,0,0,1,0,1,0,0,0,0,1,0,0,0,0,0,0,0,0,0,0,0,0,0,0,1,0,1,0,0,0,0,0,0,0,0,0,1,0,0,0,0,0,0,0,0,0,1,0,1,2,1,0,0,0,1,0,0,1,1,0,0,0,0,1,1,0,0,0,0,0,0,1,1,0,0,0,0,0,0,0,0,1,1,0,0,0,0,0,0,0,0,0,0,0,0,0,0,0,1,1,0,0,0,0,1,0,0,1,0,0,0,0,0,0,0,0,0,2,1,0,0,1,1,1,0,0,0,0,0,2,0,1,0,0,0,0,0,1,1,0,0,0,0,1,0,0,0,0,0,0,0,0,0,0,1,0,0,0,1,0,0,0,1,0,1,0,0,0,0,0,0,0,0,0,0,0,0,0,0,0,0
chr4:9934845,rs205,A/T,0,0,0,0,1,1,2,0,0,1,0,0,0,0,0,1,2,0,1,0,0,1,0,0,0,0,0,1,1,0,0,1,1,0,0,0,0,1,0,2,0,0,0,0,0,0,2,0,0,0,0,0,0,0,1,0,0,0,0,0,0,0,0,2,0,0,0,0,0,1,1,0,0,0,1,0,1,1,1,0,0,1,1,0,2,1,0,0,0,1,1,0,0,0,0,0,1,1,0,0,0,0,1,0,0,0,0,1,0,0,1,0,0,0,1,1,0,1,0,0,1,0,0,0,0,0,0,0,0,0,0,0,0,0,1,0,1,1,0,1,1,1,0,0,0,0,1,1,0,1,2,0,1,0,0,2,1,1,0,1,0,0,0,0,0,1,0,1,0,0,0,1,1,0,0,1,0,0,0,0,0,0,0,0,0,1,0,0,0,0,0,0,1,1,1,0,0,0,1,0
chr4:5040479,rs206,T/G,1,0,0,0,0,0,0,1,1,0,1,2,1,2,1,2,0,0,1,2,1,1,0,1,0,0,0,1,2,0,0,0,0,1,0,2,1,0,1,0,0,0,0,1,1,1,1,1,0,1,1,0,1,1,2,0,0,0,2,1,2,1,1,0,2,1,1,0,1,0,2,1,1,1,1,0,2,2,1,1,1,1,2,0,0,2,0,1,0,2,1,2,2,0,1,1,1,0,2,0,2,1,1,1,0,1,1,1,1,1,1,2,1,0,1,2,2,2,1,0,1,1,0,0,1,1,0,1,2,0,2,1,0,0,0,0,2,1,2,1,1,0,1,1,1,2,1,2,1,0,1,0,1,1,0,1,0,0,1,1,0,1,1,0,1,1,2,1,0,1,1,0,2,0,0,0,1,1,0,2,0,0,0,2,1,1,0,1,1,1,0,2,0,1,1,1,0,0,1,2
chr4:9896761,rs207,T/C,0,0,1,1,2,1,1,1,0,1,1,2,0,1,2,1,2,1,2,1,0,2,2,1,1,2,0,1,0,0,1,2,1,2,0,1,0,0,1,0,1,0,1,2,1,2,2,1,1,1,0,2,1,0,1,1,1,0,1,1,2,2,2,0,1,1,1,0,1,1,1,0,1,2,1,2,1,2,0,1,1,2,1,1,0,1,1,2,1,1,0,0,1,1,1,1,0,1,2,1,1,1,1,0,0,0,2,1,2,2,1,1,0,1,2,0,1,0,1,0,1,1,0,1,0,0,1,2,2,0,0,2,1,0,1,2,0,0,1,1,0,2,1,1,0,2,1,1,2,2,1,1,0,2,2,1,1,2,0,1,0,2,0,1,1,0,0,1,0,1,1,1,1,1,0,1,1,1,0,1,0,0,1,1,1,2,0,1,2,0,1,0,1,1,1,1,1,0,2,0
chr2:3715514,rs208,T/A,1,1,1,0,1,0,1,2,0,0,1,0,0,0,0,0,0,0,0,0,0,1,0,1,1,0,0,1,0,0,0,0,0,0,0,0,1,0,0,1,0,0,1,1,0,0,0,0,0,0,0,0,0,1,1,1,0,0,0,0,0,0,0,1,0,0,0,0,0,1,0,1,0,0,1,1,2,0,0,0,0,0,0,1,0,0,0,0,2,0,1,1,1,1,0,0,0,0,1,1,0,0,0,0,0,0,0,0,0,0,0,1,0,0,1,0,0,0,0,0,0,0,0,0,0,0,0,0,0,0,0,0,0,1,0,0,0,0,0,1,0,1,0,0,1,0,0,0,1,0,0,0,0,0,0,0,1,0,2,0,0,1,0,0,0,0,2,0,1,1,0,0,0,0,1,0,0,0,0,0,0,0,1,0,0,0,0,0,1,0,0,0,0,0,0,0,1,1,0,1
chr2:8102173,rs209,C/A,0,0,0,1,0,0,0,0,0,0,0,1,0,0,0,0,0,2,1,1,0,0,1,1,0,1,1,0,0,0,2,0,0,0,0,0,0,1,0,1,0,0,1,0,0,0,0,0,0,0,0,1,0,0,0,1,1,0,0,0,1,0,1,0,0,0,1,0,0,1,0,0,0,0,0,0,0,0,1,2,1,1,1,1,2,1,0,0,1,0,1,0,1,0,0,1,0,0,0,0,0,0,1,0,0,1,0,0,0,0,0,1,0,0,0,0,0,0,0,0,1,0,1,0,0,0,1,0,0,0,1,0,0,0,0,0,1,0,0,0,0,0,0,0,1,0,0,0,1,1,0,0,0,0,1,0,0,0,0,1,0,0,0,0,0,0,0,1,0,0,2,1,1,0,0,0,0,1,0,1,0,0,0,0,1,0,0,1,1,1,0,0,1,0,0,1,1,0,0,0
chr1:6165679,rs210,C/G,1,1,0,0,0,0,1,0,1,1,0,2,1,1,2,0,0,0,1,1,1,0,0,0,0,1,1,0,0,0,1,2,0,1,1,0,2,1,2,1,0,2,0,2,0,1,0,2,0,0,1,2,0,0,1,0,1,0,1,1,0,1,1,1,0,0,1,0,2,1,1,1,1,2,1,0,1,1,1,2,1,0,1,2,2,2,0,1,0,0,0,0,0,0,0,0,1,0,1,0,1,0,0,1,2,0,0,2,0,0,2,1,0,2,1,0,1,1,1,2,0,1,1,0,1,1,1,2,1,0,1,0,0,1,1,1,2,0,0,1,1,0,0,0,1,1,0,0,0,0,0,0,1,0,1,0,1,2,0,0,0,0,0,1,1,0,1,0,0,1,0,1,2,1,0,1,0,2,2,0,2,0,0,0,0,1,0,1,2,1,0,1,1,1,0,1,1,1,2,0
chr3:6287118,rs211,A/T,0,0,0,0,1,1,0,0,0,0,1,0,1,0,2,1,2,0,0,0,1,0,1,1,0,1,0,0,1,2,1,1,1,0,2,0,0,0,0,0,0,0,0,0,1,0,0,0,0,1,1,1,0,0,0,1,1,1,0,0,0,1,0,0,1,1,0,0,1,0,1,0,1,1,1,0,0,0,1,0,0,0,1,1,1,0,2,0,1,0,0,0,0,0,0,0,0,0,1,1,2,1,1,1,1,0,0,0,1,1,0,0,0,1,0,0,0,1,2,1,0,0,0,0,1,0,1,0,2,0,0,1,1,1,2,0,0,1,0,0,1,1,0,0,0,0,1,0,0,1,1,1,0,1,0,0,1,0,1,0,1,0,1,1,1,0,2,0,0,1,0,0,1,0,1,1,0,0,1,1,0,0,0,1,1,0,1,1,0,1,1,2,0,0,2,0,0,0,1,0
chr2:5100673,rs212,C/G,0,1,1,0,0,2,1,1,2,0,1,0,1,0,2,1,1,1,0,2,0,1,0,2,1,0,1,2,1,1,1,0,0,1,1,2,2,0,1,1,1,1,0,0,1,0,1,1,2,2,2,2,2,1,2,1,2,0,1,2,1,0,1,1,1,1,0,2,1,0,2,1,1,2,2,1,0,0,2,2,1,1,1,2,1,1,1,0,0,1,1,2,1,0,1,0,0,1,2,2,1,1,2,1,1,1,0,1,2,1,0,1,1,2,0,1,1,2,1,2,0,0,1,1,1,0,1,1,1,0,2,1,0,1,1,1,1,2,2,0,0,0,1,0,2,1,1,1,2,0,1,1,1,1,0,1,2,0,1,0,1,2,1,1,0,2,1,0,1,0,2,0,1,0,1,1,2,1,0,0,2,1,1,2,0,1,1,0,0,2,1,0,0,0,2,1,2,2,2,1
chr3:1327359,rs213,G/T,0,0,0,0,2,0,0,1,0,0,0,0,0,0,0,0,0,0,0,0,1,1,0,2,1,0,2,0,2,0,0,1,0,0,1,0,1,0,1,0,0,0,1,0,0,0,0,0,1,0,0,1,1,1,1,0,1,0,1,0,0,1,1,0,0,0,1,0,1,0,0,0,1,1,0,1,2,1,1,1,0,0,1,1,0,1,1,0,0,1,0,0,1,1,0,1,0,0,1,1,0,0,1,1,0,0,0,0,0,0,0,0,0,0,1,0,1,1,0,0,1,0,0,1,0,0,1,0,0,0,2,0,0,0,0,0,0,0,2,1,1,0,0,0,0,0,0,0,0,0,0,1,0,1,1,1,2,0,1,1,0,0,0,0,1,0,0,1,0,1,2,1,1,1,1,0,0,0,1,0,0,1,1,1,0,0,0,0,0,1,0,0,1,0,1,1,0,1,1,0
chr2:1317537,rs214,T/C,0,0,0,1,1,1,0,0,1,1,0,0,1,0,1,1,0,0,2,0,0,1,1,1,1,2,0,1,1,0,0,1,1,1,1,1,1,1,1,1,1,1,0,1,0,1,0,1,2,1,1,1,1,0,0,0,2,0,1,2,1,0,0,0,1,0,1,1,0,0,1,0,1,1,0,2,0,0,1,0,0,2,0,0,1,0,1,1,1,0,2,0,1,2,0,0,0,2,1,2,1,0,0,2,1,0,1,0,0,1,0,0,1,1,0,0,2,0,0,0,0,1,2,1,1,2,0,1,1,0,1,1,0,0,0,0,0,1,0,1,0,1,1,1,1,0,0,0,2,1,1,1,1,1,0,0,1,1,0,1,0,1,0,1,1,1,0,1,0,0,0,1,0,1,0,1,1,1,1,1,1,0,1,0,0,1,2,1,1,0,1,0,1,0,1,2,2,1,0,2
chr3:5975026,rs215,C/T,2,2,2,0,0,1,1,0,1,0,0,1,0,1,2,1,1,0,1,1,1,0,2,2,0,0,1,0,2,2,1,1,1,1,1,2,1,0,1,1,1,1,1,1,1,0,2,0,0,0,0,1,1,1,0,0,1,1,0,0,0,0,0,1,1,0,1,1,1,0,1,1,1,1,0,1,1,0,1,2,1,0,1,0,1,1,2,1,1,1,2,1,0,2,0,0,0,1,1,1,0,1,1,1,1,0,1,0,0,1,1,1,1,1,0,0,0,2,1,1,0,0,1,2,0,2,1,0,0,1,1,2,0,1,0,0,0,1,1,0,1,1,0,2,2,1,1,1,0,1,0,2,1,0,1,1,1,1,1,0,1,0,0,1,1,2,1,1,2,2,1,1,2,1,1,0,1,0,0,2,1,1,1,0,0,1,0,1,2,0,0,2,1,0,0,1,1,1,1,2
chr4:3453752,rs216,T/A,0,0,1,0,0,0,1,1,0,1,1,2,1,2,2,1,1,0,1,0,1,0,0,0,2,0,2,0,1,0,0,2,0,0,1,1,2,1,1,1,1,1,0,1,0,1,0,0,1,0,0,0,0,0,1,1,1,1,1,0,1,2,0,1,0,0,0,1,1,1,1,1,0,2,1,1,1,2,1,0,1,0,2,1,0,1,0,1,0,0,0,0,0,1,0,0,1,2,1,0,1,0,2,2,1,0,0,2,1,0,0,1,2,1,0,1,0,2,0,1,0,0,1,1,0,1,1,1,1,0,1,2,2,1,2,0,1,1,0,2,0,0,0,0,1,1,0,1,0,1,0,1,0,1,1,2,0,1,1,2,1,1,1,0,1,1,2,1,1,1,1,0,1,0,0,1,2,1,1,1,0,0,2,2,1,0,2,1,0,0,2,0,0,1,0,0,0,0,1,1
chr4:2353038,rs217,G/T,0,0,0,1,0,0,1,0,0,1,1,1,0,1,1,0,1,0,0,0,0,0,0,0,0,0,1,0,1,0,1,1,1,0,0,0,0,0,1,0,0,1,0,0,0,0,0,0,0,1,2,0,1,0,0,1,0,1,1,1,0,1,2,0,0,2,0,0,0,0,0,0,0,0,0,0,1,1,0,0,0,0,1,0,0,0,0,0,1,2,0,0,0,0,0,1,0,0,0,0,1,0,1,0,0,0,0,1,0,0,0,0,1,1,0,1,1,0,0,0,0,0,0,0,1,0,1,1,1,0,0,0,2,1,0,0,1,1,1,0,0,0,1,1,0,1,1,0,0,1,1,0,1,0,1,2,0,2,0,1,0,0,1,1,0,0,0,1,0,0,1,1,0,1,1,0,1,1,0,0,1,0,0,0,0,0,0,0,0,0,1,1,0,1,1,0,0,0,2,0
chr3:1707689,rs218,C/A,1,2,0,1,1,0,0,0,0,0,1,1,2,1,0,2,1,1,0,2,0,0,1,1,0,1,1,1,0,0,1,1,0,1,0,0,2,0,1,0,0,2,1,1,1,0,1,0,1,1,0,2,1,1,0,2,2,1,1,0,0,1,0,2,0,1,0,0,1,1,1,0,0,2,1,1,0,1,0,1,0,0,1,0,1,1,2,0,0,1,0,0,1,1,1,2,1,0,1,1,1,2,1,1,0,2,1,0,0,0,0,1,0,2,1,0,0,0,0,0,1,2,2,1,1,1,1,0,1,2,0,0,0,0,0,0,2,2,2,0,0,0,2,0,1,0,0,0,1,0,0,0,1,1,2,1,0,1,1,1,2,1,1,0,2,0,1,2,1,1,1,0,1,0,0,1,1,1,2,0,1,0,1,1,0,1,1,1,1,1,0,1,1,1,0,0,0,0,0,1
chr1:4463351,rs219,A/C,2,2,0,1,2,1,0,1,0,0,1,2,1,1,1,2,0,1,0,1,0,2,0,0,1,1,1,0,0,1,1,2,1,1,1,1,2,0,1,1,1,1,0,0,0,2,2,0,0,0,0,1,0,1,1,0,1,1,0,1,0,0,0,2,1,1,2,0,2,1,1,1,1,2,2,0,0,0,0,1,0,1,1,2,0,0,0,2,1,2,2,2,0,1,2,0,1,1,1,2,1,1,1,1,1,2,2,1,1,0,0,0,1,0,0,0,1,0,1,1,1,2,0,2,1,0,1,2,1,0,2,1,1,2,1,0,1,2,0,0,0,0,0,2,2,0,1,1,0,0,0,1,1,0,0,2,1,1,2,0,1,0,1,2,1,0,0,1,1,0,1,2,0,2,0,1,1,1,0,2,0,1,1,1,1,1,0,1,0,0,1,1,0,1,1,1,1,2,1,1
chr1:2854971,rs220,G/A,1,1,0,1,0,0,0,1,1,0,0,1,0,0,0,0,0,0,0,1,0,1,0,1,1,0,1,0,0,0,0,0,0,0,1,1,0,0,2,1,1,0,1,1,0,0,0,0,2,0,1,1,0,1,0,0,2,0,0,1,1,0,1,0,1,1,0,0,0,0,0,1,1,0,1,0,0,2,1,0,0,0,0,1,1,0,0,0,1,0,1,1,0,1,0,0,0,2,0,1,0,0,1,1,0,0,0,0,1,0,1,0,0,0,0,0,1,0,1,0,0,0,1,0,1,0,0,0,0,1,0,0,0,0,0,1,0,1,0,0,1,1,0,0,0,0,1,0,0,0,0,0,0,1,0,0,1,1,0,2,1,0,1,0,0,0,0,0,1,0,1,1,1,0,1,0,0,0,1,0,1,1,1,0,0,0,0,0,0,1,0,1,0,1,0,1,0,0,0,0
chr2:2849396,rs221,T/A,1,0,1,1,1,0,0,0,0,0,0,0,1,0,0,0,1,1,1,1,1,0,0,2,1,1,1,0,1,0,0,0,1,0,0,1,0,0,1,1,0,1,1,0,0,0,1,1,0,1,1,0,2,2,1,1,0,0,2,0,0,0,1,0,0,1,0,1,0,0,0,1,1,1,0,1,0,0,1,0,1,0,0,1,0,0,0,0,1,1,1,0,0,1,0,0,1,0,1,0,1,0,1,0,1,0,1,1,0,0,1,0,1,0,1,0,1,0,0,0,1,0,0,1,0,1,1,1,0,1,0,1,0,0,0,2,1,0,2,0,1,1,1,0,0,1,0,0,1,1,0,0,0,1,1,1,1,1,0,0,1,0,2,1,1,0,1,1,1,0,1,1,0,0,1,0,0,0,1,0,0,0,1,1,1,1,1,0,1,0,1,0,1,1,1,1,1,0,0,0
chr2:3526954,rs222,C/G,0,0,1,1,0,0,0,0,1,0,1,0,0,1,0,0,0,0,0,1,1,1,0,2,1,0,0,0,1,0,0,2,0,0,1,0,1,1,0,0,0,0,0,0,1,0,0,1,1,1,0,0,0,1,0,0,0,0,0,0,1,0,0,1,0,1,0,0,0,2,1,1,0,1,1,0,0,2,0,0,1,0,2,0,0,0,0,0,0,0,0,1,0,0,0,0,0,1,1,0,2,1,0,0,1,1,0,1,0,0,1,1,0,0,1,0,0,0,0,0,0,0,1,1,0,0,0,0,0,0,1,1,1,0,1,0,0,0,1,0,0,1,0,0,0,0,0,0,0,0,0,0,0,1,1,0,0,0,1,0,1,0,1,0,0,0,0,1,0,0,0,0,0,1,0,1,1,0,0,1,0,0,1,0,0,0,1,0,0,0,1,1,0,0,0,0,2,0,2,1
chr3:9001482,rs223,T/A,1,0,0,0,1,0,1,1,0,1,0,0,1,0,0,0,0,0,0,0,1,1,0,0,0,1,0,0,1,0,0,0,1,0,0,1,1,0,0,0,0,0,0,0,0,0,0,1,0,0,0,0,0,0,0,0,0,0,0,1,0,0,0,0,0,0,0,1,0,1,1,0,0,0,0,0,0,0,0,1,0,2,0,0,1,0,0,0,1,1,0,0,0,1,0,1,0,1,0,0,0,0,0,1,1,1,0,0,0,1,0,0,0,1,0,0,0,0,1,0,2,0,0,0,2,2,0,0,1,1,0,1,0,0,0,0,1,1,1,0,0,0,0,1,0,1,0,0,0,0,0,0,1,0,0,1,1,0,0,0,0,0,0,1,0,1,0,1,1,1,0,1,0,0,1,1,0,1,0,0,0,0,0,0,1,1,0,0,0,1,1,0,1,0,0,0,0,0,0,0
chr3:6606594,rs224,C/A,0,0,2,1,1,1,0,0,0,0,0,0,1,0,0,1,0,0,0,0,0,0,0,1,1,0,0,1,1,0,0,0,0,0,2,1,1,0,0,0,0,0,0,0,1,0,0,1,1,0,0,1,0,1,0,0,0,0,2,0,0,0,1,1,0,1,0,0,0,0,1,0,1,1,0,0,1,0,1,0,2,1,1,0,0,0,0,0,1,0,0,1,1,1,1,1,0,2,0,0,1,0,0,0,0,0,1,0,1,0,0,1,0,0,0,0,0,0,0,0,1,0,1,0,1,0,0,0,0,1,0,0,1,0,0,0,0,0,1,0,0,1,1,0,0,0,1,1,0,2,0,1,1,1,2,0,0,0,1,1,0,0,0,0,0,1,0,0,0,1,1,0,0,0,2,1,1,0,0,0,0,1,0,0,0,2,1,0,0,0,0,1,1,1,1,1,1,1,0,0
chr4:2910705,rs225,A/C,1,2,1,0,0,2,2,1,0,0,1,2,1,2,1,1,0,0,2,0,1,1,0,0,0,1,0,0,1,0,0,0,0,1,2,0,2,1,1,1,1,0,0,1,0,1,1,0,1,1,1,0,0,1,1,1,2,0,2,1,1,0,1,1,1,0,0,1,2,1,0,2,1,0,0,1,0,0,1,0,0,1,1,0,0,1,0,1,2,1,0,0,0,0,0,0,2,2,1,0,1,0,0,0,1,0,0,0,1,0,0,1,0,1,0,1,1,1,0,1,2,1,2,2,1,0,1,1,1,1,1,1,1,0,1,1,1,0,0,0,0,0,0,0,1,2,0,1,2,2,0,0,0,0,1,0,1,0,1,0,1,1,1,0,0,0,1,0,1,0,0,1,1,0,1,1,0,0,1,2,0,1,2,1,0,1,0,0,0,0,0,1,2,0,0,1,1,1,1,2
chr3:8757202,rs226,A/T,0,0,0,1,1,1,0,1,0,1,0,0,1,1,1,0,1,0,0,0,1,0,0,0,1,0,0,0,0,0,1,0,0,0,0,0,1,0,0,0,0,0,1,0,0,1,1,0,0,0,1,0,0,1,0,0,0,0,1,0,0,1,0,0,0,1,1,0,0,1,0,0,0,1,1,1,1,1,0,0,1,0,1,1,0,0,0,0,1,0,1,0,1,0,0,0,0,0,1,0,0,0,1,0,0,0,0,0,0,0,0,0,0,0,0,0,0,1,0,1,0,0,0,0,0,0,0,0,0,0,1,0,0,1,0,2,0,0,0,0,0,0,0,0,0,1,0,1,0,0,0,1,1,0,0,0,0,0,1,0,1,0,1,0,0,0,0,0,1,1,0,0,1,0,1,0,1,0,0,0,1,0,1,0,1,0,0,1,1,0,1,0,0,0,0,0,0,0,0,0
chr2:6354075,rs227,T/A,0,0,1,0,1,0,0,0,1,1,0,0,0,0,1,0,0,1,0,0,0,0,0,0,1,1,0,0,0,0,0,1,0,1,0,0,1,0,1,0,1,1,0,0,0,0,0,2,1,0,0,0,1,0,0,0,2,0,0,0,0,0,0,0,0,0,0,0,0,0,0,0,0,0,0,0,0,0,0,1,0,0,0,0,0,1,0,0,1,0,0,0,0,1,0,1,1,0,0,0,1,0,0,1,0,0,0,0,0,1,0,0,0,1,1,0,0,1,0,0,0,0,0,1,0,0,0,0,0,0,0,0,0,2,0,1,0,0,0,0,0,0,0,0,1,0,0,1,0,1,1,0,0,2,0,0,0,0,2,0,0,0,0,0,2,1,0,0,0,0,0,1,0,1,0,1,0,1,0,2,1,1,0,0,0,0,1,0,0,0,0,0,0,0,0,0,1,1,0,0
chr2:8904069,rs228,A/T,1,0,0,1,1,1,1,1,1,0,1,0,0,0,0,0,1,0,1,0,0,1,0,1,0,1,0,0,1,0,1,1,0,0,0,0,0,0,1,0,0,0,0,0,0,1,0,0,0,1,1,0,0,0,0,0,1,0,0,0,0,0,1,1,0,0,1,0,0,0,0,1,1,0,0,0,0,1,0,0,0,0,0,0,1,0,0,1,1,0,0,0,0,1,0,1,0,1,0,0,0,0,2,0,0,0,0,0,0,0,1,1,2,0,1,0,0,0,0,1,0,0,0,0,0,0,1,0,0,0,0,0,1,0,0,0,0,0,1,0,0,0,0,0,0,1,0,0,0,0,0,0,0,1,1,0,1,0,0,0,0,0,0,1,0,0,1,0,0,0,1,0,0,0,0,1,0,1,0,0,2,0,1,0,1,1,1,1,0,0,1,0,0,0,0,0,1,0,0,0
chr1:3245131,rs229,T/C,1,2,1,2,2,2,2,1,2,1,0,0,1,2,1,1,0,1,0,1,2,2,1,1,1,0,2,1,1,1,0,0,0,1,0,2,1,2,2,1,0,1,0,0,1,1,0,1,0,1,2,1,2,1,0,1,0,1,1,2,1,2,1,0,1,2,1,1,1,1,1,0,0,1,2,2,0,1,1,1,1,0,2,2,0,1,0,0,2,1,1,1,2,2,0,2,2,1,1,0,0,1,2,2,1,2,1,1,0,1,0,0,0,1,0,1,2,2,1,0,1,1,1,1,1,2,1,0,1,1,0,2,1,1,1,1,2,0,1,0,2,1,2,2,1,0,1,0,2,0,1,0,0,0,1,0,1,1,2,2,1,2,1,1,1,1,1,1,1,1,2,0,1,2,0,2,2,1,1,2,1,0,2,0,0,2,0,1,1,1,0,1,1,0,1,1,2,1,1,1
chr2:9480473,rs230,A/G,1,1,1,1,0,1,1,1,0,1,1,0,0,1,1,1,1,1,1,1,0,1,0,1,2,1,0,0,0,1,1,0,2,1,1,1,1,2,0,0,1,1,2,0,0,1,1,1,2,0,1,1,1,0,0,0,2,1,2,0,0,1,1,1,1,1,0,2,0,1,1,0,2,2,0,1,1,0,1,1,1,2,1,1,1,0,2,1,1,2,1,0,1,0,1,1,1,1,0,1,1,2,0,1,2,1,2,1,0,1,2,2,1,1,1,1,1,2,0,1,1,1,0,1,1,2,1,1,1,1,0,0,2,1,0,1,2,1,2,1,0,1,1,1,0,1,2,1,0,1,1,2,2,0,2,0,0,0,0,2,1,1,2,1,0,1,2,2,1,2,2,0,1,0,1,2,2,1,2,0,0,0,2,2,1,2,1,1,1,2,0,0,1,2,2,1,2,1,1,2
chr1:3906158,rs231,A/C,0,0,0,1,0,1,1,0,1,2,0,1,1,0,0,1,1,0,0,1,0,1,1,0,0,1,1,1,1,1,0,1,0,1,0,0,0,0,0,0,0,0,1,1,0,1,0,0,0,0,1,1,0,1,1,0,1,0,1,1,1,1,1,0,0,1,1,1,0,0,1,0,1,1,2,1,0,1,1,1,1,1,0,1,0,1,1,0,1,0,0,0,1,0,0,0,0,0,1,1,2,0,1,0,0,0,0,1,1,1,2,1,1,1,1,1,0,1,0,1,1,1,2,1,0,0,0,1,0,1,1,1,0,0,0,1,0,1,0,1,2,1,0,1,0,0,0,0,1,1,0,0,0,0,0,0,1,1,0,2,0,1,0,1,0,1,0,0,1,1,0,0,0,0,0,0,1,1,1,1,1,1,2,1,1,1,0,1,0,1,1,1,1,1,1,2,0,1,1,0
chr3:4125354,rs232,C/A,0,1,0,0,0,0,0,0,1,0,1,0,0,1,0,0,0,0,0,0,1,0,0,0,1,0,0,0,0,0,0,0,0,0,0,0,0,0,1,0,0,0,0,0,0,0,0,0,0,0,1,0,0,0,0,0,0,0,0,0,0,0,0,0,0,0,0,0,0,0,0,0,0,0,0,0,0,0,1,0,0,0,0,1,0,0,0,1,0,0,1,1,0,0,0,1,0,0,0,0,0,0,0,1,0,0,0,0,0,0,0,1,0,1,0,0,0,0,0,0,0,0,0,0,0,0,0,0,0,0,0,0,0,0,0,0,0,1,0,1,1,2,0,0,0,0,0,0,0,1,0,0,1,0,1,1,0,0,0,0,0,0,0,0,0,0,0,0,0,0,0,0,0,0,0,0,0,0,0,1,0,0,1,0,0,0,0,0,0,0,0,0,0,0,0,0,0,0,0,0
chr1:5782883,rs233,A/T,1,1,0,0,0,1,0,1,1,0,1,0,0,1,0,1,0,0,2,1,1,0,0,1,0,2,0,0,0,0,1,2,0,0,1,1,0,0,0,1,0,1,0,1,0,0,0,1,0,1,1,0,1,1,1,1,1,0,1,1,0,0,1,0,1,0,1,0,1,0,1,0,1,0,0,0,2,1,0,1,1,0,1,0,0,1,0,0,1,1,0,0,1,1,1,0,1,0,1,0,1,0,1,0,0,1,0,0,0,0,0,0,1,1,0,0,1,0,0,0,0,0,1,0,1,1,1,0,0,0,0,1,0,1,1,1,0,1,2,0,0,0,0,0,0,0,1,0,1,0,1,0,1,0,0,1,1,0,2,0,0,1,0,0,0,0,0,0,1,0,0,1,0,0,2,1,0,1,1,1,0,0,0,1,1,1,0,0,0,1,0,1,1,0,0,0,1,0,0,1
chr3:4982588,rs234,G/C,0,1,1,0,0,1,1,0,1,2,0,0,1,0,1,1,1,0,1,0,0,0,1,0,1,0,1,0,0,2,0,0,1,1,0,1,1,0,0,0,0,0,0,0,0,0,0,1,1,0,0,1,1,0,0,0,1,2,1,1,1,0,1,0,0,0,1,1,1,0,0,0,0,0,0,1,1,0,0,0,0,1,1,0,1,1,0,1,0,0,1,1,0,0,1,0,1,0,0,0,1,0,0,0,0,0,0,0,0,1,0,0,0,0,1,1,0,1,1,1,1,0,2,2,0,0,1,0,1,0,0,1,2,0,1,0,1,0,0,0,1,1,0,1,2,0,0,1,1,1,0,1,1,1,1,0,0,0,0,1,1,0,1,0,0,0,1,1,0,1,0,2,1,1,0,0,0,1,0,0,0,0,0,0,1,0,1,1,0,0,1,1,0,0,1,1,1,0,0,1
chr3:1635605,rs235,T/C,0,0,0,1,0,2,0,0,0,1,0,0,0,0,0,0,1,0,0,0,0,0,0,0,1,0,0,0,0,0,0,0,0,0,0,0,0,1,0,1,0,2,0,0,0,0,0,0,0,0,0,0,0,0,1,0,0,0,0,0,1,1,0,1,0,0,0,0,0,0,0,0,0,0,0,1,0,0,1,0,1,0,0,0,1,0,0,0,0,0,0,0,0,0,1,0,1,0,0,0,1,2,0,0,1,0,0,0,0,0,2,0,0,0,0,0,0,0,0,0,0,0,0,0,1,0,0,1,0,0,0,0,2,0,0,0,0,0,2,0,0,0,0,0,1,0,0,0,0,0,1,0,0,0,0,0,0,0,1,0,1,1,0,0,1,0,0,0,0,0,0,2,0,0,0,0,1,0,1,0,0,0,1,0,0,0,1,0,0,0,0,0,0,1,0,1,0,0,0,0
chr4:8413718,rs236,T/C,1,1,0,1,0,1,0,0,1,1,0,1,0,1,1,1,0,0,0,0,0,0,1,0,1,0,2,2,0,2,1,0,2,0,0,1,0,0,2,2,1,0,1,0,2,0,1,1,2,1,1,1,1,1,0,1,0,1,0,2,0,0,2,0,0,1,0,1,1,2,0,0,0,0,0,0,1,1,0,0,1,0,1,0,0,0,0,1,2,1,1,0,1,1,0,0,0,0,1,2,1,0,0,0,1,0,0,1,0,0,0,0,0,0,0,0,0,2,0,0,1,0,1,0,2,2,1,1,0,2,0,0,0,0,1,0,1,0,1,1,1,1,1,0,0,1,1,0,0,0,0,1,0,1,1,0,0,0,1,0,0,0,0,0,0,0,1,0,1,1,1,0,0,1,1,0,0,1,0,1,2,0,1,0,1,0,0,1,0,2,0,0,0,1,0,1,0,0,1,0
chr1:7558221,rs237,C/G,1,0,1,1,0,1,1,1,0,1,1,0,0,0,1,2,0,2,0,0,0,0,0,1,0,0,1,1,2,0,1,0,0,2,0,1,1,0,1,0,0,1,1,0,2,0,0,1,0,1,1,1,1,1,1,0,1,0,0,0,1,0,0,0,0,0,1,0,1,0,0,1,0,0,2,0,0,0,0,0,1,0,0,1,0,0,0,0,0,0,2,0,1,0,0,0,0,0,2,1,0,0,0,1,0,0,0,0,0,2,0,0,2,0,1,0,0,0,0,0,0,0,1,0,1,0,1,0,0,0,1,1,0,1,0,0,1,0,0,1,1,0,0,0,0,0,1,0,0,1,1,0,0,1,0,0,0,0,0,1,1,0,1,0,1,0,1,0,1,0,0,0,0,0,0,0,1,0,0,0,0,0,1,1,0,0,0,0,2,0,1,2,0,0,0,0,0,2,2,1
chr3:3901614,rs238,C/T,0,1,0,1,0,1,0,0,1,1,0,0,2,0,1,0,1,1,1,1,0,1,1,2,1,1,2,1,1,1,1,1,1,1,1,1,0,0,0,1,2,1,2,0,1,0,0,1,0,0,0,1,1,0,0,0,0,2,2,2,1,2,1,2,2,1,0,1,1,1,1,1,0,0,2,1,0,2,0,1,0,2,1,1,2,2,1,2,1,1,1,0,0,1,0,1,0,1,0,1,2,2,1,2,1,1,0,2,0,1,1,1,0,1,1,0,1,2,2,1,0,1,1,2,2,2,1,1,0,1,2,1,1,0,0,1,2,0,0,1,0,0,0,1,1,2,1,1,0,1,1,0,1,0,1,1,1,2,2,1,2,0,1,0,0,1,2,1,1,1,1,1,0,2,0,2,0,1,2,1,1,1,0,0,0,0,2,2,0,1,0,0,1,0,0,1,2,1,0,1
chr3:4708654,rs239,G/A,1,2,2,1,1,1,1,1,0,1,0,2,0,1,0,1,0,1,0,1,0,1,1,1,0,1,1,1,0,0,1,0,1,1,0,1,1,0,0,1,0,1,2,2,1,1,1,0,0,0,2,1,1,1,1,0,1,1,1,1,1,2,1,1,1,1,1,0,0,0,0,1,1,1,0,0,1,1,1,2,2,1,1,0,0,0,0,0,1,1,1,2,2,2,1,1,1,1,2,2,1,1,2,2,1,1,1,1,1,0,1,1,1,0,0,2,0,0,1,1,1,0,1,1,2,0,0,2,1,1,0,1,0,0,1,2,0,0,0,1,1,0,1,0,0,0,0,0,0,1,0,0,0,0,0,0,2,1,1,1,1,1,1,1,2,0,0,0,1,1,2,1,1,1,1,1,0,1,0,1,1,2,2,1,0,1,0,1,0,0,1,0,2,1,1,0,0,1,1,1
chr2:6872354,rs240,C/G,1,1,1,1,1,1,0,1,1,0,0,1,1,1,1,0,1,1,0,0,0,0,1,0,0,0,1,0,0,0,0,0,1,0,0,0,1,0,2,1,0,1,0,1,1,1,0,1,1,0,2,0,1,1,1,1,1,0,1,0,0,2,0,0,1,0,0,1,1,0,0,2,2,1,0,0,1,0,2,0,1,0,0,1,1,1,0,1,1,0,0,1,0,1,0,1,0,0,0,0,0,0,0,0,0,0,2,0,0,0,0,1,0,0,1,2,1,0,1,0,1,0,0,1,1,1,0,1,1,0,0,1,0,1,0,2,2,0,0,0,0,0,1,1,1,0,1,0,0,0,1,0,2,1,0,0,0,1,1,0,0,1,0,1,1,0,1,1,0,1,2,1,0,2,0,0,0,0,1,1,1,0,2,0,0,1,0,0,2,1,2,1,0,0,1,0,1,0,1,0
chr4:3319049,rs241,C/A,0,0,0,0,0,0,0,1,0,0,1,1,0,2,0,1,0,0,1,0,0,0,0,0,0,0,0,0,0,0,0,1,0,0,0,1,0,0,2,0,1,0,0,0,0,0,0,0,1,1,0,0,0,0,0,0,0,0,0,0,1,0,0,0,0,0,0,0,0,0,0,1,0,0,1,0,0,0,0,1,0,0,0,0,0,1,0,0,0,0,0,1,1,0,0,0,1,1,0,0,0,0,0,0,0,0,0,0,0,1,0,0,0,1,0,0,1,1,0,0,1,1,0,0,0,0,0,0,1,0,1,1,1,0,0,0,1,0,0,0,0,1,0,0,0,1,0,1,0,0,0,0,0,0,0,0,0,0,0,0,0,0,0,0,0,0,1,1,0,0,0,0,0,0,0,0,0,1,0,0,0,0,0,0,0,0,0,1,0,0,0,0,0,0,0,0,0,0,0,0
chr1:3192614,rs242,T/C,0,1,0,1,1,2,0,0,1,0,0,0,1,0,1,0,1,0,0,0,0,0,0,2,1,1,2,0,0,1,1,2,1,1,1,1,0,0,1,1,0,0,1,0,0,0,1,0,0,1,0,0,2,1,0,1,1,1,0,0,1,0,0,0,1,0,0,1,0,0,1,0,1,0,0,0,2,0,1,0,0,0,1,0,0,1,0,0,0,2,0,2,0,0,1,0,0,0,0,1,1,0,1,0,0,0,1,0,0,2,1,1,0,1,0,1,0,0,0,0,0,1,1,1,0,0,2,0,0,0,2,0,0,1,0,1,0,0,0,0,1,2,1,1,0,0,1,0,0,1,1,0,1,1,0,1,0,2,0,1,1,1,1,0,1,1,0,0,0,1,1,1,0,0,1,1,0,1,1,0,1,1,0,1,0,1,0,1,1,0,2,0,0,1,1,0,1,1,0,1
chr2:6642264,rs243,G/T,0,1,1,1,1,1,0,1,0,0,2,1,0,1,1,0,1,1,1,1,0,1,0,0,2,1,1,0,0,0,1,1,1,1,1,1,1,2,1,0,2,0,2,1,1,0,0,0,1,0,1,2,0,1,0,0,1,1,0,1,1,0,0,1,1,1,0,1,1,0,1,1,1,0,0,1,1,1,0,0,1,1,1,1,2,0,1,0,2,1,0,0,0,0,0,2,0,1,0,1,1,0,1,1,2,0,0,2,1,1,1,1,1,0,1,1,0,0,0,1,1,1,1,0,1,0,1,0,0,0,0,1,1,0,2,0,2,2,1,0,1,1,0,0,1,1,0,2,2,0,0,1,0,0,1,2,0,1,0,0,0,0,1,1,0,1,0,1,0,0,0,0,0,0,1,1,0,0,1,2,0,1,0,1,0,0,0,0,0,1,1,1,0,0,1,0,1,1,0,1
chr3:2655016,rs244,A/C,1,1,0,1,1,1,1,0,0,2,0,1,0,0,0,0,1,1,1,1,1,1,1,0,1,1,1,2,0,2,0,0,1,0,1,2,2,1,1,2,1,2,2,0,0,1,1,1,1,0,0,2,1,1,2,1,1,1,1,0,1,0,1,2,2,0,1,0,0,1,1,0,0,1,0,0,1,1,1,0,0,0,0,0,1,0,0,0,0,0,0,0,2,2,1,0,0,1,0,1,1,1,0,0,1,1,1,0,1,2,1,0,1,1,2,1,1,1,0,1,0,1,1,1,0,0,0,1,1,1,0,0,2,0,1,1,1,1,0,2,0,0,1,0,1,1,0,0,0,0,0,1,0,0,0,1,1,2,0,0,0,0,1,1,0,1,1,2,0,0,0,0,1,1,0,1,1,0,0,1,1,2,1,1,1,0,1,2,0,0,1,2,0,1,1,1,1,2,0,0
chr3:9376430,rs245,T/C,0,0,0,1,0,1,0,0,0,0,0,0,0,0,0,0,1,0,0,0,1,0,0,1,0,0,0,2,0,0,0,1,0,0,0,0,2,0,0,0,1,0,1,0,0,0,0,0,0,1,0,1,0,0,0,0,0,0,1,0,0,1,0,1,0,0,1,0,1,1,1,1,0,1,0,1,0,0,1,1,2,0,0,1,0,1,1,1,1,1,0,2,0,0,0,1,1,0,1,1,1,0,1,1,1,0,0,0,0,0,0,1,0,0,0,0,1,0,1,0,1,0,0,1,0,0,1,0,1,0,0,0,0,0,0,1,1,1,0,0,0,0,1,1,0,0,1,0,1,1,0,0,1,1,0,0,1,0,0,0,0,0,0,0,0,1,0,0,0,0,1,0,0,1,1,0,1,1,2,0,2,0,1,0,0,0,0,0,0,2,1,0,1,1,0,1,1,0,0,0
chr3:3568103,rs246,A/G,0,1,0,1,2,1,1,0,1,1,1,1,0,1,0,0,1,0,1,1,1,2,1,2,1,1,0,1,1,1,1,1,0,1,1,0,2,1,0,0,1,0,1,0,1,1,0,1,2,1,0,1,0,1,0,1,0,1,0,1,1,0,1,0,1,1,1,0,0,0,1,1,2,1,1,1,0,2,0,1,1,1,0,0,2,2,1,2,0,0,0,0,0,0,1,0,0,1,0,0,0,1,1,1,0,1,0,0,1,1,0,1,0,0,0,2,0,1,0,1,0,0,1,1,0,1,0,1,1,0,1,0,0,1,0,0,0,1,0,0,0,0,1,0,1,1,0,0,1,1,1,2,1,2,1,0,1,0,0,1,0,0,0,0,0,1,0,1,1,1,0,1,0,1,0,1,1,1,1,0,1,1,0,0,0,0,1,1,0,0,1,1,0,1,1,0,0,2,0,1
chr2:7482532,rs247,T/C,0,0,1,1,0,1,1,0,1,0,0,1,0,0,1,1,1,1,2,1,0,1,0,1,1,2,2,1,0,1,0,1,1,1,0,0,1,0,0,0,2,1,1,0,0,0,1,1,0,0,0,1,1,1,1,0,1,0,0,0,0,0,1,0,1,1,1,0,1,1,0,1,1,2,1,0,0,0,0,1,2,2,0,0,1,0,0,1,1,1,0,1,1,0,1,0,1,1,0,1,0,1,1,1,2,0,0,1,1,1,0,1,1,1,1,0,0,0,0,1,2,1,1,2,0,0,0,1,0,1,0,0,0,1,1,2,1,0,1,0,0,1,0,0,0,2,1,0,2,2,1,1,0,0,0,2,1,0,1,1,1,0,1,0,0,1,0,1,0,2,1,0,1,0,1,0,0,2,0,1,0,1,0,0,0,0,2,1,1,0,0,1,2,1,0,1,0,1,2,2
chr4:3000609,rs248,C/G,0,0,0,0,0,0,0,0,1,1,1,0,0,0,0,0,1,0,0,1,1,0,0,0,0,1,1,0,0,0,0,0,0,1,0,0,0,2,1,1,0,0,0,0,0,0,0,0,0,1,0,0,0,2,0,0,0,0,0,0,0,0,0,0,0,0,1,0,0,0,0,1,1,1,0,1,0,0,0,0,0,1,0,0,0,0,1,0,0,0,1,0,0,0,0,1,1,0,0,0,0,0,0,1,0,0,0,0,0,0,1,1,0,0,0,0,1,0,0,0,1,0,0,0,0,1,0,0,0,0,0,0,1,0,1,1,1,0,2,0,0,1,0,0,1,0,1,1,0,0,1,0,0,0,0,0,0,0,0,0,0,1,0,0,1,0,0,0,1,0,0,0,1,0,1,0,1,0,0,1,1,1,0,0,1,0,1,0,0,0,0,0,0,0,0,1,0,0,0,0
chr1:2314532,rs249,A/T,0,0,1,0,0,0,0,0,0,0,1,1,1,0,1,1,1,0,1,1,1,1,1,0,1,1,1,1,0,0,0,1,0,0,0,0,1,1,0,1,1,0,0,1,0,0,1,1,0,1,0,0,0,0,0,0,0,1,2,0,0,0,1,1,0,0,1,0,1,2,1,0,1,0,1,1,0,0,0,0,1,1,0,0,1,0,1,0,1,1,1,0,1,1,1,0,0,1,0,1,0,1,0,0,0,0,1,0,1,0,1,0,0,1,0,0,0,0,1,1,0,1,0,0,0,1,0,1,0,1,1,0,1,0,0,0,0,0,0,0,0,1,1,0,1,1,0,0,1,1,1,0,1,0,1,1,0,1,1,0,0,1,2,1,0,0,0,1,1,1,1,0,0,1,1,0,0,0,1,0,0,1,0,2,0,0,0,0,0,0,0,0,0,0,1,1,0,2,0,0
chr1:1944789,rs250,A/C,1,0,0,0,0,0,1,0,0,1,0,0,0,0,1,0,0,0,0,0,0,0,0,0,0,0,0,0,0,0,1,0,0,0,0,0,1,0,1,2,1,0,1,0,0,0,1,0,0,0,0,0,0,0,0,1,0,0,0,1,1,1,0,0,0,0,0,0,1,1,0,0,0,0,1,0,0,0,0,0,0,0,0,0,0,2,0,0,0,0,0,0,1,1,0,0,0,0,0,0,0,0,1,0,1,0,0,0,1,1,0,0,0,0,0,0,0,0,0,0,0,0,1,1,1,0,0,0,0,0,0,0,0,0,0,0,1,0,0,1,0,1,0,0,0,0,1,0,0,0,1,0,0,0,0,0,1,0,0,0,0,0,0,0,0,0,1,0,0,1,0,0,0,0,0,0,0,0,1,0,0,0,1,0,0,1,0,2,0,2,0,0,1,0,1,0,0,0,0,0
chr2:3255363,rs251,T/G,0,0,1,1,0,1,1,0,0,0,0,0,0,0,0,0,1,0,1,0,0,1,0,0,2,0,0,0,1,0,0,1,0,2,0,0,0,0,0,0,0,0,2,0,0,0,0,1,1,1,1,1,0,0,0,0,0,0,0,0,0,0,1,0,0,0,1,1,1,0,0,2,0,0,0,1,0,1,0,1,0,0,0,0,0,2,0,0,0,1,1,0,1,0,0,0,1,0,0,0,0,1,0,0,1,0,1,1,0,0,0,0,1,1,1,1,0,1,1,1,0,0,0,1,0,0,0,0,0,1,1,0,0,0,1,1,2,0,0,0,1,0,0,1,1,0,1,0,0,0,1,1,0,0,1,0,2,1,0,1,0,1,0,0,0,0,0,0,0,0,1,0,1,0,0,0,0,0,1,0,0,1,0,0,0,0,0,1,0,0,0,0,0,0,1,1,0,0,1,2
chr2:6056861,rs252,C/G,0,0,0,0,2,0,0,1,0,0,2,0,1,0,0,2,0,1,0,0,1,1,2,0,1,0,1,0,0,0,0,1,0,1,0,0,0,1,2,0,0,0,1,1,0,0,1,0,1,0,1,0,1,1,0,0,0,2,1,0,0,0,1,2,0,1,1,0,0,1,0,0,0,1,1,0,1,2,0,0,0,1,0,1,0,0,0,0,0,1,1,2,0,1,1,0,1,1,0,0,0,1,0,0,1,0,0,0,2,0,0,0,0,1,2,1,0,0,0,0,1,0,0,0,0,1,0,1,1,0,2,0,0,1,0,0,1,1,0,1,1,0,1,2,2,0,0,1,0,1,0,1,0,2,0,0,1,0,0,2,1,1,0,1,0,0,1,0,2,1,1,1,0,0,0,0,2,0,1,1,1,1,0,1,1,1,1,0,0,1,1,0,1,0,2,1,0,2,0,0
chr1:4668866,rs253,C/G,0,0,0,1,0,0,0,0,1,0,0,0,0,0,0,0,0,0,1,1,0,0,0,0,2,0,0,0,0,0,1,0,1,2,1,0,0,1,1,0,0,0,0,0,0,0,0,1,1,0,1,1,0,0,0,1,0,0,1,0,0,1,0,0,1,0,0,0,0,0,0,0,1,0,0,0,0,1,0,0,0,0,0,0,0,1,1,1,0,0,0,0,0,0,0,0,1,1,0,0,0,0,0,1,0,0,1,0,0,0,0,1,0,0,0,1,0,0,1,1,1,0,0,1,0,0,0,0,0,0,0,0,0,0,0,0,0,0,0,0,0,1,0,0,0,0,0,0,0,0,1,0,0,0,0,0,0,0,1,0,0,0,0,1,0,0,1,0,0,1,0,0,1,0,1,0,1,0,1,0,0,1,0,0,0,0,0,1,0,0,1,0,0,0,0,0,0,0,0,0
chr4:8082212,rs254,G/C,2,1,1,0,1,0,1,0,0,1,1,0,0,1,1,0,0,0,0,1,0,1,2,1,1,1,2,0,0,1,1,0,0,2,0,0,0,1,1,0,1,0,1,0,0,2,0,1,2,0,0,0,0,1,0,2,1,2,0,0,0,1,0,1,1,1,1,1,0,0,1,1,0,1,1,0,1,0,0,1,2,1,2,1,1,1,0,0,0,1,1,1,0,0,0,0,2,1,0,1,1,1,2,1,2,2,0,0,0,1,1,1,0,1,1,0,0,1,1,1,0,0,1,2,2,1,1,0,1,1,1,0,1,1,0,0,0,0,0,1,1,2,0,0,0,0,1,1,1,0,1,2,1,2,0,0,2,1,0,0,1,1,1,0,1,1,1,1,0,0,1,0,0,0,0,1,0,0,2,0,0,1,0,1,0,0,2,0,0,0,0,0,0,1,1,1,1,1,2,1
chr2:8643603,rs255,G/C,1,2,1,2,1,1,1,2,2,0,1,0,0,2,1,1,1,1,1,0,1,0,0,1,2,0,2,1,0,1,1,2,2,1,2,1,1,0,1,0,1,2,2,2,0,1,2,0,2,0,1,1,2,1,2,0,1,1,1,1,2,0,0,2,1,1,0,1,0,0,1,1,2,0,1,1,0,2,1,2,0,0,1,0,1,2,0,0,0,1,1,1,1,1,1,2,1,0,0,0,1,1,0,1,1,0,1,1,0,2,0,1,2,1,1,2,0,1,1,2,1,2,0,2,2,1,2,0,2,2,0,1,1,0,0,0,1,1,2,1,1,0,1,2,1,1,1,1,1,0,1,1,2,1,0,0,2,2,0,2,2,1,1,1,1,0,1,2,2,1,1,1,1,1,1,0,0,1,1,1,1,2,1,2,0,2,0,1,1,1,2,0,1,2,0,2,1,2,1,1
chr4:6986126,rs256,T/C,1,0,0,0,0,0,1,1,1,1,1,0,1,2,0,1,0,0,2,0,0,2,1,0,0,1,0,0,0,2,1,0,1,1,2,1,1,0,0,1,1,1,0,1,1,1,0,1,0,1,1,0,1,2,0,1,0,1,0,0,1,0,0,2,1,1,1,1,0,0,0,0,0,1,0,1,1,0,0,1,1,1,0,2,1,0,0,1,0,1,1,0,1,0,0,1,1,0,0,0,0,1,1,1,0,0,0,0,1,0,0,0,0,0,0,0,0,0,0,1,0,1,0,0,0,0,0,0,0,1,0,0,1,0,0,0,0,0,1,1,0,0,0,0,1,0,0,0,1,0,1,1,0,0,0,0,1,1,0,0,1,1,1,0,0,0,0,1,0,1,1,0,1,0,0,1,1,1,1,1,0,1,0,0,1,1,0,0,2,0,2,1,1,0,0,0,1,0,1,1
chr1:2030117,rs257,C/T,1,0,0,0,0,1,1,0,1,1,0,1,0,1,1,0,0,1,1,0,0,0,0,0,0,0,0,1,0,1,0,1,0,0,1,1,1,0,0,0,0,0,0,0,1,1,0,2,1,0,0,0,1,0,0,0,1,0,0,0,0,0,0,0,0,0,0,0,0,0,0,0,1,1,0,0,2,0,1,1,1,0,0,0,0,0,0,0,1,0,1,1,0,0,1,0,1,1,0,1,0,1,0,0,0,1,2,1,0,0,0,1,1,0,1,0,1,0,0,1,1,0,0,1,1,2,0,1,1,0,0,0,0,0,0,1,0,1,0,0,2,0,0,1,1,0,1,0,0,1,0,1,0,0,0,1,0,0,2,1,0,0,0,1,1,1,1,0,0,0,1,1,1,1,0,0,1,0,0,0,1,1,0,1,1,1,1,0,0,0,1,0,2,0,0,1,1,0,0,0
chr1:9913742,rs258,C/T,1,0,0,1,1,1,2,1,0,0,1,0,1,1,1,1,0,0,1,2,0,1,1,1,1,2,0,1,1,2,0,1,0,2,1,0,1,1,0,2,0,1,1,2,0,1,0,2,0,1,1,0,0,0,2,1,2,0,0,2,1,1,2,2,0,0,0,1,1,1,2,1,0,1,0,1,0,0,1,2,2,0,2,1,1,2,2,0,1,1,0,1,0,2,2,1,1,0,1,0,1,2,1,1,0,0,1,0,0,1,1,1,1,1,0,0,2,1,1,1,0,0,1,1,1,0,0,1,1,2,0,2,2,1,1,2,0,0,0,1,0,2,1,2,0,1,1,1,2,1,0,2,1,0,1,1,1,1,1,0,0,1,1,0,0,2,2,1,0,1,0,1,1,1,0,1,1,1,1,0,1,1,0,1,1,1,0,0,2,1,0,2,0,1,0,2,1,1,1,0
chr3:9386180,rs259,T/C,0,2,1,1,0,0,0,1,1,1,1,0,1,1,0,1,1,0,0,0,1,1,0,1,0,0,0,0,0,1,1,0,0,0,0,0,1,0,0,0,2,0,0,0,0,2,0,1,0,0,1,1,0,0,0,2,1,0,0,0,1,0,0,1,0,0,0,0,1,1,0,0,0,0,0,0,0,1,0,1,0,1,1,1,0,0,1,0,0,1,1,1,0,0,0,1,0,0,1,0,1,0,0,0,1,0,1,0,1,1,0,0,0,2,1,1,0,0,0,1,0,0,1,1,0,1,0,0,1,0,2,0,1,0,1,2,0,0,0,1,0,0,1,1,0,1,0,1,0,0,1,0,0,1,1,0,1,1,1,0,0,0,0,0,0,1,1,0,0,0,0,1,0,1,0,1,1,0,0,1,0,0,0,0,0,0,2,0,0,0,0,1,2,1,0,0,0,0,0,1
chr2:1064323,rs260,C/A,0,1,1,0,0,0,0,1,0,0,0,0,0,1,1,0,0,1,1,0,0,0,0,0,0,0,0,0,0,0,0,0,0,0,0,0,0,0,2,0,1,0,0,0,0,0,0,0,1,0,1,0,0,0,0,0,0,0,0,0,1,1,0,0,0,0,0,0,0,1,1,0,0,1,0,0,1,0,0,1,1,0,0,0,0,0,1,1,0,1,1,0,1,1,0,0,0,0,0,0,1,0,1,1,0,0,0,0,0,0,0,0,1,0,0,0,0,1,0,0,0,0,0,0,1,0,0,1,0,0,0,0,0,1,0,1,0,0,0,0,1,0,0,1,0,0,0,0,1,1,0,1,1,0,0,0,0,0,1,0,0,0,0,1,0,0,0,1,1,1,0,1,0,0,0,0,0,0,0,1,0,2,0,0,0,0,1,0,0,0,0,0,1,0,0,0,0,1,0,0
chr4:1954480,rs261,G/C,0,1,1,2,1,2,1,0,0,1,1,1,2,0,1,1,1,0,1,0,1,1,2,0,1,1,1,1,0,1,2,1,2,1,2,0,1,1,1,1,0,1,0,0,0,0,1,1,0,1,0,0,1,0,1,0,1,0,0,1,1,0,0,0,1,0,0,2,0,1,2,0,1,1,2,2,1,0,1,2,0,2,1,0,1,0,1,0,1,1,1,1,1,2,1,1,1,0,0,1,1,1,2,1,1,2,1,1,2,1,1,2,1,0,1,1,0,1,1,2,0,1,1,1,2,2,0,0,0,1,1,1,0,0,0,1,1,0,0,1,2,0,1,0,0,1,0,1,2,1,1,0,0,1,0,0,0,0,1,2,2,1,0,0,0,0,1,2,1,1,1,1,2,1,1,0,0,1,0,1,1,1,0,0,1,1,0,2,1,1,1,0,2,2,1,1,1,1,1,1
chr1:6347417,rs262,T/C,0,0,0,1,0,0,0,0,1,0,0,1,0,0,0,0,1,0,0,0,0,0,0,0,1,2,0,1,1,1,0,1,2,1,1,0,0,1,0,0,0,1,0,2,1,0,0,0,0,1,0,0,0,1,0,0,1,0,0,1,1,1,1,0,1,0,0,0,1,0,0,0,0,0,0,0,1,0,1,0,0,1,1,0,1,0,0,0,0,0,0,0,1,0,0,2,0,0,1,0,0,0,1,1,0,0,0,0,0,1,2,1,2,0,1,1,0,0,0,1,1,1,1,0,1,0,0,1,0,1,0,1,0,0,0,0,0,0,1,0,0,1,1,0,0,0,0,0,1,0,0,0,0,1,2,0,0,1,1,0,1,0,2,0,0,0,1,0,0,1,0,0,0,1,1,1,1,0,1,0,0,0,1,0,1,0,1,0,1,1,0,1,1,0,0,1,0,0,1,0
chr1:9671370,rs263,C/A,0,0,1,1,1,0,0,2,0,0,2,2,1,0,0,0,1,0,0,0,1,1,1,0,2,1,1,2,0,1,1,0,0,2,0,1,1,0,0,0,0,2,1,0,0,1,0,1,0,2,0,1,1,1,1,0,1,1,1,1,0,0,1,0,2,1,1,0,1,0,1,0,1,0,1,0,0,0,0,0,0,0,1,1,2,1,0,1,0,1,2,1,1,1,1,1,0,2,0,0,2,1,0,0,1,0,0,2,1,1,1,1,2,1,1,1,2,1,2,0,0,0,0,0,0,2,0,1,1,0,0,0,0,2,1,2,1,0,1,1,2,0,0,0,0,1,0,1,1,0,0,2,1,1,1,0,0,0,1,1,0,0,1,1,2,0,1,1,1,0,0,0,1,1,1,0,0,0,1,1,1,1,0,1,0,1,1,0,0,0,0,2,1,1,1,1,0,0,1,1
chr3:1571650,rs264,A/C,0,0,2,1,2,1,1,1,0,1,0,1,2,1,0,2,0,1,2,0,2,1,1,2,1,1,1,0,1,0,0,0,0,0,0,1,0,1,1,2,1,2,1,0,1,1,1,1,1,1,2,1,1,2,2,1,2,1,1,2,0,1,1,1,0,1,1,0,2,0,1,0,1,2,2,1,1,1,1,1,1,0,0,1,1,1,1,1,1,1,1,0,1,2,1,1,0,0,0,0,1,2,0,0,2,1,1,2,1,1,1,0,1,0,1,0,1,1,1,0,1,1,2,2,0,1,1,1,2,1,1,2,0,1,0,0,0,1,2,0,1,0,0,2,0,0,0,1,1,0,1,1,1,2,1,1,1,0,2,1,0,0,1,2,1,1,0,1,2,1,0,0,1,0,1,0,2,1,1,1,1,0,2,1,0,1,0,0,0,0,1,2,1,1,0,0,1,2,0,1
chr2:5909047,rs265,T/A,1,0,1,2,0,1,1,1,0,1,0,1,1,0,1,2,2,0,1,1,1,1,2,1,2,0,2,2,1,2,1,1,2,0,2,0,1,0,1,1,0,2,1,1,2,2,1,0,2,1,2,1,2,1,1,1,1,0,1,1,1,1,1,2,1,0,0,0,0,0,1,0,0,2,2,1,0,2,1,0,1,0,2,2,0,1,1,2,1,0,0,0,2,2,1,0,1,2,1,1,0,1,1,1,1,2,2,0,1,2,1,1,1,0,0,1,1,2,1,1,1,1,2,2,1,0,2,1,1,1,1,1,2,1,2,1,2,1,1,0,1,1,1,1,0,1,1,2,1,1,1,1,2,1,1,0,2,2,1,0,2,2,1,1,2,1,1,1,1,1,1,1,2,2,2,1,2,1,1,1,1,1,2,2,0,1,1,1,2,1,2,1,0,1,1,1,0,0,2,1
chr3:9791689,rs266,G/T,1,0,1,1,1,0,0,0,1,1,0,1,2,1,1,0,0,1,1,1,2,1,1,2,0,2,1,0,0,2,1,0,0,1,0,0,1,2,2,0,2,1,1,0,2,2,2,0,2,1,0,0,1,2,2,1,1,1,1,0,1,1,1,0,1,0,2,1,2,0,1,2,1,0,1,1,0,2,1,1,0,0,1,1,1,0,2,1,0,1,0,1,1,2,1,0,0,0,2,1,2,1,2,0,2,0,2,1,0,1,2,1,1,1,0,2,0,2,1,1,2,1,1,1,0,1,0,1,0,2,1,2,0,2,2,0,2,1,0,1,0,2,0,1,1,2,0,1,0,1,2,0,0,1,0,0,0,1,0,1,1,1,2,1,1,0,1,2,1,0,2,1,0,1,1,1,1,0,1,2,0,0,1,2,0,2,2,1,0,0,0,0,2,0,0,1,2,0,1,1
chr1:5199591,rs267,T/A,1,0,1,1,2,0,0,0,1,1,1,0,0,1,2,1,1,1,2,1,0,1,1,1,2,0,1,1,2,0,1,0,0,0,1,2,0,0,0,1,0,2,1,1,1,1,2,2,0,2,1,0,1,0,1,1,0,0,2,1,0,2,2,0,0,2,0,1,0,1,0,1,0,0,0,0,1,2,1,1,0,0,0,1,0,2,1,2,1,1,0,1,2,0,0,0,2,0,1,0,1,1,0,1,1,1,1,0,2,0,0,0,0,1,1,1,0,0,1,1,0,1,0,1,2,0,1,0,0,1,1,1,1,2,1,1,1,0,1,1,0,2,1,1,2,1,0,1,2,0,0,0,0,2,0,1,1,1,0,1,2,0,0,2,1,1,2,1,1,1,0,0,1,0,2,0,1,1,1,1,1,2,0,1,2,0,2,1,1,0,2,0,1,1,1,0,0,1,1,0
chr3:8796324,rs268,A/T,0,0,1,0,1,1,0,0,1,0,0,0,1,0,0,1,1,0,0,1,1,0,0,0,0,1,0,0,0,1,0,0,0,0,0,0,0,0,0,1,1,0,0,0,0,0,0,1,0,0,0,0,1,0,0,0,0,0,0,1,0,0,0,2,0,0,1,0,0,0,0,0,0,0,1,0,0,0,2,1,0,1,0,1,0,0,0,0,0,0,0,0,0,1,1,0,0,0,1,0,0,0,0,0,1,0,1,0,0,0,1,0,0,1,0,2,1,0,0,0,0,0,0,0,0,0,0,1,0,1,0,1,0,0,0,1,0,0,0,0,0,0,0,0,0,0,0,0,0,0,0,1,1,0,2,0,0,1,0,0,0,0,0,0,0,0,0,0,0,1,0,0,0,0,0,0,0,0,0,0,0,1,1,0,1,1,0,0,0,0,0,1,0,0,1,1,1,1,0,0
chr1:9112074,rs269,C/T,0,0,0,0,0,0,1,0,0,0,0,1,0,0,0,0,0,1,0,0,0,0,0,0,0,0,1,1,0,0,0,0,0,0,0,0,0,0,1,0,0,0,0,0,1,0,0,1,1,1,1,0,0,0,0,0,0,0,0,0,0,1,1,0,0,0,0,0,1,0,0,0,1,0,0,1,0,0,0,0,0,0,1,1,0,1,0,2,1,0,0,0,0,1,0,0,1,1,1,0,0,0,1,0,0,1,0,0,1,0,2,0,0,0,0,1,1,1,0,0,0,0,0,0,0,0,1,1,0,0,0,0,0,0,1,1,0,0,0,1,1,0,1,0,0,1,0,0,0,0,1,1,1,0,1,0,0,0,0,0,0,0,0,0,0,0,0,1,0,2,0,0,0,1,0,0,1,1,2,0,1,1,1,2,1,0,0,0,1,0,0,0,1,1,0,0,0,0,0,1
chr3:6672354,rs270,T/G,1,1,0,1,1,2,0,1,1,1,1,0,0,0,1,2,0,1,2,2,1,1,0,0,0,1,1,0,0,0,0,2,2,0,0,2,0,2,0,1,1,0,0,1,2,1,1,2,0,0,0,0,1,0,0,0,0,0,0,1,1,1,1,2,0,2,1,0,1,0,0,0,0,1,0,1,0,0,0,1,2,0,2,1,0,1,1,1,1,1,0,0,1,1,1,1,0,0,2,1,1,0,0,0,1,1,1,2,0,0,0,0,1,2,1,1,2,1,0,1,1,1,0,0,1,0,1,0,1,0,2,0,1,0,0,1,0,1,0,1,1,2,1,1,1,0,1,1,0,2,0,1,1,1,1,0,0,0,0,1,1,1,0,1,0,1,0,1,1,2,0,0,2,0,1,1,0,0,0,1,1,1,1,0,0,2,1,0,0,1,1,1,0,0,0,0,0,0,0,0
chr1:1786667,rs271,T/C,0,0,1,0,0,0,1,0,0,1,0,1,1,0,0,0,0,0,0,0,0,0,0,0,0,0,0,0,0,1,0,1,0,0,0,0,1,0,0,0,0,0,1,1,0,0,1,0,0,0,1,0,1,0,0,1,0,0,0,0,0,0,0,0,1,0,1,0,0,0,0,0,1,2,0,0,0,0,1,0,0,1,1,0,0,1,0,1,0,0,0,0,1,0,1,0,0,0,0,0,0,0,1,0,0,0,0,1,0,1,0,0,1,1,0,0,0,0,0,0,1,0,0,1,0,0,0,1,0,1,0,0,0,0,0,0,0,1,0,0,0,0,0,0,0,1,0,0,0,0,0,0,0,1,1,0,0,0,0,0,0,0,0,0,0,0,0,1,0,0,0,0,0,0,0,0,1,0,1,1,1,0,1,0,0,1,0,0,0,0,1,0,0,1,0,1,0,0,0,0
chr1:2712503,rs272,C/A,0,0,0,0,0,1,0,0,0,0,0,0,0,0,0,1,1,0,0,1,1,1,0,0,0,0,0,0,2,0,0,1,0,0,0,1,0,0,1,0,0,0,1,0,0,0,0,1,0,0,1,1,0,0,0,1,0,0,1,0,1,0,0,1,0,0,0,0,1,0,1,0,0,0,1,0,0,0,0,1,0,0,0,1,1,0,0,0,0,0,0,1,0,0,0,0,0,0,2,2,0,0,1,1,0,1,0,0,0,0,0,0,1,1,0,0,0,0,0,0,1,1,0,0,1,0,0,0,1,0,0,0,0,0,0,0,0,0,0,0,0,1,0,0,0,0,0,0,0,0,1,1,0,1,0,1,0,0,0,0,0,0,1,1,2,1,1,0,0,0,0,1,0,0,0,0,0,0,1,1,0,2,1,0,1,0,1,0,1,0,1,0,0,1,0,1,0,1,1,0
chr2:7638155,rs273,C/G,0,1,0,1,1,1,1,2,1,1,0,1,0,1,0,2,0,0,1,0,0,1,1,0,0,1,1,0,0,1,2,1,0,1,1,0,1,2,0,2,1,1,2,0,1,1,1,0,1,0,1,1,1,1,0,0,2,0,0,2,1,1,0,0,1,1,2,1,0,1,0,0,1,0,0,2,1,0,0,1,2,1,1,1,2,0,2,2,1,0,1,0,0,2,1,1,0,1,1,0,1,0,1,2,0,0,1,1,0,1,0,0,0,0,1,1,0,0,1,1,0,0,1,0,1,1,1,1,1,1,1,1,0,2,2,0,1,1,1,1,0,2,1,1,1,1,0,0,2,1,2,0,1,1,1,1,0,0,0,1,0,2,0,1,2,1,0,0,1,0,2,1,1,1,2,1,1,2,2,0,0,0,0,2,0,0,0,2,1,1,1,1,1,0,1,1,1,1,2,1
chr1:2092501,rs274,G/A,1,0,0,1,1,0,1,1,1,1,0,2,1,1,1,0,0,0,0,1,1,0,1,0,1,0,1,0,0,1,1,0,0,0,1,1,1,0,1,0,1,2,1,1,0,0,0,1,1,0,0,1,0,0,0,0,0,1,0,1,1,2,0,0,0,1,0,1,1,1,0,0,1,0,0,0,1,1,0,1,1,1,0,2,0,0,1,0,1,0,1,1,1,1,0,0,1,1,1,2,1,1,2,0,1,1,0,2,0,0,0,1,0,1,1,1,1,0,0,1,1,1,0,0,2,1,0,1,1,0,1,1,2,1,1,1,0,0,1,1,2,1,0,0,1,0,2,0,2,0,0,1,1,0,1,0,1,0,1,0,0,0,0,1,1,0,2,2,2,1,0,0,0,1,1,1,1,0,1,0,1,0,0,1,0,1,1,0,0,0,0,0,1,0,1,0,2,1,0,1
chr4:3155748,rs275,T/C,0,0,1,0,0,1,2,0,0,2,0,0,1,1,0,1,1,0,0,0,1,1,0,1,1,0,0,1,0,1,0,0,1,1,2,0,0,0,1,0,1,0,0,0,2,0,0,0,1,1,2,0,0,0,1,0,1,0,1,0,0,0,0,1,1,0,0,0,0,0,0,1,0,0,0,1,0,0,0,1,0,1,0,1,1,1,1,0,0,1,0,0,1,0,0,1,1,1,0,0,1,1,0,1,0,0,0,1,0,0,1,0,0,0,0,0,1,0,1,2,1,1,1,2,0,0,1,1,0,1,0,0,0,0,0,1,0,0,1,0,2,1,1,0,2,0,0,1,1,0,1,0,0,1,2,2,2,0,0,0,1,0,1,1,1,0,1,0,0,0,0,0,0,1,0,1,1,0,0,1,0,0,0,0,1,1,1,0,0,0,1,1,1,1,1,0,1,0,0,1
chr3:1873172,rs276,A/T,0,2,0,0,2,1,1,0,2,2,1,1,2,1,1,1,1,2,0,1,1,1,0,1,2,1,1,1,1,1,1,0,1,1,1,0,0,1,1,0,0,0,1,1,0,1,0,0,2,1,1,0,0,1,1,1,1,0,1,2,1,0,1,1,0,1,2,1,0,1,0,0,0,0,2,1,1,2,1,1,0,1,1,0,0,0,1,0,1,0,1,1,1,0,0,0,1,0,1,0,2,1,0,0,1,2,0,1,1,1,2,2,0,1,0,0,1,1,1,2,2,1,1,0,1,1,1,2,0,2,1,0,1,1,1,0,1,0,2,2,1,0,1,1,2,0,1,1,0,0,1,1,2,2,1,1,0,2,1,1,2,0,1,1,0,0,1,1,1,2,0,1,0,0,1,1,1,1,0,1,1,0,2,1,0,1,1,1,1,1,1,1,1,1,0,0,2,2,1,1
chr3:5873594,rs277,T/C,0,1,0,1,0,0,1,1,1,0,1,0,0,1,0,0,0,0,1,1,0,0,1,0,0,0,0,0,0,0,0,0,1,0,0,0,0,1,0,0,0,0,0,0,0,0,1,0,0,1,0,0,0,0,0,1,0,0,0,0,2,0,0,0,0,1,0,0,1,1,1,1,0,1,1,0,0,0,0,0,0,1,0,1,1,0,0,0,1,1,1,1,0,0,0,0,0,1,0,0,1,0,0,2,0,0,1,0,1,0,0,0,1,1,1,0,0,0,0,1,0,0,0,0,0,0,0,1,0,1,0,0,0,2,1,0,0,0,1,2,0,0,0,1,0,0,0,0,1,0,0,1,0,0,2,0,0,0,2,0,1,0,0,1,0,0,0,0,0,0,0,0,0,1,0,0,0,0,0,0,0,0,1,0,1,0,0,0,0,0,1,0,0,0,0,0,0,0,1,0
chr2:8817304,rs278,T/G,0,1,0,1,1,0,1,0,2,1,1,2,0,1,0,0,0,1,1,0,0,0,0,1,1,1,1,1,1,0,0,1,2,1,0,0,1,1,0,1,1,1,1,1,0,1,2,2,0,1,2,1,0,2,0,0,1,0,0,1,1,2,1,2,1,0,1,1,1,0,1,1,0,2,1,1,0,1,2,0,1,1,1,1,1,1,1,0,2,0,1,0,2,2,1,0,1,0,1,2,1,2,0,2,0,0,2,1,1,1,1,0,1,0,0,1,2,1,1,2,2,1,0,0,1,0,1,1,1,2,1,0,1,2,0,0,1,0,1,1,1,1,0,1,1,1,1,1,1,1,0,0,0,1,1,1,2,1,1,2,1,1,1,0,2,2,1,1,1,2,2,0,1,1,0,1,0,2,0,2,2,0,1,1,2,1,1,2,0,1,2,0,2,1,1,1,0,0,1,2
chr4:9351245,rs279,G/C,0,0,0,2,0,0,1,1,0,2,1,0,1,0,0,1,2,0,0,1,2,1,1,0,1,1,0,0,1,0,0,0,0,1,0,2,1,0,0,1,0,2,0,0,0,1,1,0,1,0,1,0,1,1,0,1,1,1,1,1,1,2,2,1,2,2,0,2,0,0,2,0,1,2,0,0,1,1,1,1,0,0,1,1,0,0,0,1,2,0,0,0,2,2,1,0,0,0,2,0,1,0,1,1,1,1,1,0,0,1,0,1,2,1,1,0,1,2,1,0,1,1,1,0,0,1,1,1,0,1,0,0,1,0,1,1,1,2,0,0,0,1,1,0,0,1,1,1,2,1,0,1,1,1,0,0,1,2,1,1,1,1,1,1,1,1,0,0,0,1,0,0,0,2,0,0,0,0,2,2,1,1,1,0,0,1,1,1,0,2,1,1,0,0,0,2,0,1,0,0
chr1:3562469,rs280,A/G,0,0,0,0,0,1,0,0,1,0,1,0,2,0,0,1,0,1,0,0,1,0,0,0,1,0,0,0,2,1,0,0,1,0,0,0,0,0,1,1,0,1,0,0,1,1,1,1,0,0,1,0,1,0,1,1,1,1,0,0,1,0,0,0,1,0,1,0,0,0,1,2,0,0,0,1,2,0,1,0,0,0,1,1,0,2,0,0,1,2,0,1,1,0,0,0,1,1,0,0,0,1,1,0,0,0,1,1,1,0,0,1,1,1,0,0,0,0,0,0,1,1,0,2,1,0,2,0,0,1,0,1,1,0,0,0,0,0,0,1,1,0,2,1,0,1,1,1,0,0,0,0,0,0,0,1,1,0,2,2,0,1,1,0,0,0,0,2,1,0,1,0,0,0,0,0,1,0,1,0,1,1,0,1,0,0,0,1,0,0,1,2,0,1,2,0,0,0,1,0
chr3:8490200,rs281,A/T,1,1,0,1,2,1,1,1,1,1,1,1,0,0,0,0,1,0,1,2,0,0,1,0,1,0,1,0,0,0,1,0,0,0,1,2,0,1,0,1,0,1,0,1,0,1,0,0,0,1,0,0,1,1,0,0,1,1,1,1,1,1,0,1,2,0,1,1,1,1,0,0,0,1,0,2,0,0,0,1,0,0,0,2,2,0,1,1,1,0,0,1,0,0,0,1,1,0,1,0,1,0,0,1,1,0,0,1,0,1,0,0,1,1,0,0,1,0,1,0,0,0,0,0,1,0,1,1,1,1,0,0,1,1,0,2,0,1,0,1,0,0,2,2,0,0,0,0,1,0,0,0,1,0,0,1,2,1,0,1,2,1,0,0,1,1,0,0,1,0,0,1,0,1,1,1,0,0,1,2,1,1,0,0,1,0,1,0,0,0,0,1,0,1,1,0,0,1,0,1
chr3:5633078,rs282,T/C,1,0,0,2,0,0,0,2,0,1,0,0,1,0,1,0,1,0,1,1,0,0,0,1,1,1,0,2,0,1,0,0,0,0,0,0,0,0,0,0,2,0,0,0,1,0,0,1,0,0,0,0,0,0,1,0,0,0,0,0,1,0,1,1,0,1,1,0,0,0,0,1,0,1,0,1,0,0,0,2,0,0,0,0,0,0,0,1,0,1,1,0,1,1,0,0,1,2,0,1,1,0,1,1,0,0,1,0,0,2,0,1,0,0,0,0,0,1,1,1,1,0,2,0,0,1,0,0,1,0,1,1,2,0,0,1,0,1,0,1,1,1,0,1,0,0,0,1,2,1,0,1,0,1,1,0,0,0,0,1,0,0,0,1,0,0,0,0,0,2,0,0,0,1,0,1,1,1,0,0,1,1,1,1,1,2,1,0,0,0,0,0,0,2,0,1,0,1,0,0
chr1:1953959,rs283,G/C,2,1,1,1,0,0,1,1,1,2,0,0,2,1,1,0,2,0,0,0,1,2,0,0,1,2,0,1,1,2,1,0,1,0,1,0,0,1,2,1,0,0,0,0,1,1,2,2,1,2,1,1,2,2,2,0,0,2,1,1,1,1,0,1,2,1,1,1,0,0,1,0,1,2,1,2,1,1,0,0,2,0,0,2,2,2,0,0,1,1,0,0,1,1,0,2,0,2,2,1,1,0,2,0,1,1,0,2,2,0,1,1,2,0,2,0,0,1,0,2,0,2,2,2,1,1,1,2,0,1,2,1,1,1,2,0,2,0,2,0,0,2,1,1,1,1,0,0,1,0,1,2,1,1,1,0,2,1,1,0,1,1,0,1,1,0,1,0,0,1,1,0,1,1,1,2,2,1,1,0,2,2,1,0,1,0,0,1,2,0,0,0,2,1,1,1,1,0,0,1
chr3:8905477,rs284,T/G,0,1,0,0,0,1,0,0,1,1,0,0,2,0,1,2,0,0,0,0,0,1,1,1,0,1,0,0,0,1,1,1,0,0,0,0,0,0,0,0,0,1,1,2,0,0,0,0,1,0,1,1,1,1,1,1,1,1,0,0,0,0,1,0,0,0,1,0,0,1,1,1,1,1,0,0,2,0,0,1,1,0,0,0,1,0,0,1,2,1,1,0,2,1,1,0,0,0,1,0,1,0,0,1,1,0,1,1,0,1,0,1,0,0,0,0,0,0,1,0,0,0,0,0,0,2,0,0,0,0,0,1,1,0,0,0,0,0,1,1,1,0,1,0,1,0,0,0,0,1,0,1,1,1,2,0,0,0,0,1,1,1,0,1,0,0,2,0,1,1,1,0,2,0,0,0,0,2,1,0,0,1,0,0,1,1,0,0,1,0,1,1,1,0,0,0,1,0,0,2
chr3:1345266,rs285,G/T,1,1,0,0,1,1,0,0,1,2,1,1,1,0,0,0,2,1,0,0,0,1,0,1,0,1,0,0,0,0,0,1,1,0,1,1,0,1,1,1,0,1,1,0,1,0,0,0,0,0,0,0,0,1,0,1,0,0,2,1,0,1,0,1,0,1,0,1,1,0,0,1,0,1,1,0,1,0,1,0,1,0,1,0,0,0,0,0,0,2,0,1,0,0,0,1,0,1,2,0,0,0,0,0,2,1,2,0,0,0,0,1,1,0,0,0,1,1,0,0,1,1,0,0,1,0,0,1,0,0,0,0,0,0,0,0,2,1,0,0,0,0,0,0,0,1,1,2,0,2,0,0,2,0,0,0,0,2,0,2,0,0,0,0,0,1,0,1,1,0,1,1,1,0,0,1,0,0,0,0,0,0,0,0,0,0,1,0,0,0,1,0,0,1,0,0,0,0,1,0
chr4:5537358,rs286,C/A,1,1,1,1,0,1,2,1,1,0,2,2,1,0,2,0,1,1,1,1,1,2,1,1,0,1,0,2,2,0,1,0,0,1,0,0,1,0,1,0,1,1,1,0,0,2,1,0,2,0,1,0,0,0,0,1,1,2,1,1,1,1,0,0,1,1,2,1,1,1,1,0,1,2,2,1,1,0,0,2,1,1,1,1,1,1,1,2,1,1,1,1,0,0,0,1,2,0,0,2,0,2,1,2,1,0,0,2,0,1,1,2,0,1,0,1,1,0,2,1,1,1,1,0,1,0,1,0,1,2,1,0,0,2,0,2,0,1,1,0,1,1,1,1,1,1,0,1,0,0,1,1,1,1,0,1,1,0,1,0,1,2,1,0,0,0,1,0,0,1,0,1,1,0,1,0,2,0,0,1,0,1,0,0,0,0,0,1,2,0,0,1,0,0,1,1,0,1,1,1
chr1:7867100,rs287,T/A,1,0,0,0,1,1,1,2,1,1,1,0,2,1,0,0,1,0,0,0,1,0,1,1,1,1,1,0,0,1,0,1,0,0,1,1,1,0,0,0,0,1,0,0,1,0,1,1,0,1,2,1,0,0,0,1,0,1,1,1,0,0,1,0,1,0,2,1,0,1,1,0,0,1,1,0,0,0,0,0,0,1,1,1,0,1,1,1,1,0,1,0,2,1,1,1,0,1,1,0,1,1,0,0,1,0,0,0,1,2,0,2,0,1,0,1,1,0,0,1,0,0,2,1,0,2,0,1,0,0,1,1,1,0,0,1,1,1,0,1,1,0,1,1,0,1,1,2,0,1,0,1,0,0,0,1,1,1,1,1,0,1,0,0,0,1,1,1,0,1,1,0,0,0,1,0,0,0,1,0,1,0,0,1,2,2,0,0,1,0,1,0,1,2,0,1,0,0,1,2
chr1:6275034,rs288,C/A,1,1,1,1,0,1,1,1,0,1,1,0,1,1,2,0,0,0,2,1,1,0,1,1,2,1,2,0,1,2,1,2,2,1,0,1,1,1,1,2,2,1,1,1,1,2,1,2,1,1,1,1,1,1,0,1,0,1,2,2,1,0,1,1,1,0,0,1,0,0,2,1,0,1,1,0,1,1,1,0,1,2,1,2,1,1,0,1,2,0,1,0,2,1,2,0,2,0,0,0,0,0,1,1,2,1,0,0,1,1,1,1,0,1,1,1,0,0,2,1,1,1,1,1,0,1,1,1,0,1,1,0,1,1,2,1,0,2,0,1,0,1,2,1,1,2,0,1,2,1,1,1,1,0,0,1,1,1,1,0,0,1,1,1,1,1,0,2,0,2,2,1,1,1,2,1,0,0,0,0,0,1,1,1,0,0,1,1,1,1,1,1,1,0,2,1,0,1,1,0
chr2:7097091,rs289,T/C,1,1,1,0,1,1,1,0,1,1,2,0,0,1,0,1,2,0,1,1,0,0,2,0,1,0,1,0,0,0,0,2,1,1,2,0,2,1,1,1,0,0,0,2,0,2,0,1,1,2,0,0,2,2,0,1,0,1,1,1,1,0,1,1,2,1,0,0,1,1,1,0,0,2,1,1,1,2,0,1,0,2,1,1,1,0,0,1,1,0,1,0,1,2,0,0,1,1,1,0,1,1,0,1,1,0,1,0,1,0,0,2,1,1,1,1,1,1,2,0,2,1,1,0,0,1,1,1,1,2,2,1,0,1,2,1,0,1,1,2,1,2,0,2,1,1,2,1,1,2,1,1,2,1,2,1,1,0,0,1,1,1,2,1,0,1,1,2,1,1,1,2,1,1,1,0,2,1,1,0,0,1,1,1,2,2,1,0,1,1,0,0,0,0,2,1,0,0,0,1
chr2:8705092,rs290,C/T,0,2,1,1,0,0,1,1,0,2,1,0,2,1,0,0,0,0,0,1,0,0,1,0,1,0,1,0,1,2,1,1,0,1,2,0,1,1,0,2,1,0,0,0,0,1,0,0,0,1,0,0,0,0,2,1,0,2,0,1,1,1,1,2,1,0,0,0,1,0,0,1,1,0,0,0,0,1,0,1,0,0,2,1,0,2,0,2,0,1,0,2,1,0,1,1,1,1,1,0,2,1,0,0,1,1,1,0,0,1,0,0,1,0,0,0,1,1,1,1,0,2,1,2,2,1,2,0,0,0,1,1,2,1,1,2,1,0,1,1,1,1,0,0,0,0,1,1,0,1,1,0,0,0,1,2,2,1,1,1,0,0,0,0,0,1,0,0,1,1,0,1,1,1,2,0,1,0,0,0,1,1,2,1,2,0,0,0,1,0,2,0,2,1,1,2,2,2,1,2
chr1:6813365,rs291,T/A,1,1,1,1,1,1,1,0,1,1,2,1,1,0,2,0,2,1,0,2,0,0,0,2,1,2,0,0,1,1,1,1,1,0,1,0,2,2,1,0,0,1,1,2,2,0,2,0,1,1,1,1,2,1,1,0,2,2,1,2,0,1,0,1,1,1,1,0,2,0,1,2,2,1,1,1,1,1,1,1,1,1,1,0,1,2,0,1,1,0,1,0,1,0,0,0,0,1,1,0,1,0,1,0,1,0,1,1,0,1,1,1,0,1,0,1,0,1,0,2,2,2,2,2,2,0,1,0,1,1,2,2,0,1,1,1,1,2,2,0,0,1,1,1,2,0,1,2,1,1,0,0,0,1,1,2,0,0,0,1,2,2,1,0,0,2,1,0,1,0,1,2,0,1,0,2,0,1,0,2,0,1,0,1,0,0,1,1,1,0,1,1,1,0,2,0,0,0,2,1
chr3:2805468,rs292,G/A,0,1,0,2,1,1,1,1,1,1,1,1,1,2,0,0,1,1,0,0,1,1,1,2,1,1,0,0,0,2,1,0,1,0,1,0,0,0,0,1,1,0,1,0,1,0,0,0,1,2,0,0,0,1,0,0,2,0,1,0,0,1,1,1,0,1,0,2,1,2,1,1,0,1,0,1,1,1,1,1,0,1,1,0,1,2,2,0,2,2,0,1,2,1,1,1,0,0,2,0,1,0,1,1,1,2,1,1,1,1,0,0,1,0,0,0,1,0,0,1,0,0,1,1,2,0,1,0,0,1,1,1,1,2,0,0,1,0,1,2,0,1,1,1,0,0,1,1,2,1,1,2,1,0,1,0,2,1,0,0,1,1,1,1,0,0,1,0,2,0,1,0,0,2,1,0,0,0,1,1,0,1,1,1,0,1,2,1,0,1,2,1,1,0,2,1,0,1,0,1
chr1:6525633,rs293,C/G,1,1,1,0,1,0,0,2,0,1,2,1,1,0,0,1,1,0,1,1,0,0,0,1,1,0,2,1,1,0,1,2,2,1,1,0,2,1,1,1,0,0,1,1,1,1,0,0,1,0,1,1,2,0,1,2,0,1,0,2,1,2,0,1,1,1,0,0,0,0,1,0,1,1,0,0,0,1,1,1,2,0,1,1,0,2,2,1,1,1,1,1,0,0,0,1,2,1,1,1,0,1,1,2,1,1,2,0,0,1,1,1,0,2,1,0,0,2,1,1,0,0,1,1,0,2,0,1,1,1,2,0,1,0,1,1,1,1,0,0,0,0,0,2,0,0,1,2,1,0,1,1,2,2,0,1,1,2,0,1,1,1,1,1,2,1,1,1,2,0,0,2,1,0,2,2,2,0,0,1,1,2,2,2,0,1,2,0,0,1,0,2,0,1,2,2,1,1,2,2
chr3:6735193,rs294,C/G,1,1,1,2,1,1,0,1,0,1,1,1,0,0,2,2,0,0,0,1,1,1,1,1,0,1,1,1,2,1,0,0,1,0,0,0,2,0,0,2,1,0,1,0,1,1,0,1,1,1,1,0,0,2,1,1,0,0,1,0,0,1,0,1,1,0,1,0,2,2,1,0,2,2,1,1,0,0,1,1,0,0,1,0,1,1,1,0,1,0,1,0,0,1,1,1,0,1,0,1,0,1,2,2,1,0,0,0,0,0,1,1,2,1,1,0,1,2,1,0,0,1,0,1,1,1,1,1,1,0,1,1,2,1,1,1,0,1,0,0,0,1,1,1,0,0,0,0,0,1,0,0,1,1,1,0,0,0,0,0,0,0,1,0,0,1,1,0,0,1,0,1,1,1,0,1,2,0,0,1,1,1,2,0,1,0,0,0,1,1,0,1,1,0,0,0,1,1,1,0
chr1:9204298,rs295,T/C,1,1,0,1,1,1,1,1,0,2,0,0,1,1,0,1,1,1,2,1,1,1,1,0,1,2,0,2,1,0,2,0,0,2,1,1,1,0,0,2,0,1,1,2,2,0,1,2,2,1,0,1,1,2,1,0,0,2,1,1,1,2,0,1,2,1,0,0,0,2,0,2,0,0,2,2,0,0,1,0,2,1,1,0,0,1,0,1,2,0,1,2,1,2,0,1,0,2,1,1,2,2,2,1,1,1,1,1,1,1,2,0,1,1,0,0,0,2,2,0,1,1,1,1,2,2,0,1,0,1,2,1,1,2,1,0,1,1,0,0,2,0,1,1,2,2,2,0,1,1,2,0,0,0,1,1,1,0,1,1,1,1,1,0,2,0,2,1,1,0,2,1,1,2,0,2,1,1,2,1,1,1,1,0,0,0,0,1,0,1,1,2,1,1,1,0,0,1,0,1
chr4:6843493,rs296,T/G,1,0,1,0,1,0,1,1,0,0,1,0,1,0,0,1,0,1,0,0,0,1,1,1,0,1,1,0,0,1,1,1,0,0,0,2,1,1,1,1,0,1,1,0,0,0,0,1,0,1,1,1,1,1,0,0,1,0,1,0,1,1,1,1,0,1,0,2,1,0,2,0,0,1,2,2,1,0,0,0,0,1,1,1,0,0,0,1,0,0,0,1,0,0,1,1,0,0,0,0,0,0,0,1,0,0,0,2,1,1,1,0,2,0,0,0,1,0,1,0,0,0,1,0,1,1,1,1,2,0,0,0,1,0,1,0,0,1,1,1,0,2,1,1,0,1,0,2,0,1,1,0,1,1,1,0,1,1,0,1,1,1,0,1,0,1,1,0,0,0,0,0,1,1,1,0,0,0,1,1,1,0,0,1,0,0,0,1,2,0,0,1,1,1,1,1,0,1,1,1
chr3:9464685,rs297,C/T,0,1,1,1,1,0,1,0,0,1,0,1,2,0,0,1,0,1,0,2,0,2,1,1,1,0,0,0,1,1,1,1,1,1,1,2,0,0,2,1,0,2,1,0,1,1,0,1,2,1,1,0,1,0,0,1,1,1,2,1,0,2,0,1,0,2,0,1,1,0,1,0,1,2,1,0,0,0,1,1,1,1,2,1,1,0,0,1,1,0,0,0,0,1,0,0,1,1,1,1,1,1,1,1,2,0,1,1,1,0,0,0,1,1,0,1,0,0,1,1,1,1,2,1,0,1,1,2,0,1,0,1,0,2,0,1,1,0,1,1,1,0,0,0,1,0,1,0,1,0,0,0,1,2,0,1,0,0,0,2,1,0,0,1,0,0,1,0,1,0,0,2,2,1,1,1,0,1,1,1,1,1,0,0,1,0,1,1,0,0,2,0,2,0,1,2,2,2,2,1
chr1:9514493,rs298,T/A,1,2,1,1,1,1,2,0,0,2,1,1,1,1,0,0,1,1,0,1,1,1,2,1,0,0,0,2,0,0,1,0,1,0,0,2,0,1,1,0,0,1,1,0,1,1,0,0,0,1,2,1,0,1,1,1,1,1,1,1,0,1,1,0,0,1,0,0,0,0,2,1,0,0,0,0,0,1,1,1,1,1,1,2,1,1,1,0,2,0,1,0,1,2,0,1,0,0,0,0,1,1,0,0,0,0,0,0,1,1,0,1,1,1,1,0,2,0,1,0,0,0,2,0,1,2,1,0,2,1,2,0,1,0,1,2,0,0,0,1,0,1,0,2,0,1,0,0,1,1,2,0,1,0,1,0,0,1,1,0,0,1,1,1,0,1,0,2,0,1,1,1,0,1,1,1,1,0,0,2,2,0,1,0,1,0,2,1,0,1,1,1,0,0,2,1,0,0,1,0
chr1:5424507,rs299,C/A,0,0,0,0,0,0,1,1,0,1,0,0,0,0,0,0,1,0,0,0,0,0,0,0,1,0,0,1,0,0,0,0,0,0,0,0,1,1,0,0,0,1,0,0,0,0,1,0,0,0,0,0,0,0,1,0,1,0,0,2,0,0,0,1,0,0,0,0,0,0,0,0,0,0,0,0,0,0,0,2,0,1,1,1,0,0,0,1,0,0,0,1,0,0,0,0,0,1,1,1,0,0,1,1,1,0,0,1,0,0,1,1,0,0,1,0,1,1,1,0,0,0,0,0,0,0,0,0,0,0,1,0,0,0,0,0,0,1,0,1,1,0,0,0,1,0,0,1,0,0,0,0,0,0,0,0,2,0,0,0,1,0,0,1,1,0,0,1,0,0,1,0,0,0,1,0,1,0,0,0,0,0,0,0,0,0,0,0,0,0,0,0,0,0,0,1,1,0,0,1
chr4:1890695,rs300,C/T,1,2,1,1,1,1,1,0,2,2,0,1,0,1,2,0,1,2,1,1,2,2,1,0,1,1,0,0,1,0,1,0,1,0,2,1,0,2,1,1,2,1,2,1,1,0,2,0,1,2,0,0,1,2,1,0,1,1,2,1,1,1,1,1,0,0,1,1,1,0,2,0,2,2,1,0,0,2,2,2,2,0,1,2,1,1,1,0,0,0,1,1,1,2,2,0,0,1,1,1,1,0,1,2,1,1,0,0,1,1,1,0,1,0,1,2,1,0,2,1,2,1,1,1,0,1,1,1,1,1,0,0,0,2,0,0,0,1,1,0,1,1,2,0,1,0,1,1,1,0,2,0,2,2,1,1,0,2,2,1,1,1,2,0,1,2,2,1,1,2,1,2,1,1,1,2,2,0,2,1,0,2,1,2,0,1,1,0,0,1,1,0,0,1,2,2,1,1,2,2
chr1:9888923,rs301,C/T,0,1,1,1,0,0,1,0,0,0,1,0,0,0,1,1,1,0,0,0,0,0,1,0,0,0,0,0,0,0,0,0,1,1,1,1,0,1,0,1,0,1,0,0,1,0,0,1,0,0,0,0,0,1,0,0,0,0,0,0,0,1,0,0,1,1,0,0,0,0,0,0,1,1,0,0,0,0,0,0,1,1,0,0,0,0,1,0,0,0,0,0,1,1,1,0,0,0,0,0,0,0,0,1,0,1,1,0,0,1,0,1,0,0,0,2,0,1,0,0,0,0,0,1,1,0,1,0,2,0,0,0,1,0,0,1,0,0,0,0,0,0,2,0,0,0,0,0,1,0,1,0,0,0,0,0,1,1,1,1,0,0,0,0,0,0,1,0,0,0,1,2,0,1,0,0,1,0,1,1,1,0,1,1,1,0,0,0,0,0,0,0,0,0,1,1,1,1,0,0
chr1:9887324,rs302,T/A,1,1,0,2,1,0,0,2,0,0,0,0,1,0,1,1,1,1,0,0,0,1,2,0,1,0,0,0,1,0,0,0,0,1,0,0,1,0,1,1,0,0,1,0,0,1,0,0,1,1,1,0,1,0,0,0,0,1,0,1,0,0,1,1,1,1,0,2,0,1,2,0,0,1,1,0,1,0,1,0,1,0,0,0,0,1,1,0,0,1,1,0,1,0,0,0,1,1,1,0,0,0,1,0,1,1,1,0,0,0,1,0,0,2,0,0,0,1,0,1,1,2,0,1,0,0,0,1,0,0,0,0,0,0,0,0,0,1,1,1,1,1,0,1,0,1,1,1,1,0,0,0,1,1,0,2,2,0,1,0,1,1,1,0,1,1,1,0,1,1,2,0,0,1,0,1,0,1,1,1,1,1,1,0,1,0,0,1,1,0,1,1,1,0,1,0,0,0,0,1
chr2:3276106,rs303,C/A,0,0,0,1,0,0,1,1,0,0,1,2,0,2,0,1,0,2,0,1,0,0,1,2,2,1,1,2,0,0,0,1,2,1,1,1,2,1,2,0,1,0,0,0,2,1,1,0,2,1,0,0,2,2,1,1,2,1,2,1,2,1,1,0,1,1,1,1,0,2,1,0,0,1,1,0,0,2,2,0,0,0,1,0,0,0,2,1,1,1,1,1,0,1,1,1,0,0,2,1,1,1,0,0,1,1,1,0,0,0,0,0,0,0,0,0,1,1,0,1,1,0,2,0,0,0,0,1,0,1,1,1,1,1,0,0,0,0,0,1,1,0,0,0,0,0,0,0,0,0,0,0,0,0,1,1,0,0,0,0,0,1,0,2,2,1,1,0,1,0,2,1,0,1,0,0,2,0,1,0,0,1,2,0,0,1,1,1,1,1,0,0,0,1,2,1,1,1,0,0
chr2:7575716,rs304,A/C,2,1,1,0,0,0,1,0,0,0,1,1,0,1,1,1,1,0,1,0,0,1,0,1,0,0,2,0,0,0,1,0,0,0,1,0,0,1,1,0,1,0,0,0,0,0,0,0,1,1,0,0,0,1,1,1,0,0,0,0,1,1,1,1,0,1,1,0,1,0,0,0,0,0,0,1,1,0,0,1,0,0,1,0,1,0,0,1,2,1,0,0,0,1,0,1,0,0,0,1,0,0,1,0,0,0,2,1,0,0,1,1,0,0,1,2,1,0,1,0,0,0,1,0,1,1,0,0,0,1,0,0,0,0,0,0,1,1,0,0,0,1,0,0,0,1,0,1,0,1,1,1,0,0,2,2,0,0,0,0,0,0,0,0,2,0,0,1,1,0,0,0,1,1,0,0,0,0,0,1,1,0,0,0,0,1,0,0,0,1,1,1,0,1,1,0,1,1,0,0
chr2:7671318,rs305,A/T,0,2,0,0,2,0,1,0,1,0,0,2,0,1,0,0,1,0,0,1,1,1,0,1,0,1,1,1,0,0,1,2,0,1,0,0,2,2,0,0,0,1,0,0,0,0,2,1,0,1,2,1,1,2,0,1,1,2,1,2,1,1,0,2,1,0,0,1,0,1,0,1,0,0,1,1,0,0,0,1,1,1,2,1,2,1,0,1,0,0,1,0,0,0,1,0,0,1,0,2,0,1,0,0,1,2,1,1,0,1,1,1,1,0,1,0,1,0,1,0,0,0,0,0,0,0,0,2,0,1,1,1,0,0,1,1,1,1,0,1,1,0,1,1,1,1,1,1,1,0,1,0,1,0,0,1,0,0,2,0,1,1,0,1,1,0,0,0,2,0,0,0,2,1,1,2,2,1,1,1,0,0,0,1,0,1,1,0,0,0,0,1,1,1,0,1,1,1,0,1
chr3:4578226,rs306,G/C,0,0,0,0,1,1,0,0,0,0,0,0,0,0,0,0,0,0,0,0,0,1,0,0,0,0,0,0,1,0,0,1,0,0,0,0,0,0,0,0,2,1,0,0,0,0,0,0,0,0,0,0,0,0,0,0,0,0,0,0,1,1,0,1,1,0,1,2,1,0,0,0,2,0,1,0,0,1,1,0,1,1,1,0,1,1,1,0,0,1,0,1,1,1,0,0,0,0,0,0,0,1,0,0,0,0,0,0,0,0,1,0,1,0,1,0,0,1,0,0,0,0,0,1,0,0,0,0,0,0,0,0,0,0,0,1,0,0,1,0,0,1,0,1,0,1,0,1,1,0,0,0,0,0,0,2,1,0,0,0,0,0,2,0,0,0,0,0,1,0,0,0,0,0,0,0,1,1,0,1,0,1,0,0,1,0,0,0,0,0,0,0,0,0,0,1,0,0,1,0
chr1:2715630,rs307,A/T,1,1,0,2,0,0,0,1,1,2,2,2,2,2,2,2,2,1,0,1,0,0,2,1,1,2,1,1,1,1,1,0,0,2,1,1,2,1,1,0,2,1,0,0,2,0,2,1,0,1,1,1,1,1,1,1,1,1,1,0,2,1,1,1,2,0,2,1,1,1,1,0,2,1,1,1,1,2,0,2,0,1,1,1,0,1,2,1,0,0,1,0,0,1,0,0,1,1,0,1,1,0,1,1,0,1,2,2,1,0,1,0,1,2,1,1,0,0,2,1,1,1,1,0,1,1,1,0,1,0,2,1,2,1,0,1,1,1,1,0,2,2,1,2,0,0,1,1,1,1,0,0,0,2,1,2,1,0,1,1,1,1,1,1,0,2,1,1,1,0,2,1,1,2,1,2,1,1,0,1,0,2,1,1,0,2,2,1,2,2,1,0,1,1,1,2,1,2,2,2
chr1:9900019,rs308,A/T,1,1,0,1,1,0,1,0,1,1,1,1,0,1,1,0,0,1,1,1,0,1,1,0,0,0,1,1,0,0,1,0,0,1,1,1,1,1,1,1,1,1,2,0,0,1,1,1,1,0,2,0,2,1,0,1,0,0,0,0,1,1,2,0,1,2,0,0,0,1,1,0,0,1,1,0,1,2,0,0,1,1,2,2,0,1,1,0,0,1,0,1,0,1,0,1,0,1,0,1,0,1,1,1,1,0,1,2,1,2,0,1,1,1,1,1,1,2,0,2,0,0,1,1,0,1,1,0,0,0,1,0,0,2,1,1,1,0,1,2,1,0,0,2,0,1,0,1,0,1,0,0,1,0,0,0,0,2,0,1,0,0,1,0,1,0,1,1,2,1,1,0,1,2,0,1,1,1,1,0,1,0,1,0,2,1,1,0,1,1,1,2,0,1,1,0,1,1,0,1
chr2:7304680,rs309,C/G,0,1,0,0,0,0,0,0,0,1,0,0,0,0,0,0,0,0,0,0,0,0,0,0,0,0,1,0,0,0,0,0,0,0,0,0,1,0,0,1,1,1,0,0,0,0,0,0,1,1,0,0,0,0,0,0,0,1,0,0,0,1,0,1,0,1,0,0,0,2,0,0,1,0,1,0,0,0,0,1,0,0,0,0,0,0,0,1,0,1,1,1,0,1,0,0,2,0,0,0,0,0,1,0,0,0,0,0,0,0,0,0,0,1,0,0,1,0,1,0,0,0,0,0,0,0,0,0,0,1,0,0,1,1,0,0,0,0,2,0,0,1,0,0,1,0,0,0,0,0,1,0,0,0,0,0,0,0,1,0,0,0,0,0,1,0,1,0,0,1,0,0,1,0,0,0,0,1,0,0,1,0,1,0,1,0,0,0,0,0,0,0,1,1,1,0,0,0,0,0
chr4:2017433,rs310,C/T,1,2,1,2,1,2,0,0,1,0,0,0,1,2,0,2,1,0,1,2,2,1,0,1,1,0,0,1,0,1,1,0,1,2,1,1,1,0,1,1,0,0,1,1,2,0,0,1,1,1,1,0,2,0,0,0,1,0,0,0,0,0,1,0,1,1,1,0,1,1,2,1,1,1,1,0,1,2,1,0,2,1,1,1,1,0,1,0,1,0,1,0,0,0,2,1,1,1,2,0,1,1,1,2,1,2,0,0,1,2,1,1,1,1,0,1,1,1,1,0,2,1,1,0,0,1,1,1,1,2,1,1,0,0,1,0,1,2,1,1,0,0,0,1,1,0,1,1,1,0,0,1,1,2,0,1,0,1,0,0,1,1,1,1,1,1,0,1,1,1,0,0,0,0,2,2,1,0,2,1,0,1,1,0,0,1,0,0,0,2,1,1,1,1,1,0,1,0,1,2
chr2:4678086,rs311,T/G,0,0,2,0,1,0,0,1,0,0,0,0,0,0,1,0,0,1,0,0,0,0,0,1,0,0,1,0,0,0,0,1,0,1,2,0,1,0,1,0,0,0,0,0,0,0,0,0,0,0,0,0,0,0,0,1,1,1,0,0,1,0,0,1,0,0,0,0,0,0,1,1,0,0,0,1,0,1,1,0,1,0,1,0,0,0,1,0,0,0,0,1,1,1,0,1,0,0,0,2,0,0,0,0,1,0,0,1,0,0,1,1,0,1,0,0,0,0,0,0,0,1,0,1,0,0,0,0,1,0,1,0,0,0,0,0,0,0,0,1,0,0,0,0,0,1,1,0,2,0,0,2,1,0,0,0,0,1,0,0,0,1,0,2,1,0,0,0,0,1,0,1,0,0,0,0,0,0,0,0,0,1,0,0,0,0,0,1,1,1,0,2,0,1,0,0,0,0,0,0
chr2:3087258,rs312,A/G,1,0,0,1,1,1,2,1,0,1,1,1,1,1,0,0,0,1,0,1,0,0,0,1,1,1,0,1,1,1,1,0,1,1,2,1,0,0,1,1,1,0,0,0,2,0,0,1,1,1,0,0,0,1,0,0,1,1,1,1,0,0,1,1,1,1,2,1,0,0,1,1,0,0,2,1,0,0,1,1,1,1,2,0,1,0,1,0,2,0,1,1,0,2,1,1,0,1,0,0,0,0,1,1,0,1,1,0,0,1,1,0,0,0,1,2,1,0,1,2,2,2,1,1,2,2,0,1,2,2,1,1,1,1,0,0,1,1,1,0,1,1,1,1,1,0,0,0,1,1,1,1,0,0,0,0,0,2,1,1,1,0,2,2,1,0,2,0,1,1,0,2,2,2,0,0,2,0,1,1,0,2,0,1,0,1,0,1,2,1,1,1,1,1,1,2,1,0,1,0
chr3:1996530,rs313,T/A,1,2,0,2,1,1,1,1,0,0,1,0,1,1,1,0,1,2,1,1,1,1,0,0,1,1,1,1,0,1,1,1,2,2,2,0,1,1,2,1,0,1,0,2,1,1,0,1,1,1,2,1,1,2,1,1,1,1,1,0,1,0,0,0,1,0,2,1,1,1,0,2,0,0,1,1,1,2,1,1,2,1,1,1,0,1,1,2,1,0,1,1,1,0,1,0,1,2,0,1,1,1,1,1,1,2,1,0,2,0,1,1,1,1,0,1,1,1,2,1,0,0,1,2,1,1,2,0,1,1,0,1,0,1,1,1,0,1,0,0,1,0,0,1,0,2,1,0,1,2,1,1,1,1,0,0,1,2,0,1,2,0,1,1,0,1,0,0,1,1,2,2,2,0,0,0,1,0,1,1,0,1,0,1,0,2,2,0,2,1,1,1,1,1,0,1,1,1,1,0
chr3:7231219,rs314,T/A,2,0,1,1,1,1,1,1,1,1,1,2,1,0,1,1,1,1,1,2,0,2,1,2,2,1,1,1,1,1,2,0,0,1,2,1,0,1,0,2,2,0,1,2,1,1,0,0,2,1,2,1,0,1,2,0,0,0,1,0,2,0,2,1,1,1,1,1,1,2,0,1,1,0,1,1,1,0,1,2,1,1,2,2,2,0,1,0,1,1,1,1,2,1,2,2,1,1,0,1,1,1,0,2,2,1,1,0,1,0,2,1,0,0,1,1,2,0,2,1,1,1,0,1,1,1,2,1,2,1,0,0,2,1,0,2,2,2,1,0,0,1,1,0,1,1,1,1,0,1,2,0,2,0,1,1,1,1,1,1,2,2,2,1,1,0,0,0,1,1,1,2,1,0,0,0,0,2,2,0,0,1,2,1,1,2,2,2,1,1,0,1,1,1,0,1,1,2,1,1
chr4:2045482,rs315,T/C,0,1,1,1,2,1,0,0,0,0,0,1,1,0,1,0,2,2,1,1,1,0,0,1,1,2,2,0,1,1,2,1,1,1,1,2,0,0,1,0,1,0,1,0,0,1,2,1,0,1,2,1,1,2,0,1,0,2,0,2,1,0,1,2,0,2,1,0,0,2,2,2,1,2,1,0,0,2,1,0,1,1,0,0,0,0,1,0,1,1,1,0,1,1,0,1,1,0,1,0,1,1,1,1,1,1,1,2,0,1,1,2,0,1,0,1,0,2,0,0,1,1,0,0,2,1,0,0,0,1,2,2,1,1,1,1,1,0,0,0,1,1,0,0,1,1,1,1,1,1,2,1,0,1,0,1,1,1,0,0,1,0,1,0,2,1,0,1,1,0,1,1,0,1,0,2,1,1,1,0,1,0,1,0,0,1,1,1,0,1,1,1,1,1,1,0,2,1,1,0
chr4:8487345,rs316,A/T,0,1,0,0,2,0,1,0,1,0,1,0,2,0,0,1,1,1,1,1,1,1,1,1,1,2,1,2,0,0,0,1,1,1,0,0,1,0,1,1,0,2,0,2,1,0,1,1,1,1,1,2,0,0,0,2,1,0,0,1,1,1,1,1,0,1,1,1,1,1,0,2,0,1,0,0,2,0,0,0,1,1,0,1,2,0,1,1,0,1,0,1,0,1,0,2,1,1,2,0,2,1,0,0,1,1,1,2,2,0,0,2,1,1,0,1,1,0,1,0,1,0,0,1,0,0,0,1,0,0,2,0,0,0,2,1,0,1,1,2,1,0,1,0,1,1,1,0,1,1,2,0,1,0,0,0,1,1,1,1,0,1,1,1,1,0,2,2,1,1,1,0,0,2,1,1,2,2,1,0,0,1,2,1,0,1,0,0,2,0,1,1,1,1,0,1,0,1,1,0
chr3:1570451,rs317,A/T,0,0,1,1,0,1,0,1,1,1,1,1,1,1,0,0,0,0,1,2,1,1,0,1,0,1,1,2,1,0,0,1,0,1,0,0,0,1,0,1,0,0,1,0,0,1,1,0,1,2,1,1,1,1,1,0,0,0,0,0,0,0,0,0,0,0,1,1,1,1,0,1,1,0,1,0,1,0,1,0,0,0,2,0,1,0,0,0,0,1,1,0,0,0,1,0,0,1,2,0,1,0,0,1,0,0,1,0,1,0,0,0,0,0,1,0,0,0,1,1,1,2,1,1,1,0,0,1,0,0,0,1,0,0,1,0,1,1,0,1,0,1,0,0,0,1,1,1,1,1,0,1,0,1,1,1,1,0,0,1,0,0,0,0,0,1,0,0,1,0,1,0,0,0,1,0,2,1,1,0,0,0,0,2,0,0,1,0,0,2,0,1,0,1,0,1,0,0,0,0
chr4:3412149,rs318,T/G,1,1,1,2,1,0,1,1,0,0,2,0,1,0,1,0,0,1,1,1,0,0,1,1,1,1,1,1,1,0,1,1,1,1,0,0,0,1,1,1,1,1,1,2,1,1,0,1,1,2,1,0,1,2,1,0,1,0,2,1,1,0,2,0,1,0,0,2,0,0,2,1,1,0,1,1,0,1,1,1,1,1,1,1,1,1,2,1,1,1,0,1,2,0,1,0,1,1,1,0,1,0,1,1,1,0,1,1,1,1,1,2,1,1,2,1,1,1,2,1,1,0,0,1,0,0,2,2,0,1,2,1,0,0,0,1,1,1,1,1,0,1,2,1,0,0,1,1,1,1,1,0,2,0,0,0,2,0,2,0,0,1,2,1,0,2,0,1,1,0,1,1,2,1,1,1,1,1,0,0,1,1,0,1,2,0,1,0,1,1,1,0,1,2,0,0,1,0,1,0
chr1:4732839,rs319,A/G,0,0,0,0,0,0,1,1,0,0,0,1,0,1,0,0,1,0,0,0,0,0,1,0,0,0,0,0,0,0,0,0,0,1,0,0,0,1,0,0,0,0,0,0,0,0,0,0,0,0,0,0,0,1,1,1,0,0,0,0,0,0,0,0,0,0,0,0,0,0,0,0,0,0,1,0,1,0,0,1,1,0,0,0,0,1,0,1,0,0,0,0,0,0,1,1,0,0,0,0,0,0,0,1,0,2,0,0,2,0,0,0,1,1,0,1,1,0,0,2,0,0,0,0,1,0,0,0,0,0,0,0,0,0,1,0,0,1,0,0,0,0,0,0,2,1,0,0,0,0,0,0,1,1,0,0,0,0,0,0,0,0,0,0,0,1,0,0,0,1,0,0,0,2,1,0,0,1,0,1,1,0,1,1,0,0,0,0,0,0,0,0,1,0,0,1,0,2,0,1
chr1:6768927,rs320,A/C,1,0,1,0,2,1,0,1,0,1,1,0,1,0,0,0,2,1,1,1,1,0,0,0,0,1,0,1,0,1,2,0,0,0,0,0,0,2,1,2,1,2,2,2,0,1,1,1,1,1,2,2,2,1,1,1,1,2,2,1,2,1,1,2,1,0,1,1,0,1,2,2,1,1,0,1,1,1,1,0,2,1,1,0,1,0,2,2,0,1,0,2,0,0,0,1,0,1,1,1,1,0,2,0,2,1,1,0,0,1,0,1,1,0,0,2,1,2,0,0,1,2,1,1,0,2,1,0,1,0,1,1,1,0,1,1,1,1,0,1,2,1,0,1,1,0,1,0,2,1,1,0,1,0,0,2,2,2,0,1,2,0,1,1,1,2,1,0,0,1,0,0,1,1,0,2,1,1,1,1,1,2,0,1,1,1,1,1,1,0,1,1,1,1,1,1,1,2,0,0
chr3:5327858,rs321,C/G,1,2,0,1,0,1,1,1,1,1,1,1,1,2,0,1,1,1,1,0,0,2,0,0,0,2,0,1,1,1,0,1,1,1,0,0,0,0,1,0,1,1,1,1,0,1,0,1,1,0,0,0,1,0,1,1,0,1,2,0,0,1,2,2,0,1,1,1,1,0,1,1,1,1,0,1,0,0,1,1,1,2,0,0,1,1,1,1,0,1,1,0,1,0,1,0,0,0,1,1,1,2,1,0,0,0,0,1,0,1,1,1,1,1,1,2,1,1,0,0,0,0,0,1,0,0,0,1,1,2,1,0,0,0,0,1,0,0,1,0,2,1,1,0,0,0,0,0,0,1,0,1,1,2,1,0,1,1,1,1,0,0,1,2,2,0,1,1,1,0,1,1,0,1,0,1,0,0,0,1,1,1,0,0,1,1,0,1,0,1,0,1,1,0,1,0,2,0,1,0
chr2:9652831,rs322,T/A,1,1,1,0,1,0,0,0,0,1,1,0,0,0,0,0,1,1,0,1,1,0,0,0,0,0,1,1,1,1,1,0,0,0,0,1,0,0,1,2,0,0,0,0,1,1,0,0,0,2,0,1,0,0,0,1,0,1,0,0,0,1,1,0,0,1,0,0,0,1,1,0,0,0,0,0,0,1,1,0,1,1,0,0,0,1,0,1,1,1,2,1,0,1,0,2,0,2,0,0,0,0,1,0,1,1,1,1,0,0,0,0,0,2,0,0,1,1,2,1,0,0,1,0,0,1,0,0,1,0,0,1,1,0,0,1,0,1,1,1,1,1,0,1,0,1,1,0,1,0,2,0,0,0,0,1,0,0,0,1,0,0,0,1,1,1,0,1,0,0,0,0,0,1,1,0,0,0,0,1,2,0,0,1,0,1,1,1,1,0,0,2,0,0,0,0,0,0,1,0
chr1:6984684,rs323,A/C,2,2,1,0,0,1,2,0,1,0,0,1,0,1,0,0,1,0,1,1,2,0,1,0,0,0,0,1,0,1,2,0,1,0,1,1,0,1,1,1,1,1,0,0,1,1,0,0,0,0,0,1,1,0,1,1,1,0,1,0,0,0,0,0,1,1,0,0,1,0,1,0,0,1,1,1,1,1,1,1,1,2,0,0,0,1,1,0,0,1,1,0,2,0,2,0,0,1,1,0,0,2,1,0,1,0,1,0,0,1,0,0,2,1,0,0,1,1,1,1,1,1,0,1,0,1,1,0,0,1,0,0,1,2,0,1,0,1,2,0,2,1,1,1,1,1,0,1,0,1,0,1,1,1,1,2,0,0,1,1,0,1,1,0,1,1,0,2,0,1,0,0,0,0,1,1,1,2,0,1,0,0,1,2,0,1,0,1,1,1,2,2,0,1,1,1,0,0,1,0
chr4:7511634,rs324,T/A,0,0,0,1,0,1,0,0,1,0,1,2,0,0,0,0,1,0,0,0,1,1,0,0,1,0,1,2,1,0,0,0,0,1,1,1,0,1,0,0,0,0,0,0,1,0,0,1,1,0,1,1,0,0,1,1,1,0,1,1,1,0,0,0,2,0,0,0,1,1,0,1,1,0,0,2,0,0,0,0,1,0,0,0,0,0,1,0,1,0,1,0,0,1,0,1,1,1,2,0,1,1,0,0,1,0,1,0,1,1,0,0,1,0,0,1,0,0,1,0,0,1,2,1,1,0,1,1,1,1,1,2,1,1,1,0,1,0,1,0,2,0,1,0,1,0,1,1,1,0,0,1,0,1,0,0,1,1,0,0,1,0,0,1,0,0,0,1,2,0,0,1,0,2,0,0,1,0,0,0,0,1,1,0,0,0,1,1,1,0,1,1,2,0,0,0,0,0,1,2
chr2:1703662,rs325,T/C,0,0,1,0,2,0,0,0,0,0,0,0,1,0,0,1,1,0,0,0,0,1,1,1,0,0,0,0,0,0,0,0,0,1,0,1,2,0,1,0,1,1,1,0,1,1,1,0,0,0,0,0,1,0,0,0,0,0,0,0,0,0,0,0,0,0,0,0,0,0,0,0,0,0,0,0,1,0,0,1,0,0,0,1,2,0,0,1,1,1,0,0,1,0,0,0,0,1,0,0,0,0,0,0,1,0,0,0,0,1,0,0,1,0,0,0,0,0,1,0,1,0,1,1,0,0,0,0,0,0,0,0,0,0,0,0,0,0,1,0,0,1,2,0,0,2,0,0,0,0,0,0,0,1,0,1,0,0,0,0,0,0,0,0,1,0,0,1,0,1,1,0,1,1,0,1,0,1,0,0,0,0,1,1,0,2,1,1,0,0,0,0,1,0,0,0,1,0,0,0
chr2:3659440,rs326,T/C,0,1,0,2,0,0,1,0,0,0,0,0,1,0,0,1,1,0,1,0,0,0,0,0,1,0,0,0,0,0,0,0,0,1,0,1,0,0,0,0,2,0,0,0,0,0,0,0,1,0,1,0,0,0,1,0,0,0,0,0,1,0,1,0,0,0,1,0,0,0,0,0,0,0,0,0,0,1,0,0,1,0,0,0,0,1,0,0,0,0,1,0,0,0,0,0,1,1,0,1,1,0,0,0,0,1,0,0,0,0,0,0,0,0,1,1,0,0,0,0,0,1,0,0,0,0,1,0,0,0,1,0,1,0,0,0,0,0,0,0,0,0,0,0,1,0,0,0,0,0,0,2,0,0,0,1,1,1,1,0,0,0,0,0,0,1,1,0,0,1,0,1,0,0,0,1,0,0,0,0,0,0,0,1,0,1,0,0,0,1,0,0,0,1,0,1,1,0,0,0
chr2:7094467,rs327,A/T,0,0,1,0,0,0,1,0,0,0,0,1,0,1,1,1,0,0,0,0,1,0,1,0,0,1,1,0,0,0,0,0,0,0,0,0,0,1,0,0,0,0,0,0,0,1,2,1,1,1,1,1,0,0,0,0,0,0,1,1,1,0,1,1,0,0,0,0,0,0,0,1,0,0,1,0,0,1,0,0,1,0,0,1,1,1,1,0,0,0,1,1,1,0,0,2,0,0,1,1,0,0,0,1,0,0,1,0,1,0,0,0,0,1,0,0,0,0,0,0,0,0,0,1,0,0,0,0,0,1,0,0,1,0,0,0,0,0,0,0,1,1,0,0,0,0,0,1,1,0,0,1,0,2,0,0,0,0,0,1,0,0,0,0,0,0,0,1,1,1,1,1,1,0,0,1,1,0,0,1,1,1,1,0,0,0,1,0,1,0,1,0,0,0,0,1,0,1,0,1
chr3:4448678,rs328,C/T,0,0,0,1,0,0,0,0,1,0,0,0,1,1,0,0,1,0,0,0,0,1,0,0,0,0,1,0,1,0,0,0,0,0,0,1,0,0,0,0,0,1,0,1,0,0,0,1,0,0,0,0,0,0,2,1,0,1,0,0,0,1,0,0,0,1,1,1,0,0,0,0,0,0,2,0,0,0,0,0,2,1,0,0,1,0,1,1,1,0,0,0,0,1,1,0,1,0,0,0,0,0,0,1,0,0,1,0,1,0,0,0,0,1,0,0,0,0,0,0,0,0,0,0,1,1,1,0,0,0,1,1,1,0,0,0,0,0,0,1,1,0,1,1,0,0,1,0,1,0,0,0,0,1,0,0,1,1,1,0,1,0,0,0,0,0,0,0,0,0,0,1,0,0,0,0,0,0,2,1,2,0,1,0,1,1,0,0,0,1,0,0,1,1,1,0,0,1,0,0
chr2:9370262,rs329,C/T,1,1,1,2,0,1,2,1,1,1,1,1,1,1,1,0,1,1,1,2,1,1,0,1,1,1,0,2,1,1,1,1,2,1,1,2,1,1,1,0,2,0,1,0,2,0,0,0,1,1,0,0,0,1,1,1,0,2,1,2,2,2,1,1,0,0,2,1,1,1,2,1,0,1,0,2,2,2,0,0,2,1,0,1,0,1,2,1,0,2,1,1,0,0,0,2,1,1,2,2,1,1,1,1,0,1,1,2,1,1,2,0,1,1,0,1,0,1,1,0,0,1,1,0,1,2,2,1,1,1,0,2,1,0,0,1,1,1,2,0,1,2,0,0,2,0,0,2,1,1,0,2,2,1,1,0,2,1,1,2,2,1,2,0,1,0,1,2,1,1,0,1,0,0,1,1,1,1,1,1,0,1,1,1,2,1,2,2,1,1,0,2,0,0,2,1,1,2,1,1
chr3:8449607,rs330,A/T,1,1,1,0,1,0,1,1,0,0,1,1,0,0,0,0,0,1,1,2,1,1,0,1,0,0,0,0,0,0,0,0,1,0,0,0,0,1,1,0,0,0,0,0,0,0,2,1,1,1,0,0,0,1,1,0,0,1,0,1,0,0,1,0,0,1,0,0,0,0,0,0,0,0,1,0,1,0,0,0,1,0,0,0,1,1,0,0,0,2,1,0,0,0,1,0,1,0,0,0,1,0,1,0,0,2,1,1,0,0,0,1,1,0,0,0,2,0,0,1,0,0,1,1,1,0,0,0,0,0,0,1,0,0,1,1,0,2,0,0,0,1,1,1,0,1,0,1,0,0,2,0,0,0,1,0,0,0,0,1,2,2,0,1,0,0,1,1,0,1,1,1,1,0,1,1,0,0,1,1,2,0,0,1,1,1,0,1,0,1,0,0,1,0,0,0,0,0,0,0
chr3:3602967,rs331,C/G,0,0,0,0,1,1,1,0,0,0,1,0,0,1,1,1,1,0,2,1,1,0,0,0,0,0,0,0,0,0,0,0,0,2,0,0,0,0,0,2,0,0,0,1,0,0,0,2,1,0,0,0,0,0,0,0,0,0,0,2,1,0,0,0,0,0,2,0,2,0,0,0,0,1,0,0,0,0,1,1,1,2,0,0,0,0,1,0,0,1,0,0,0,1,0,2,0,0,0,0,1,0,1,1,0,0,0,1,0,0,0,0,0,1,0,0,0,1,0,0,0,0,0,1,0,1,1,0,0,1,0,0,0,0,0,0,0,0,1,0,1,0,0,0,0,1,0,1,1,0,1,0,0,0,1,0,1,0,1,1,0,0,0,0,1,1,0,0,0,1,1,0,0,0,0,0,0,1,0,1,1,0,0,1,0,2,0,0,1,0,0,0,0,0,0,0,0,1,1,0
chr3:1770044,rs332,G/T,0,2,2,1,1,1,2,0,1,1,2,0,1,1,2,1,2,0,0,1,0,1,2,1,2,1,2,0,2,0,1,1,2,1,1,2,2,0,2,1,2,0,0,1,0,1,1,1,1,1,1,0,2,2,0,2,0,1,1,1,0,2,2,2,0,2,1,1,2,1,1,1,1,2,2,1,0,1,1,0,1,2,1,2,1,1,1,1,1,1,0,0,2,0,1,2,2,0,1,1,1,1,2,0,2,0,1,0,1,0,1,0,2,0,1,1,0,1,1,1,2,0,2,2,0,1,1,1,1,1,1,0,1,2,0,1,1,1,1,0,1,1,1,0,0,1,0,0,2,0,1,1,0,1,1,1,0,0,0,2,0,1,1,1,1,1,2,0,0,2,2,1,2,1,1,2,1,2,1,1,1,1,1,1,1,0,2,1,1,1,1,1,2,2,1,1,1,1,2,2
chr1:4185714,rs333,A/G,1,1,1,0,1,2,0,0,0,0,2,0,1,2,2,1,1,0,0,0,0,1,0,1,2,1,1,1,0,1,0,0,0,0,0,2,1,1,1,1,0,1,2,1,1,2,1,2,0,1,1,0,2,2,0,2,0,0,0,2,1,0,1,0,1,1,0,1,1,1,1,1,1,0,0,1,1,2,1,2,1,1,0,1,1,1,0,0,0,1,0,2,2,2,1,1,2,1,0,1,1,1,0,1,1,0,1,1,0,0,1,1,1,0,1,0,1,1,1,0,0,0,1,0,0,2,0,0,1,0,1,0,0,2,0,1,2,2,1,2,1,1,1,0,1,1,0,1,0,1,0,0,1,0,1,1,0,0,0,1,1,1,0,0,0,2,0,0,1,1,1,1,1,1,1,0,1,0,1,1,1,1,1,2,0,1,1,1,2,1,1,1,1,1,1,0,1,0,2,1
chr4:8667105,rs334,C/T,0,0,1,0,0,0,1,0,1,0,0,0,1,2,0,1,0,0,0,0,0,1,0,1,0,0,0,1,1,1,0,0,1,2,1,1,1,1,1,2,1,1,0,2,0,2,1,0,0,1,0,1,1,0,0,0,0,1,1,0,0,0,1,1,0,1,2,1,0,1,1,0,1,1,1,0,0,1,0,1,0,0,2,0,1,1,2,2,0,2,0,1,1,1,0,0,1,0,1,1,1,0,0,0,1,0,1,0,0,1,0,0,0,0,0,0,0,1,0,0,0,2,0,1,0,1,0,2,1,0,0,0,0,1,0,1,0,0,0,0,0,1,1,0,0,0,2,1,1,0,0,0,1,1,0,0,0,1,1,0,1,0,1,0,0,0,1,0,0,0,0,1,1,2,1,0,0,0,1,0,0,1,0,1,0,0,0,0,0,1,1,1,0,0,0,1,0,0,0,0
chr4:1978039,rs335,T/G,1,1,0,0,0,0,0,1,1,0,0,1,0,1,0,0,0,1,0,2,0,0,0,0,0,0,0,1,1,1,0,0,0,0,0,0,1,1,1,0,2,0,1,0,1,0,1,0,0,0,1,0,0,0,0,0,0,1,1,0,0,0,1,0,0,0,1,2,1,1,0,0,1,0,0,0,0,0,1,0,1,0,0,0,0,0,0,0,0,0,0,1,0,1,0,2,0,1,0,1,1,0,0,0,0,0,0,0,0,0,0,0,0,0,0,0,0,0,1,1,1,0,0,1,2,0,1,1,2,0,0,0,0,0,1,1,0,0,0,2,0,0,0,0,0,0,1,0,0,2,0,0,0,1,0,0,0,1,0,0,0,0,0,0,1,0,0,0,0,1,0,0,0,0,0,0,0,0,1,0,0,0,0,0,0,0,0,0,1,0,0,0,0,2,0,0,0,1,0,1
chr4:1499876,rs336,T/A,1,1,1,1,0,1,1,1,1,0,2,1,2,2,2,0,2,1,0,0,0,0,0,2,2,1,0,0,1,1,2,2,2,0,0,0,0,2,2,1,2,0,1,1,0,1,0,1,1,1,2,2,0,1,1,1,1,0,2,1,0,1,1,2,1,1,2,1,2,1,0,1,1,1,1,1,0,1,2,0,1,0,0,1,1,0,1,1,2,2,0,1,1,2,0,1,2,0,0,1,2,1,1,0,1,1,0,1,1,0,1,1,1,2,0,0,1,0,2,1,1,1,1,0,1,1,1,1,1,0,2,0,0,1,2,0,1,1,1,0,1,0,0,1,1,2,0,1,0,1,1,1,1,1,1,1,2,0,1,1,1,1,0,2,1,1,1,1,2,1,0,2,1,0,1,0,1,2,1,1,2,2,1,1,2,0,1,1,0,0,1,0,1,1,0,1,1,2,1,0
chr2:1768734,rs337,C/T,1,0,1,1,0,1,0,0,0,0,0,0,0,0,0,0,0,0,1,1,1,0,0,0,1,0,0,0,0,0,0,0,0,0,0,0,1,0,0,0,0,1,0,0,0,1,0,1,0,0,0,0,1,0,0,0,0,1,1,0,0,0,0,0,0,1,0,1,0,0,0,0,0,1,0,1,1,1,0,2,1,0,1,0,0,0,0,0,0,0,0,1,0,0,1,0,0,0,1,0,0,0,0,0,0,0,0,0,0,0,1,0,0,0,0,0,0,0,0,0,0,0,0,0,0,0,0,0,1,0,0,0,0,1,0,0,0,0,1,0,0,0,0,0,1,1,0,1,0,1,0,0,0,0,0,0,0,0,0,1,1,0,2,0,0,0,0,0,0,0,0,0,0,0,0,0,0,0,0,0,0,0,0,0,0,0,0,0,0,0,0,0,0,0,0,0,1,0,0,0
chr3:2839433,rs338,C/A,1,2,0,0,0,1,1,1,0,1,2,0,0,1,1,1,1,2,0,0,1,0,0,0,1,1,1,0,2,0,1,1,1,1,2,0,1,0,1,0,1,0,1,0,0,0,1,2,1,1,2,1,1,2,2,0,1,1,1,2,1,1,2,0,1,1,2,2,1,1,1,1,1,1,1,1,0,1,2,2,1,2,1,0,0,1,1,1,1,2,1,2,1,2,2,0,2,1,1,2,0,2,2,2,2,0,1,1,0,2,0,1,0,0,1,1,1,0,1,2,0,1,1,2,0,0,0,2,2,2,1,0,0,2,1,1,1,0,2,1,1,1,2,1,0,0,0,1,1,2,1,1,2,2,1,0,1,1,2,1,1,2,1,0,0,2,1,1,0,0,0,1,1,2,2,1,2,2,1,1,1,0,2,2,0,0,1,1,0,2,0,1,2,1,1,2,2,0,0,1
chr3:3026580,rs339,C/A,2,0,1,1,0,1,1,0,1,2,2,2,2,0,2,0,2,1,0,1,1,1,1,2,1,1,2,0,1,2,1,1,0,0,0,0,1,0,0,2,0,1,0,1,0,0,2,1,1,0,1,1,1,1,0,1,2,0,1,1,0,2,0,1,1,0,1,1,2,1,1,1,1,2,1,1,1,1,1,0,1,2,0,1,1,0,2,1,1,0,0,0,1,2,1,1,2,2,1,0,1,1,1,1,2,1,1,1,1,0,1,0,1,0,1,0,0,2,1,1,1,1,1,2,0,2,2,0,1,1,2,0,1,2,0,0,2,2,1,1,2,2,1,1,1,0,0,2,0,0,1,0,1,1,1,1,1,1,0,2,1,1,1,0,0,2,1,1,1,0,1,1,1,1,1,0,1,2,1,1,0,1,2,1,1,2,0,1,1,1,0,1,0,2,2,1,1,2,1,0
chr3:5339235,rs340,A/C,1,1,2,2,2,0,0,1,1,1,1,2,0,2,1,1,1,1,1,1,1,1,0,2,2,0,2,1,1,0,1,1,1,1,0,1,1,2,0,0,1,0,1,0,1,1,1,0,1,2,0,1,1,1,0,1,0,1,2,1,2,1,0,0,0,1,1,1,1,0,0,1,1,2,0,1,1,0,2,0,2,0,1,1,0,0,0,0,1,1,0,0,0,0,2,0,1,0,0,0,0,0,1,1,1,1,0,0,0,0,2,0,0,1,1,1,0,1,1,1,2,1,1,1,2,1,2,0,2,1,1,0,0,2,0,1,2,0,1,0,0,1,0,1,2,0,2,1,0,0,0,1,1,1,0,1,0,1,0,1,1,2,1,1,2,1,1,1,2,1,2,0,2,0,1,1,1,0,2,0,0,1,1,1,2,0,0,2,1,2,2,1,1,0,0,1,1,1,0,0
chr2:3008960,rs341,C/A,0,0,0,0,0,1,0,0,0,0,0,1,0,0,0,1,0,0,0,2,2,0,1,0,0,0,0,0,1,0,0,1,0,0,0,0,0,0,0,1,0,0,0,1,1,0,0,0,0,2,0,0,0,0,0,0,0,0,0,0,1,1,1,0,1,0,0,0,1,0,0,1,1,1,0,0,0,0,0,0,1,0,0,0,0,0,0,0,1,1,0,0,0,0,0,0,1,0,0,1,0,1,1,1,1,1,0,0,0,0,0,0,0,0,0,0,0,0,0,0,0,0,1,0,0,0,1,0,0,0,0,1,0,0,1,2,0,0,1,0,1,0,0,0,0,1,0,0,0,0,0,0,0,0,0,0,0,1,1,0,0,0,0,0,0,1,0,0,0,1,0,0,1,0,0,2,0,0,0,1,0,1,1,1,0,0,0,0,0,0,0,0,0,0,0,0,0,0,0,1
chr4:7918889,rs342,C/T,0,2,1,0,1,2,1,2,0,2,0,1,0,0,2,0,1,0,1,0,1,1,1,0,0,0,1,1,1,0,1,1,0,0,0,1,1,0,0,0,0,1,0,1,1,2,0,0,0,0,1,1,0,0,1,0,1,0,1,0,1,1,0,0,1,0,2,1,1,1,1,1,0,1,1,1,0,1,0,0,0,0,1,1,0,0,0,1,1,1,2,1,1,2,1,0,0,1,1,1,1,2,1,1,1,1,2,1,1,1,0,1,0,0,0,1,2,0,0,1,1,1,1,0,0,2,1,0,0,1,0,0,0,0,1,2,0,0,0,2,1,1,2,1,1,2,1,0,1,2,2,1,1,2,1,1,0,1,0,1,0,0,1,1,1,1,0,1,2,1,2,1,0,0,0,0,0,2,1,0,1,0,0,0,1,1,0,1,0,0,0,0,1,1,0,0,2,0,1,1
chr3:2937878,rs343,C/A,0,0,0,0,0,1,0,2,1,0,0,1,0,1,0,1,1,0,1,0,0,1,1,0,1,0,0,0,1,0,0,2,0,0,1,0,0,1,1,1,0,1,1,0,0,0,0,1,1,0,0,1,0,0,1,2,0,2,0,0,0,1,1,0,0,1,1,0,0,2,0,0,1,0,0,0,0,1,1,0,1,0,1,0,0,1,0,0,0,0,0,0,1,1,0,0,0,0,0,1,0,0,0,1,1,2,0,0,0,0,1,0,1,0,1,1,1,0,0,1,0,0,1,0,0,1,0,0,0,1,0,0,0,0,0,0,0,1,0,0,0,0,2,2,1,0,1,1,0,0,2,0,1,1,0,0,0,0,0,1,1,2,0,0,0,0,0,0,1,0,1,1,0,1,0,1,1,0,1,0,2,0,0,0,1,0,2,1,0,1,0,0,0,0,0,0,0,0,0,1
chr1:2705215,rs344,T/A,1,0,1,0,0,0,0,1,0,0,2,0,0,0,0,1,1,0,1,0,1,0,0,0,0,0,1,0,0,1,0,0,0,0,0,1,1,0,1,0,0,0,0,1,1,0,0,0,0,0,0,0,0,0,0,1,0,0,0,0,0,0,0,0,1,0,0,1,0,1,0,1,0,0,0,0,0,1,0,0,0,1,1,1,0,0,0,0,0,1,0,0,0,0,0,2,0,1,0,1,1,1,0,0,0,2,0,0,0,0,0,0,0,1,0,0,0,0,1,0,1,0,2,0,0,0,0,0,0,0,0,0,1,0,0,0,0,0,0,0,0,0,0,0,0,0,0,0,0,0,0,0,0,1,0,0,0,0,0,0,0,1,1,0,1,1,0,0,0,0,1,0,0,0,1,1,0,0,0,1,0,0,0,0,0,1,0,0,0,1,0,0,0,0,0,0,0,1,0,0
chr2:8271476,rs345,G/C,0,1,1,0,0,1,1,1,0,1,0,0,1,0,0,0,0,0,0,1,1,1,0,0,1,0,1,0,1,1,0,0,1,0,0,1,1,0,0,0,0,1,0,0,0,0,1,1,1,1,0,0,2,1,1,1,0,1,1,0,0,0,1,0,0,0,0,1,0,1,0,1,1,1,1,0,2,0,2,0,0,1,1,0,1,0,0,1,0,0,2,1,0,0,1,1,1,1,0,0,1,1,0,2,0,0,0,1,0,2,2,0,0,0,0,0,1,0,2,2,1,0,1,0,1,0,0,0,0,1,1,0,0,1,1,1,1,0,0,0,1,0,1,0,1,0,0,0,1,0,0,0,0,0,1,0,0,0,0,1,0,2,1,0,1,1,0,0,0,0,1,1,1,0,1,0,1,1,1,1,0,0,0,1,0,0,1,0,0,1,2,0,1,0,0,0,1,1,0,1
chr4:9121849,rs346,T/A,1,0,1,0,2,0,0,1,1,2,0,0,1,0,1,0,1,0,1,1,1,1,0,1,1,1,1,0,1,1,0,1,0,0,0,1,0,0,0,0,1,0,1,0,0,0,2,0,0,1,0,0,0,0,0,0,1,2,1,0,0,0,0,0,1,1,1,0,0,0,1,1,0,0,0,2,0,0,0,0,2,0,0,0,0,1,0,0,1,0,1,0,0,0,0,0,0,1,0,1,1,0,0,0,0,1,0,0,1,1,0,0,0,0,0,1,0,1,0,0,0,0,1,0,0,0,1,1,1,0,0,0,1,2,0,0,0,0,0,1,0,1,0,1,1,1,0,1,1,0,0,2,1,0,0,0,0,1,0,0,0,1,2,0,1,2,0,0,0,0,0,1,2,0,0,0,0,0,0,0,0,0,0,1,0,0,0,0,0,0,0,0,1,1,0,0,0,0,0,0
chr2:5261946,rs347,T/G,2,1,0,1,1,2,0,1,0,1,0,0,2,1,2,1,1,1,1,1,0,0,0,0,0,1,0,1,0,1,1,1,0,1,1,2,1,1,1,0,1,0,1,1,1,0,1,0,1,0,0,0,0,0,0,0,2,0,1,0,1,1,1,0,1,0,1,1,2,0,0,1,2,0,0,0,0,0,1,0,1,0,1,1,1,1,2,0,1,0,0,0,0,1,2,0,1,1,0,0,1,0,1,0,0,1,2,0,1,1,1,0,2,0,2,1,1,1,1,1,2,1,2,0,1,1,1,1,0,1,0,1,1,1,1,1,0,1,1,0,0,1,1,1,1,1,0,2,0,1,1,1,0,2,1,1,1,1,1,1,1,1,0,0,1,2,2,1,0,1,0,0,0,0,0,1,0,0,0,0,1,0,0,1,0,1,0,0,0,0,0,1,1,1,0,1,2,0,0,1
chr4:2732465,rs348,C/A,1,0,0,0,1,0,0,2,1,1,1,0,1,2,1,0,0,0,1,0,0,0,0,1,1,0,0,1,1,1,0,0,0,1,0,1,0,0,0,0,1,0,0,0,0,0,0,0,0,2,0,1,1,1,0,0,0,1,0,0,1,0,1,0,1,1,0,1,0,2,0,1,0,0,0,0,0,1,1,0,0,0,1,0,1,1,1,1,2,1,1,0,0,0,0,1,2,0,0,0,1,0,0,0,1,0,1,0,1,0,1,1,0,0,0,0,1,2,1,0,1,1,2,0,0,0,0,0,0,0,0,0,1,0,1,0,0,2,1,1,1,0,1,0,1,1,1,1,1,0,0,1,0,0,0,0,1,1,0,1,0,1,1,1,0,0,1,0,0,0,1,1,1,1,1,0,0,0,0,0,1,1,1,0,1,0,1,2,1,0,0,1,0,0,0,1,0,0,0,0
chr2:3859244,rs349,A/G,1,1,1,0,0,0,0,0,0,1,0,0,1,1,0,2,0,0,0,0,0,1,1,0,0,1,0,0,0,0,0,1,0,2,0,1,0,0,0,2,1,0,2,1,2,1,0,1,2,0,1,0,0,0,0,1,0,0,1,2,0,0,0,0,1,2,1,0,1,0,0,1,0,0,0,1,0,0,0,0,1,1,0,1,0,0,0,0,1,0,1,1,0,0,0,0,1,1,1,0,0,1,2,1,0,0,1,0,0,1,0,0,0,2,0,2,0,1,2,1,1,0,0,1,1,1,0,0,1,0,0,0,0,0,1,1,1,1,1,0,1,2,0,2,2,0,2,1,0,0,1,1,0,1,1,0,1,2,1,0,2,1,0,1,0,0,0,0,1,0,1,2,1,1,1,1,1,0,1,0,1,0,1,1,0,1,2,1,1,0,0,0,0,2,0,0,1,1,0,1
chr1:3245909,rs350,C/T,2,1,1,0,0,0,1,0,2,1,0,0,1,2,2,1,0,2,1,2,0,1,2,0,1,0,0,1,2,0,2,1,1,1,1,2,0,1,0,0,1,0,0,0,0,1,1,1,1,0,1,0,1,0,0,1,0,1,1,2,1,0,1,1,0,0,1,1,0,2,0,1,2,2,1,0,2,0,2,1,2,1,2,1,1,1,1,1,2,1,1,0,2,0,0,1,2,1,1,1,0,1,1,1,1,0,1,2,1,1,0,2,0,0,1,1,2,0,1,0,0,1,1,1,1,2,2,1,0,1,1,1,0,1,1,0,1,1,1,2,0,1,2,0,0,1,0,0,2,1,0,2,1,1,1,2,0,1,2,0,1,1,2,2,1,1,2,0,1,0,1,1,1,2,1,1,1,2,2,2,2,2,2,0,0,2,1,2,1,0,2,1,1,1,1,1,1,2,0,0
chr4:2014929,rs351,G/A,1,1,0,0,1,0,0,0,1,0,0,1,0,1,0,1,0,0,0,1,1,1,0,1,2,0,0,1,0,0,0,1,0,0,0,1,0,0,1,0,1,0,0,1,2,0,1,1,0,1,0,1,0,0,1,1,0,0,1,0,0,0,0,1,0,1,0,1,0,0,0,0,0,0,0,1,0,0,1,1,0,0,0,0,1,0,1,1,0,0,2,0,0,0,0,0,0,0,0,0,0,0,0,1,1,1,1,1,1,1,1,0,0,0,1,0,1,0,0,0,1,0,0,1,1,0,0,1,1,0,0,1,1,0,0,0,1,0,0,0,0,0,0,1,1,1,0,1,1,1,0,0,1,0,1,1,1,1,0,0,0,1,0,0,0,0,0,0,0,1,0,0,0,1,0,0,0,0,0,0,1,1,1,0,0,0,0,0,0,0,0,0,0,1,1,0,1,2,1,1
chr2:9577064,rs352,T/C,2,0,1,0,0,0,0,1,1,0,1,1,0,2,0,1,2,0,1,1,1,0,1,0,0,0,1,0,1,0,1,0,1,1,0,1,0,0,0,0,1,0,0,0,2,0,0,1,1,1,1,0,1,1,1,0,0,0,1,1,0,0,1,0,0,0,1,0,1,0,1,0,1,0,2,0,1,0,0,0,0,0,0,0,0,0,0,1,1,0,1,1,0,0,1,0,0,0,0,1,1,0,0,0,0,0,0,0,0,0,1,2,1,1,1,0,0,0,0,0,0,0,1,0,0,1,0,0,0,1,0,1,0,0,0,0,1,0,0,0,1,0,1,0,1,1,0,1,0,2,1,1,1,0,0,0,0,1,0,0,0,0,1,0,1,0,2,0,0,1,0,1,0,0,0,1,0,0,1,1,0,0,1,0,2,0,0,0,0,1,1,0,1,1,0,0,0,1,1,0
chr1:6888997,rs353,T/G,2,1,1,1,0,2,1,1,0,1,1,1,1,2,0,0,2,0,2,0,1,2,1,1,0,0,2,1,0,1,1,1,0,1,1,1,1,1,0,0,0,2,2,1,0,1,0,1,1,0,1,0,1,1,1,1,0,2,2,1,1,2,1,0,0,1,1,2,1,1,0,1,1,0,1,0,1,1,0,1,0,0,0,0,2,1,0,2,1,0,1,1,1,1,0,2,0,1,2,0,1,2,2,1,1,1,1,1,0,2,0,0,1,0,0,0,0,1,1,1,1,0,0,1,0,0,1,1,0,1,1,0,1,0,1,1,1,2,0,1,1,1,1,0,1,0,0,1,1,1,2,1,1,0,0,1,1,1,0,1,1,2,1,0,2,1,0,1,0,0,0,0,1,0,0,1,1,0,2,1,1,1,1,0,0,0,0,1,0,1,1,1,1,1,0,1,0,1,1,1
chr1:1716756,rs354,C/A,1,0,0,0,0,1,0,0,1,2,0,1,0,1,1,1,1,0,0,1,0,1,0,1,0,1,0,0,0,0,1,1,1,0,0,1,1,2,0,0,1,2,1,1,0,0,1,0,2,0,0,0,0,1,1,0,1,0,0,0,1,1,0,0,1,0,0,1,1,0,0,1,1,0,1,1,0,0,0,1,1,0,0,1,0,0,1,0,1,0,0,0,1,1,1,0,1,0,1,0,0,0,0,1,0,0,0,0,0,0,1,2,0,2,0,1,1,0,1,1,1,1,1,0,0,0,0,0,1,0,1,1,1,1,1,1,0,1,0,1,0,2,1,0,0,1,0,0,0,1,0,0,0,0,1,0,0,1,1,1,0,0,1,0,1,0,0,2,1,0,0,0,0,1,1,0,0,1,0,0,0,0,0,2,0,1,1,0,1,0,1,0,2,1,0,0,0,0,1,0
chr3:8369434,rs355,G/T,0,0,1,1,0,0,0,0,1,0,2,0,0,0,1,1,1,0,0,1,0,1,1,0,0,1,1,1,1,1,1,1,0,1,0,0,0,1,0,2,1,1,1,0,1,2,0,1,1,1,0,0,0,0,2,0,1,0,1,0,1,1,0,1,1,0,2,1,1,1,0,1,1,0,2,1,0,0,1,0,0,2,1,1,0,0,1,1,0,0,1,1,1,1,0,0,2,0,1,1,1,0,1,0,0,1,1,1,1,0,0,0,1,0,0,2,0,0,1,0,0,1,2,0,0,1,0,0,0,0,2,0,0,1,0,1,0,1,1,1,0,1,1,0,2,1,0,1,0,0,0,1,0,1,1,1,1,1,0,2,0,1,1,0,0,0,0,2,1,0,1,1,2,0,1,2,1,2,2,1,1,0,2,1,1,1,2,1,0,1,1,1,2,2,1,0,0,1,0,1
chr4:2226476,rs356,A/T,1,0,2,1,0,1,1,0,1,0,1,2,0,2,2,1,0,1,1,0,0,0,0,1,1,1,1,2,2,2,1,1,2,2,1,1,1,1,0,0,1,1,1,0,2,1,2,1,0,0,1,1,0,0,0,1,0,1,2,1,0,0,0,0,0,1,0,0,2,1,2,0,0,1,1,2,1,1,1,1,1,0,1,1,2,2,0,2,2,0,1,1,1,1,0,1,0,1,0,1,1,2,2,0,1,0,1,1,0,1,0,0,2,0,1,1,2,1,0,2,1,1,0,0,0,1,0,0,0,1,0,2,0,2,2,1,0,0,0,1,0,0,0,0,0,0,0,1,0,1,1,1,1,2,0,1,0,2,0,1,1,1,1,1,2,0,0,1,0,2,1,0,0,1,2,0,0,2,1,0,1,2,1,1,0,1,0,1,1,1,0,1,1,1,0,0,1,1,1,2
chr3:2500844,rs357,A/C,1,0,0,0,1,1,1,0,1,1,1,0,1,1,1,1,2,0,2,1,1,1,2,1,1,1,2,0,2,2,0,1,0,0,1,1,1,1,1,0,1,1,0,0,1,2,0,0,1,2,1,0,0,0,0,0,1,2,1,1,1,1,1,0,1,1,2,1,1,0,1,2,1,1,2,1,1,1,1,1,0,2,0,0,0,2,0,1,2,0,0,0,1,0,1,2,1,1,2,0,1,0,1,1,0,1,0,1,1,1,0,1,0,1,0,0,1,1,0,0,0,1,2,0,0,0,2,1,2,1,2,2,0,1,1,0,1,2,2,2,2,1,0,1,1,0,1,1,1,0,2,0,1,0,1,0,0,2,2,1,1,1,0,1,0,0,1,0,1,0,1,1,1,0,0,0,1,0,1,1,0,1,1,0,1,0,0,1,1,0,1,1,1,0,2,1,0,0,1,1
chr1:2400283,rs358,T/C,0,0,0,0,0,1,0,0,1,0,0,0,1,0,0,0,0,1,0,1,1,0,2,1,0,0,0,0,0,0,0,1,0,0,0,1,0,1,0,0,0,2,0,0,0,0,0,0,0,0,0,1,0,0,0,1,0,0,0,0,0,0,0,0,0,0,0,0,0,0,0,0,0,1,0,0,0,0,0,0,0,0,0,0,1,0,1,0,1,0,1,0,0,1,1,0,1,0,0,1,0,0,0,1,0,0,0,0,0,0,0,1,1,1,0,0,1,1,0,0,1,0,1,0,0,0,0,0,0,0,0,0,0,0,1,0,0,0,0,0,0,1,0,0,0,0,0,1,0,1,1,0,0,1,0,0,0,0,0,0,0,2,1,0,1,0,0,1,0,0,0,1,0,0,1,0,0,0,0,0,1,0,0,0,1,1,1,1,0,0,1,0,1,0,0,1,0,1,0,0
chr2:1390719,rs359,T/C,0,0,0,0,0,2,1,1,1,0,1,0,0,0,1,1,0,0,0,1,0,0,0,1,0,0,1,0,0,0,1,0,1,1,1,1,0,2,2,0,1,0,1,0,0,1,0,0,1,0,0,0,1,0,1,0,0,1,1,1,0,0,0,2,1,1,0,1,1,0,0,1,1,1,0,0,1,1,1,1,1,0,0,0,0,2,0,1,0,0,0,0,0,0,1,0,2,1,1,0,0,1,1,2,0,0,2,1,1,0,0,0,2,1,0,0,0,1,1,0,1,0,0,1,0,1,1,0,2,0,0,0,0,1,1,1,0,1,1,0,1,0,0,0,0,0,0,0,0,2,1,2,1,1,1,1,1,0,1,0,1,1,1,1,0,1,2,2,1,0,0,0,2,1,1,2,0,1,1,0,0,0,1,0,0,2,0,1,0,0,1,1,0,1,0,1,0,0,2,0
chr3:4337920,rs360,C/A,1,1,0,1,1,0,2,1,2,1,0,2,1,1,1,1,0,1,1,2,0,0,1,1,0,0,1,0,1,1,2,1,1,2,2,0,0,2,1,1,2,1,1,0,2,1,0,1,1,0,0,1,1,1,0,2,1,0,1,2,1,2,0,2,1,2,2,1,1,0,1,1,1,1,2,0,1,1,2,2,1,1,2,0,1,0,2,1,1,1,2,2,0,1,1,0,1,2,1,0,2,2,1,0,1,0,1,0,0,0,1,0,2,2,0,1,0,1,0,1,0,0,1,1,0,0,1,1,0,1,2,1,1,1,1,2,0,2,0,0,1,0,1,1,1,0,0,0,2,1,2,2,1,2,1,1,1,1,1,1,1,1,0,1,1,1,0,1,0,0,1,1,0,0,1,1,0,0,0,2,1,2,1,2,1,1,1,0,0,0,1,1,1,1,2,2,1,1,0,1
chr4:7247794,rs361,T/A,0,0,1,0,0,0,0,0,0,1,2,1,1,0,1,1,1,1,1,0,0,0,0,0,0,1,1,1,0,0,1,1,0,1,0,1,0,1,1,0,0,1,0,0,0,1,0,1,0,0,0,0,0,1,1,0,1,0,1,0,0,1,0,1,0,1,2,0,1,0,0,1,0,0,1,0,1,1,1,0,0,0,0,0,0,0,1,1,2,1,0,0,0,0,0,1,0,0,1,2,0,0,1,0,0,1,1,0,0,0,0,1,1,1,1,0,1,1,1,1,0,0,0,0,0,0,2,0,1,2,2,1,0,0,1,0,0,0,0,1,0,0,0,1,1,0,0,0,0,1,0,1,0,0,1,0,1,0,1,1,1,0,1,0,1,0,0,1,1,1,0,0,0,0,0,2,0,0,1,1,1,1,0,0,0,0,2,1,1,0,0,0,0,1,0,1,0,1,0,0
chr1:5902666,rs362,G/C,0,1,0,2,2,1,1,0,0,1,0,0,0,0,1,0,2,0,1,0,1,0,0,0,1,1,1,2,0,0,1,0,0,1,1,0,2,1,2,1,1,2,1,2,1,1,1,0,1,0,1,2,1,1,1,1,1,0,1,1,1,1,0,1,0,1,1,1,1,1,0,2,1,1,0,1,1,0,2,1,1,0,2,0,0,1,0,1,1,1,0,1,0,1,2,1,1,0,0,0,1,0,1,0,2,1,1,2,2,2,1,1,1,1,1,0,2,2,0,0,0,1,0,1,0,1,1,1,1,2,1,2,2,0,0,1,0,1,1,0,1,0,0,1,0,1,1,0,0,1,1,1,2,0,0,1,1,1,1,1,1,1,2,0,1,1,2,2,1,1,1,1,0,0,2,0,0,2,0,0,2,1,1,1,2,0,0,1,1,0,1,2,0,0,0,1,0,1,2,0
chr4:7232739,rs363,A/G,0,0,1,0,1,1,0,1,0,1,0,0,0,0,2,0,1,1,0,0,0,1,0,0,0,1,0,1,0,1,1,0,0,1,2,1,1,1,0,1,0,0,1,1,1,0,1,1,0,0,0,0,1,0,0,0,0,0,0,1,0,0,1,2,1,1,2,1,2,1,1,0,0,2,0,2,0,0,1,0,1,0,2,1,0,0,1,2,0,0,1,2,1,1,0,0,1,0,0,0,0,1,0,1,1,1,0,0,1,1,0,0,0,0,1,0,0,0,2,1,0,0,1,0,1,1,0,0,0,2,1,1,0,0,1,0,1,1,2,0,1,2,1,0,0,2,0,2,0,1,0,1,0,1,0,0,1,0,1,0,0,1,0,0,0,0,0,1,1,0,1,0,0,1,0,0,0,1,0,0,0,0,1,1,0,0,1,2,0,1,1,0,2,0,1,2,0,0,0,1
chr3:5422375,rs364,C/T,1,1,1,1,2,0,1,2,2,0,0,1,1,1,0,1,2,0,0,2,1,2,1,1,2,2,1,2,2,1,2,0,0,0,1,1,1,2,0,1,1,1,1,1,1,2,2,1,0,2,1,2,0,2,1,1,0,1,0,0,1,0,0,1,2,0,2,1,2,0,0,2,1,1,1,2,0,1,1,1,1,2,0,1,1,1,1,1,1,1,1,0,2,1,1,1,0,2,0,1,2,1,1,2,2,0,0,1,1,1,1,1,1,0,0,1,1,1,1,1,2,0,1,1,2,1,1,0,0,1,1,1,1,2,0,0,2,1,2,2,0,1,0,1,2,1,0,0,0,1,1,1,1,1,0,0,2,0,0,0,1,2,1,1,2,2,0,1,1,2,1,0,0,1,0,0,1,1,0,0,0,0,2,2,1,1,1,2,0,0,0,0,0,2,0,1,1,1,0,0
chr2:5131479,rs365,T/C,1,1,1,0,1,0,2,1,1,1,1,1,2,0,1,1,1,1,0,0,1,2,1,2,1,2,1,0,2,2,1,2,0,2,1,1,2,0,0,1,2,0,1,1,1,1,2,1,2,1,1,1,0,0,1,1,1,1,2,1,1,1,1,2,2,1,0,1,2,0,1,1,2,1,1,1,2,1,1,1,2,1,1,2,1,0,2,0,0,0,0,2,0,0,1,1,1,1,1,0,1,2,2,0,1,1,2,0,0,2,2,1,0,2,1,0,2,1,0,2,1,1,2,1,0,2,0,2,0,1,1,2,1,0,0,1,0,1,2,1,1,1,1,1,2,1,1,2,2,2,0,1,1,1,1,1,2,2,1,2,1,0,0,0,1,1,1,2,0,2,0,2,2,1,1,0,1,0,1,1,1,1,1,2,1,1,2,1,1,1,1,1,1,1,1,0,0,2,0,0
chr1:1415008,rs366,T/G,0,0,0,1,1,0,1,0,0,0,0,2,2,1,0,1,1,0,0,1,1,0,1,1,0,0,2,1,0,0,0,1,0,0,0,2,1,1,0,0,1,1,1,0,1,1,0,1,1,0,1,0,1,0,1,0,0,2,2,0,0,0,0,1,0,0,1,1,1,0,2,1,0,1,1,0,0,1,0,0,2,0,1,1,0,0,0,0,1,1,1,0,0,1,1,0,0,1,0,1,0,0,0,1,1,0,0,0,0,0,0,0,1,1,0,0,0,0,2,0,0,1,0,1,2,0,0,0,1,1,0,0,0,1,1,1,0,1,0,1,1,1,0,0,0,1,0,0,2,1,0,0,0,1,1,0,0,0,0,1,0,1,1,1,0,0,1,0,2,0,0,1,1,0,0,2,0,0,0,1,1,0,0,0,1,1,0,0,0,0,0,2,0,1,0,2,0,0,0,1
chr4:8978450,rs367,C/G,1,1,0,0,0,0,0,0,1,1,1,0,0,0,1,0,0,1,0,0,0,1,1,1,1,1,0,0,0,0,0,0,0,0,1,0,2,1,1,1,1,0,1,1,0,1,0,0,0,1,1,1,0,2,0,0,2,1,1,0,0,0,1,0,0,0,1,0,1,0,1,0,1,0,1,0,1,0,0,0,1,0,0,0,1,0,0,0,0,0,1,0,0,2,1,0,0,1,0,1,2,0,0,1,1,1,0,1,1,0,0,0,0,2,0,0,0,0,1,0,0,1,0,0,1,0,0,0,0,0,0,2,0,0,1,1,0,0,0,0,1,0,0,2,0,1,0,0,0,0,0,2,0,0,0,2,0,1,0,1,0,0,0,0,0,2,1,1,0,0,0,1,1,1,0,0,1,1,0,0,0,0,0,1,0,1,0,1,0,1,0,0,1,1,0,0,0,1,0,0
chr1:2170365,rs368,C/A,1,1,1,0,0,1,1,0,1,1,1,1,0,1,1,1,0,0,0,2,1,2,1,1,1,0,1,0,0,0,1,1,0,1,1,0,0,1,0,1,1,1,1,1,0,1,0,1,2,0,1,2,2,1,1,0,1,1,0,1,0,1,2,1,1,1,0,0,1,0,2,2,0,0,1,1,0,0,1,1,0,1,1,0,1,1,0,0,1,0,1,0,1,0,2,1,1,0,2,0,0,0,1,1,2,0,1,1,1,1,1,2,1,2,1,1,1,1,0,1,0,0,1,1,1,1,1,1,1,1,1,0,1,0,1,1,1,0,1,1,0,1,1,0,0,0,0,0,0,1,2,0,0,0,0,0,1,0,0,1,0,0,2,1,0,0,0,1,2,0,0,2,0,0,0,1,0,0,1,1,2,0,1,0,0,0,1,1,0,1,1,0,0,0,1,1,0,0,0,1
chr3:6931161,rs369,T/A,1,0,0,0,0,0,0,0,0,0,0,1,0,2,0,1,0,0,0,0,1,0,0,0,0,0,0,0,0,0,0,0,0,1,1,0,0,2,0,1,0,1,0,0,0,0,1,0,0,1,0,0,0,0,0,0,0,0,0,0,0,0,0,1,1,0,0,0,0,0,0,0,0,0,1,0,1,1,1,1,1,0,0,0,0,0,1,0,0,1,0,0,1,0,0,0,0,1,0,0,0,0,0,0,0,0,1,1,1,0,0,1,0,0,1,1,0,0,0,1,0,1,1,0,0,0,0,0,0,0,0,0,0,0,0,0,1,0,0,0,0,0,0,0,0,0,0,0,1,0,0,0,0,0,1,0,0,1,0,0,0,0,1,0,0,1,0,0,1,0,0,0,0,1,1,0,0,1,0,1,0,0,1,0,1,0,0,1,0,0,0,0,1,0,0,1,1,1,0,0
chr1:4947208,rs370,G/A,1,2,0,1,1,1,0,1,0,1,1,1,2,0,2,1,0,1,2,2,0,0,1,1,2,2,2,0,0,2,1,1,1,1,2,2,1,0,0,0,0,0,0,1,1,2,0,1,1,1,1,0,1,1,0,1,0,1,0,0,1,1,0,2,1,0,0,1,1,2,0,1,2,2,0,2,1,1,0,1,1,1,0,0,2,0,1,2,2,1,1,1,1,0,1,0,1,1,1,1,2,1,0,1,1,0,1,1,2,1,0,1,1,0,2,1,1,2,1,1,2,1,1,2,1,1,1,0,2,2,1,0,1,1,1,0,1,1,1,2,0,0,0,2,1,2,2,0,1,1,1,1,1,2,1,1,1,0,1,1,0,2,1,0,1,0,0,1,1,0,0,1,1,2,0,0,2,1,0,1,1,1,0,2,1,1,1,0,2,0,0,1,2,1,2,1,2,1,0,2
chr1:8733308,rs371,C/T,0,1,1,0,0,0,0,1,0,0,0,0,0,0,1,0,0,1,0,0,0,0,0,0,0,0,1,0,1,0,0,0,0,0,0,0,0,0,1,0,0,0,0,0,0,0,0,0,0,0,0,0,0,1,1,0,0,0,0,0,0,0,1,1,1,0,1,0,0,0,1,0,0,0,0,0,1,0,0,0,0,0,0,0,1,0,0,0,0,0,1,1,2,0,0,1,0,1,0,0,0,0,0,0,0,0,1,1,0,0,0,0,1,0,1,0,0,0,0,0,0,1,1,0,0,0,1,1,1,0,1,0,0,2,0,0,0,0,0,0,1,1,0,0,1,0,1,1,0,1,0,0,1,1,0,1,1,1,0,1,1,1,0,1,0,1,0,1,1,0,1,1,1,0,1,0,0,0,0,1,0,0,0,0,0,0,1,0,0,0,0,0,0,0,0,0,0,1,0,1
chr1:2324070,rs372,C/G,0,0,0,1,1,0,1,1,1,0,0,1,0,0,0,0,0,0,0,1,0,1,0,2,0,0,1,0,0,0,0,1,1,0,2,1,0,0,0,0,0,0,0,0,0,0,0,1,0,0,1,0,0,0,0,0,0,0,0,0,0,1,0,0,0,1,1,0,0,0,0,0,1,0,0,0,0,0,0,0,0,0,0,1,1,0,0,1,0,1,0,1,0,0,1,1,0,0,0,0,0,1,0,1,0,0,0,0,0,0,1,1,0,0,0,0,1,0,0,2,0,0,0,2,0,0,0,0,1,0,0,0,0,0,0,1,0,0,0,0,0,0,0,0,0,0,1,0,0,1,0,0,0,0,0,0,1,0,0,0,1,0,0,0,0,0,0,1,1,0,0,0,0,0,0,0,0,0,0,0,0,0,0,0,0,0,1,1,0,0,0,1,0,0,0,1,1,0,0,0
chr2:6787749,rs373,T/G,1,1,2,1,1,2,1,0,1,1,0,1,2,0,1,0,1,1,1,0,2,1,1,1,1,0,0,0,0,1,1,0,1,0,2,1,2,0,0,0,0,1,0,0,0,2,2,0,1,1,0,1,0,1,0,1,0,1,1,1,1,0,0,0,1,1,0,1,1,0,1,1,0,1,0,0,2,1,0,1,1,0,0,1,2,1,0,2,2,1,0,1,2,0,0,1,0,2,1,1,1,0,1,1,1,0,1,0,1,0,2,0,1,0,0,1,1,1,2,0,2,0,1,0,1,2,1,1,1,2,1,2,1,1,1,1,1,1,1,2,0,1,0,1,0,1,1,1,1,1,1,1,1,2,1,0,0,0,1,0,1,0,0,1,2,0,0,0,0,0,0,2,1,0,0,1,1,0,0,0,0,1,1,1,1,2,1,2,2,1,0,1,0,1,0,0,1,1,2,1
chr1:8466027,rs374,C/G,0,0,0,2,0,0,0,1,1,1,0,1,1,0,1,1,0,0,0,1,1,0,0,0,0,1,1,0,0,1,0,1,0,1,0,0,1,0,0,2,0,0,1,1,1,1,1,0,1,1,0,0,1,2,1,1,0,0,0,0,1,0,0,0,0,0,0,0,0,1,0,0,0,0,1,0,0,1,1,0,0,0,1,0,1,1,2,1,0,0,0,0,1,0,1,1,0,1,1,0,0,0,0,1,2,0,0,0,1,1,0,1,1,0,0,0,0,0,0,1,0,0,0,0,1,0,2,0,0,1,2,2,1,2,1,0,1,0,0,0,1,1,1,0,0,0,0,1,0,0,0,1,0,0,0,2,2,1,1,0,0,1,1,0,0,0,1,1,1,1,0,1,0,1,0,0,0,0,1,0,0,0,1,0,0,0,0,0,0,0,0,0,0,0,1,1,0,0,1,0
chr1:1428988,rs375,A/C,1,0,2,1,1,0,0,1,0,1,0,2,0,1,2,0,1,1,1,0,0,0,1,0,1,1,1,1,1,0,2,1,2,1,1,1,0,0,0,2,2,2,2,2,1,0,1,1,1,1,0,0,1,0,1,0,1,0,1,2,2,2,2,1,1,1,0,1,0,0,1,0,0,2,0,1,1,2,1,1,1,2,0,1,0,2,1,1,1,1,1,1,1,0,2,1,0,2,1,2,1,1,0,1,0,1,0,1,1,2,1,1,0,0,1,0,2,1,0,2,2,1,1,1,0,1,1,0,0,1,0,0,1,0,0,0,1,2,2,1,2,0,1,1,0,0,2,1,0,1,1,2,1,1,2,1,2,1,1,1,1,1,2,0,0,1,1,0,2,0,0,0,2,1,0,1,1,2,2,0,1,1,1,1,1,1,1,0,1,2,0,1,1,1,2,1,1,0,1,2
chr1:3977590,rs376,A/G,1,1,2,0,1,1,1,0,1,2,1,1,0,0,1,1,0,0,0,1,0,0,0,1,0,1,1,1,1,1,0,1,1,0,2,1,0,1,2,0,2,1,1,2,0,0,0,1,0,0,1,0,0,0,1,2,1,0,1,0,2,1,0,0,1,1,2,0,1,0,0,0,0,0,0,2,0,1,1,2,0,0,2,1,0,0,0,1,1,1,2,1,0,0,0,0,2,0,1,0,0,1,1,0,2,1,0,1,0,1,1,1,1,2,1,1,2,1,0,1,2,1,1,0,1,1,2,1,2,0,1,2,1,1,2,0,0,2,1,0,0,1,1,0,1,1,2,1,1,1,1,0,0,1,0,0,2,0,0,1,0,1,0,1,2,1,0,1,0,1,1,1,1,1,1,1,1,0,2,0,1,0,1,1,1,1,1,1,1,2,0,0,2,2,1,0,2,1,2,0
chr4:5894287,rs377,G/C,0,1,2,0,0,0,1,0,1,0,0,0,0,0,1,0,1,0,0,0,0,0,0,0,0,0,1,0,0,0,0,0,0,0,0,0,0,0,0,0,0,1,0,1,0,0,0,1,0,0,0,1,0,0,0,0,0,0,0,1,0,2,0,0,0,0,0,0,0,0,0,0,0,0,0,0,0,2,0,0,0,0,0,0,1,0,0,0,0,0,0,0,0,0,0,0,0,0,0,1,0,0,0,0,0,0,1,0,1,0,1,1,0,1,0,0,0,1,1,1,0,0,0,1,1,0,0,0,0,0,0,0,0,1,0,0,1,0,0,0,0,0,1,1,0,0,0,0,0,0,0,0,2,0,0,1,0,0,0,0,0,1,1,0,0,0,0,0,0,0,0,0,0,0,1,0,1,0,0,0,0,0,1,0,0,0,1,0,0,1,1,0,0,1,0,0,0,0,1,0
chr4:9047252,rs378,A/G,0,0,0,1,0,1,0,0,1,1,0,0,0,1,0,0,0,0,2,0,0,0,1,1,1,0,0,0,1,0,0,0,0,0,1,1,2,0,0,0,1,1,0,0,0,0,0,0,1,1,1,0,1,0,0,1,0,0,0,1,0,0,0,0,0,0,1,1,1,2,1,1,0,0,0,0,0,1,1,0,0,0,2,1,0,1,0,0,1,1,0,0,0,0,1,1,1,0,1,0,1,0,0,0,0,1,1,1,0,1,0,0,0,1,0,1,1,0,2,2,1,0,0,0,0,1,1,0,0,0,2,1,1,0,1,1,0,1,1,0,0,2,1,1,0,0,1,0,2,1,0,0,0,1,0,0,1,0,0,0,2,0,0,1,0,0,1,0,0,0,0,1,0,0,0,0,0,0,0,0,1,2,1,0,0,0,0,0,2,1,0,0,0,0,1,1,0,1,0,0
chr1:4737973,rs379,G/T,0,0,0,1,0,0,1,0,1,1,0,0,0,1,0,2,0,1,1,0,0,0,0,2,0,1,0,0,0,1,1,0,1,0,0,0,1,0,0,0,0,1,0,0,1,0,1,1,0,0,0,1,0,1,0,0,1,0,0,0,0,0,1,1,1,0,0,1,1,1,0,0,0,0,2,0,1,1,0,0,0,0,0,0,0,1,0,1,1,1,0,0,0,1,0,0,2,0,1,0,0,0,1,1,0,1,0,0,1,1,1,0,1,0,0,0,0,0,0,0,1,1,1,0,0,0,0,1,0,1,0,1,2,1,1,0,0,1,0,0,0,0,1,1,1,1,0,2,0,1,1,0,1,1,2,0,0,1,0,1,0,1,0,0,0,0,2,1,1,0,0,1,0,0,0,1,1,1,0,0,1,1,0,0,0,1,0,0,1,0,0,0,1,0,0,1,0,0,0,0
chr4:5381137,rs380,A/G,0,1,0,0,1,0,1,0,1,0,0,0,0,2,1,0,0,0,0,0,0,1,1,1,1,0,0,0,1,2,1,1,1,2,1,1,1,0,2,0,1,0,2,0,0,0,1,1,1,0,0,1,1,1,1,1,0,1,0,1,1,1,0,1,1,1,1,1,0,0,0,1,0,0,2,1,1,0,1,1,0,1,0,0,0,2,1,2,1,1,0,0,0,0,1,1,1,1,1,0,2,1,1,0,1,0,2,0,0,0,0,0,1,0,1,1,0,0,0,0,0,0,0,0,1,0,1,1,2,1,1,0,1,1,1,1,1,1,1,1,2,1,1,1,1,0,0,0,1,0,0,0,0,1,0,1,0,0,0,0,1,1,0,0,1,1,0,0,0,1,0,2,1,0,1,1,1,1,0,2,0,0,2,1,1,1,0,0,2,0,0,0,1,0,1,0,1,1,1,0
chr3:4498472,rs381,A/C,0,1,1,0,1,1,0,1,0,0,0,0,0,0,0,1,0,0,0,0,0,0,1,1,1,0,0,0,1,1,0,0,1,0,0,0,1,0,0,0,0,0,1,2,0,0,0,0,0,0,0,1,0,0,0,1,0,0,1,0,0,1,2,0,0,1,0,0,0,1,1,1,0,0,0,1,0,0,0,0,0,0,0,1,0,0,0,0,0,1,0,0,0,1,1,1,0,0,0,0,0,0,1,0,0,1,0,1,0,0,0,0,0,0,0,1,0,0,0,1,0,0,0,0,0,0,0,0,0,0,0,0,0,1,0,0,0,1,0,0,0,0,0,1,0,1,0,0,1,0,0,0,0,1,0,1,0,0,0,1,2,0,0,1,0,0,1,2,0,0,1,0,0,0,1,0,0,0,1,0,1,0,0,0,1,0,1,1,0,0,0,0,0,1,1,1,1,0,0,0
chr3:6139743,rs382,T/G,1,1,0,1,1,1,0,2,1,1,1,1,2,1,2,0,2,1,1,0,2,0,1,1,0,1,2,0,1,1,1,2,1,2,0,0,1,2,1,0,1,0,1,0,1,2,0,2,0,1,0,0,1,1,1,0,1,0,1,1,2,1,0,2,0,1,0,1,1,1,1,2,0,0,0,2,2,0,1,1,1,1,1,0,0,1,2,1,1,2,0,0,0,1,1,1,1,1,2,1,1,1,1,1,1,0,1,0,0,0,2,0,1,1,1,0,1,1,2,0,1,1,0,1,0,0,2,0,1,1,0,2,0,0,1,1,0,1,1,0,1,1,2,2,2,0,1,1,0,2,0,1,0,1,1,2,1,1,1,2,0,1,0,1,0,0,2,1,2,1,1,1,0,0,1,1,2,0,1,0,1,1,0,1,1,1,1,0,2,2,1,1,0,0,1,0,0,1,0,0
chr1:4813270,rs383,T/A,0,0,0,0,0,0,0,0,0,1,1,0,0,0,0,0,0,0,0,0,0,0,0,0,0,1,0,0,0,0,0,0,1,0,1,1,0,0,0,0,0,0,0,0,0,0,0,0,0,1,0,1,0,0,1,0,1,0,1,0,0,0,0,1,0,0,0,0,1,1,0,2,0,0,0,1,0,1,0,0,0,0,1,0,1,0,0,0,0,1,0,0,0,0,2,1,0,0,0,0,0,0,1,2,0,0,0,0,0,0,1,0,0,1,0,0,0,0,0,0,0,0,1,0,0,1,0,0,0,0,0,0,1,0,0,0,0,0,0,0,0,1,2,1,1,0,0,0,0,0,0,0,0,0,0,0,0,1,0,0,0,0,0,0,1,0,1,1,0,0,0,0,1,2,0,0,0,0,0,0,0,0,0,0,0,1,0,0,0,0,1,0,0,1,0,0,0,0,0,0
chr2:7123769,rs384,C/T,1,0,0,0,1,0,0,0,2,1,0,0,1,0,1,1,1,1,0,2,1,1,0,0,0,1,0,2,1,1,1,1,0,2,1,0,1,1,0,2,0,0,0,1,1,2,1,2,2,1,0,0,1,0,1,2,0,0,1,1,1,0,0,1,1,0,0,1,1,1,0,2,0,1,1,1,0,0,1,1,0,0,1,1,0,2,1,1,0,1,2,0,1,1,2,0,1,0,1,1,1,0,1,0,0,1,2,1,0,1,0,0,1,0,1,1,1,0,0,1,0,1,0,0,0,0,2,2,1,1,0,1,0,0,0,0,0,0,2,1,1,0,0,1,1,2,0,0,1,2,1,1,0,1,1,0,1,1,0,0,0,2,0,0,0,1,0,1,0,0,1,0,0,2,1,1,0,1,1,0,1,1,0,0,1,0,1,0,1,1,1,2,0,1,1,1,0,0,1,0
chr3:3383366,rs385,A/G,0,1,1,1,1,1,0,0,0,0,2,1,0,2,1,1,0,0,0,0,0,0,1,0,0,1,1,1,1,0,0,0,0,1,0,0,1,1,0,0,1,1,0,0,0,0,0,0,2,1,1,0,0,0,0,1,1,1,1,1,2,2,1,0,0,2,0,0,0,1,1,0,0,1,0,0,1,1,0,0,0,1,0,0,0,0,0,1,0,1,1,0,0,0,1,1,1,0,0,1,1,1,0,2,0,0,0,0,1,0,0,0,0,2,1,0,0,1,1,1,0,1,0,0,0,1,0,0,0,1,1,0,1,1,0,0,1,1,1,1,0,0,0,0,1,0,0,0,2,1,1,0,0,1,1,0,1,0,0,1,0,1,1,1,0,0,1,0,1,0,0,1,0,1,1,1,1,0,1,0,0,1,0,1,0,2,0,0,0,1,1,0,0,1,2,0,0,1,0,1
chr4:9593223,rs386,T/G,0,0,0,0,0,0,0,1,0,1,0,0,1,0,0,0,0,0,0,1,0,0,0,0,2,1,1,0,0,2,0,0,0,0,1,0,1,0,0,1,1,1,0,0,1,1,0,0,0,1,1,1,1,1,1,0,0,1,0,1,0,0,0,0,0,0,0,0,1,0,0,0,1,0,0,1,0,1,0,0,0,0,0,0,1,1,0,0,0,0,0,1,1,1,0,0,0,0,0,1,1,0,0,0,1,0,0,1,0,0,0,1,0,0,0,2,2,0,1,1,1,0,0,0,0,1,1,1,0,0,0,1,1,0,0,0,0,0,1,0,0,0,0,0,0,0,0,1,0,1,0,1,0,1,0,0,0,0,1,0,2,1,1,0,0,0,1,2,0,1,0,2,1,0,1,1,1,0,1,0,0,0,0,1,0,1,0,0,0,0,0,1,0,0,0,0,1,0,1,0
chr3:7691409,rs387,C/T,1,0,0,0,0,0,0,0,0,1,1,0,1,0,1,0,0,0,0,0,0,0,0,1,1,1,1,0,0,1,0,2,0,0,0,0,0,0,0,0,0,0,0,0,0,0,0,0,0,0,0,0,0,0,0,1,0,1,0,0,0,0,0,0,0,1,0,0,1,0,0,1,0,0,0,0,1,0,0,0,0,0,0,0,0,0,0,0,0,0,0,0,0,1,0,0,1,0,2,1,0,0,0,0,0,0,1,0,0,0,0,0,0,1,0,0,0,1,0,0,0,1,0,1,1,0,0,1,1,2,0,0,0,1,0,0,0,0,0,1,1,1,0,0,0,0,0,1,1,0,0,0,0,0,0,1,0,0,0,0,0,0,0,0,0,0,0,0,1,0,0,0,0,0,0,0,1,0,0,0,0,0,0,0,0,0,1,0,0,1,1,0,0,0,1,0,0,0,0,0
chr4:4433382,rs388,C/T,0,0,0,2,1,1,1,1,2,2,0,1,1,1,1,0,2,0,1,0,1,2,1,1,0,1,2,2,1,1,0,1,1,0,2,1,1,0,0,1,1,1,0,1,1,1,1,1,2,2,1,0,1,1,0,1,1,1,0,0,2,0,2,1,0,0,1,0,2,1,1,2,0,2,1,1,0,1,2,0,0,1,1,0,1,2,0,2,0,0,0,1,2,0,1,0,0,2,1,1,1,0,0,1,2,1,1,1,2,0,0,1,2,1,1,0,0,0,2,2,1,0,2,1,0,0,1,2,1,0,1,0,2,0,0,1,0,0,1,1,1,2,1,2,1,1,2,1,0,1,0,0,2,1,0,0,1,0,0,0,1,1,0,2,1,1,0,1,1,0,1,1,1,0,0,0,2,0,1,2,2,1,2,1,2,0,1,1,1,1,0,0,1,0,0,2,0,0,0,1
chr3:4395049,rs389,C/A,0,1,1,1,1,1,2,2,2,1,1,0,0,1,1,0,1,1,0,1,1,2,1,0,0,0,0,1,1,1,1,1,2,2,0,1,0,1,1,1,0,0,0,2,0,2,2,0,1,2,1,1,2,1,0,0,1,0,2,0,1,2,2,1,1,1,1,1,2,2,2,0,0,0,2,0,0,2,0,0,2,1,2,1,1,0,2,1,0,1,0,1,0,2,1,2,1,1,1,1,0,1,1,1,0,0,1,0,0,0,0,0,2,0,1,2,2,1,2,1,1,2,0,1,1,1,0,2,0,1,2,0,2,1,2,2,1,2,1,1,1,0,2,0,0,1,1,1,1,1,0,2,1,0,0,1,1,2,0,2,1,1,2,2,1,0,0,1,0,1,1,1,1,1,0,1,1,0,0,0,1,1,0,1,1,1,2,1,1,1,2,1,0,2,1,1,1,0,1,1
chr2:7081687,rs390,C/A,0,1,1,2,0,1,1,1,2,1,1,1,0,0,1,1,0,2,0,1,0,0,1,2,0,0,2,1,1,2,1,2,1,1,2,2,1,0,2,0,1,0,0,2,0,0,0,1,1,1,1,1,0,1,1,0,1,0,0,1,0,0,0,0,0,1,0,2,2,1,0,2,1,0,2,1,1,1,0,0,2,1,0,1,0,2,1,2,2,2,0,2,1,1,0,1,1,2,2,1,1,1,1,1,2,0,1,0,1,2,1,2,1,1,1,0,2,0,1,2,0,1,0,0,0,2,1,0,2,1,1,1,1,0,1,2,0,1,2,0,0,0,1,1,1,1,2,1,1,1,2,2,2,2,1,1,2,1,1,2,1,1,1,0,1,1,2,1,2,1,2,0,1,1,1,0,1,1,2,1,1,1,0,1,1,0,1,1,1,1,1,0,1,1,0,2,1,1,1,0
chr2:5193060,rs391,C/T,0,0,0,1,0,2,0,1,1,2,1,0,1,1,1,2,0,1,1,1,0,0,2,0,0,0,1,1,1,1,1,1,0,0,0,2,1,0,0,2,1,0,1,2,1,1,1,1,1,2,0,1,1,2,1,1,0,2,2,1,0,1,0,0,0,1,1,0,2,1,2,0,1,1,1,2,2,1,0,1,0,1,1,2,1,0,2,1,1,2,2,2,2,0,1,1,1,1,2,0,1,1,1,1,1,2,1,1,1,2,0,1,1,1,0,2,0,0,0,1,1,0,0,0,1,2,0,1,1,1,1,1,1,2,1,2,1,0,1,1,2,0,2,1,1,0,1,1,1,1,0,1,0,1,1,0,1,2,0,1,0,2,2,1,0,2,1,1,0,1,1,0,0,1,1,0,0,0,2,0,2,1,1,2,1,1,1,2,0,1,2,0,2,1,1,0,0,0,1,2
chr3:2841648,rs392,G/A,0,0,1,0,1,1,1,1,0,0,0,0,0,0,0,1,0,1,2,1,1,1,0,0,2,1,0,0,0,2,1,0,1,0,0,0,0,1,1,1,1,1,0,0,0,0,0,2,0,0,0,0,0,0,2,0,0,1,0,0,0,1,1,0,2,1,1,1,1,1,0,0,0,0,2,2,0,0,1,0,1,1,1,1,0,0,0,1,0,2,0,1,0,2,0,1,2,0,1,1,0,1,1,0,1,0,0,2,1,1,1,1,1,0,0,1,2,0,1,0,0,1,0,0,0,2,1,0,0,0,1,1,2,1,1,1,1,0,1,0,0,2,1,1,1,1,0,1,0,0,2,1,2,1,0,1,1,0,1,0,0,0,1,0,0,1,1,0,2,1,1,0,2,2,1,2,1,0,1,1,0,0,1,1,1,1,0,1,1,1,1,2,1,1,1,2,0,0,2,2
chr2:4828433,rs393,A/T,0,0,1,1,0,0,1,1,0,1,0,0,0,0,0,0,2,0,2,0,1,1,0,1,0,1,1,0,1,0,1,0,1,0,1,1,0,0,0,1,1,0,0,1,0,1,0,1,0,0,0,1,0,0,1,0,1,0,0,0,0,0,0,1,0,0,1,0,0,1,1,1,1,0,1,0,0,0,0,0,0,0,1,1,0,0,0,0,1,0,1,0,1,1,1,0,1,1,1,0,0,0,1,1,0,1,1,1,0,0,1,0,1,0,1,0,0,1,0,0,1,0,0,0,2,1,0,1,0,0,1,0,0,0,2,1,0,0,0,0,1,1,2,0,1,0,0,1,0,0,0,1,0,0,0,0,1,0,0,1,0,0,0,0,0,1,0,0,0,2,0,0,0,0,0,0,0,1,0,1,0,1,1,2,1,1,1,1,1,0,0,0,0,0,0,0,0,0,1,1
chr2:8152747,rs394,T/C,2,1,1,0,0,1,1,1,0,0,0,2,1,1,0,0,1,0,1,2,0,1,1,2,2,1,1,0,2,1,1,1,1,2,2,1,1,0,0,1,2,1,1,2,2,0,0,0,1,2,2,0,1,0,0,0,2,1,2,1,1,2,0,2,0,2,2,2,2,1,2,1,1,2,1,0,2,0,1,1,2,2,1,1,2,1,1,0,2,1,1,0,1,1,0,2,2,0,1,1,1,1,1,0,0,1,2,2,2,0,0,1,1,1,2,0,2,0,1,1,1,2,1,1,1,2,2,1,2,1,1,0,0,1,0,1,1,0,1,1,0,1,1,1,1,0,0,1,2,1,1,1,1,2,2,1,1,1,1,1,1,0,0,0,1,0,2,1,0,2,1,1,1,1,1,1,1,1,0,2,2,2,1,2,1,2,1,1,1,0,1,2,0,0,1,1,1,1,2,0
chr3:5317922,rs395,T/C,0,0,1,0,0,0,1,0,0,1,1,0,0,0,1,0,0,1,1,0,1,1,0,1,0,0,0,1,0,0,1,0,0,1,0,0,0,0,1,0,0,1,1,0,1,0,0,0,0,1,1,1,0,0,1,0,0,0,0,0,0,0,0,0,0,0,0,1,0,1,1,1,1,1,1,1,0,1,0,0,1,1,0,0,0,1,0,1,0,0,1,0,1,2,0,1,0,0,0,1,0,0,0,1,0,0,1,0,0,1,0,1,0,0,0,0,0,1,1,1,2,0,0,0,1,0,0,2,1,0,0,0,0,0,0,0,0,1,1,0,0,2,0,0,0,0,1,0,2,1,0,2,2,1,0,0,0,0,1,1,1,1,0,0,1,0,1,0,0,0,0,1,0,0,2,1,1,1,0,1,2,0,0,2,0,1,0,1,1,1,1,0,0,0,0,0,0,0,0,1
chr2:2020154,rs396,C/A,0,1,1,0,0,0,1,0,0,0,0,0,0,0,0,1,0,0,2,0,0,2,0,2,1,0,1,0,1,0,1,2,0,0,0,0,0,0,1,0,1,0,0,0,1,1,1,0,1,0,0,1,1,0,0,0,0,1,1,1,1,0,1,0,0,1,1,0,0,1,1,0,0,0,1,1,0,0,1,0,1,0,1,0,0,0,1,0,0,0,0,1,0,1,0,0,0,0,0,0,0,1,0,1,0,1,1,0,2,0,0,2,0,1,2,1,1,1,0,2,0,1,1,0,1,0,0,1,0,1,1,0,0,1,0,1,0,1,0,0,0,2,0,0,0,0,0,0,1,0,0,0,0,1,0,0,2,0,0,1,0,0,1,0,0,1,1,1,0,0,1,0,0,1,1,0,0,0,0,0,1,1,1,0,0,0,0,1,0,0,1,0,0,0,1,1,0,1,1,1
chr1:5945169,rs397,G/C,0,0,1,1,2,0,1,1,1,0,0,0,1,1,0,1,2,0,1,0,2,2,0,2,0,2,1,1,2,0,1,0,1,2,2,1,2,0,1,0,0,1,1,1,2,1,1,1,2,1,2,0,1,1,1,1,1,1,1,2,1,1,0,1,0,1,1,1,2,1,2,1,1,1,1,1,2,1,2,0,0,2,1,0,0,1,1,0,0,1,0,0,1,1,0,1,2,0,0,1,0,1,2,0,1,2,2,1,0,1,1,1,2,1,1,1,1,0,1,0,0,1,2,1,0,2,1,1,1,1,1,0,0,1,1,1,2,2,2,1,1,1,2,1,0,0,1,1,0,2,1,0,1,1,1,1,1,0,2,1,2,2,1,1,1,2,1,1,1,0,1,1,0,1,1,2,2,2,1,2,1,1,0,2,1,1,0,1,2,1,2,1,0,1,1,1,1,0,2,2
chr3:8904294,rs398,T/A,1,0,0,1,0,0,0,1,0,1,0,0,0,1,0,0,0,0,1,0,0,0,0,0,0,0,0,0,1,0,1,0,1,1,0,0,0,1,0,0,0,0,0,0,2,1,0,0,0,0,0,0,0,1,0,0,1,2,0,1,1,1,1,1,0,0,0,0,0,1,1,0,1,0,0,1,0,0,2,0,0,2,1,0,0,0,0,2,1,0,2,0,1,0,0,0,1,0,1,1,0,1,0,0,1,0,1,0,0,2,0,1,0,0,0,0,1,0,0,1,1,1,0,1,0,0,1,0,1,2,1,0,0,0,0,0,2,1,0,0,0,0,0,0,1,0,0,0,1,0,0,0,0,2,0,0,1,0,0,0,1,1,1,0,1,0,1,0,0,1,0,0,0,1,1,1,0,1,0,0,0,1,0,1,1,0,1,0,0,0,1,0,0,0,0,0,0,0,1,0
chr2:8969693,rs399,A/G,0,0,1,1,0,1,0,0,1,0,2,1,0,0,1,2,1,0,1,0,0,1,1,0,1,1,0,0,1,1,1,1,1,1,1,0,1,1,1,2,0,0,0,0,1,1,0,2,1,2,0,1,0,0,0,1,1,0,1,0,2,0,1,1,1,1,0,0,2,0,1,1,1,2,1,1,1,0,2,0,1,2,1,0,0,0,1,1,1,1,0,0,0,0,0,0,1,0,0,1,1,1,0,0,0,0,1,1,0,1,1,1,1,0,0,0,1,1,1,1,1,0,2,0,1,0,0,1,1,0,1,0,2,1,0,0,0,0,1,0,0,0,1,1,1,2,0,0,2,0,1,0,1,1,1,1,0,1,0,0,0,0,1,2,1,1,1,1,0,1,0,1,0,0,0,2,0,1,1,0,1,0,1,2,0,0,0,1,1,2,0,0,0,2,0,0,1,0,0,0
chr3:8744064,rs400,T/A,1,1,1,0,1,1,0,1,2,2,2,2,2,1,1,1,1,2,0,1,2,1,0,0,1,2,2,1,0,2,2,1,0,1,0,1,0,1,1,1,2,1,0,1,2,2,1,0,1,1,2,1,2,1,0,2,0,1,2,2,1,1,1,1,1,2,2,2,1,1,1,1,0,1,0,1,0,1,1,1,1,1,1,1,0,1,0,0,0,0,1,1,2,1,1,0,1,1,1,1,1,1,1,0,1,0,0,2,1,0,1,1,1,2,1,1,2,0,0,0,0,0,1,1,2,1,1,1,2,1,2,1,0,0,1,2,0,1,0,1,1,1,2,1,2,1,2,0,2,1,1,2,2,1,1,1,1,1,2,0,1,1,0,0,1,0,2,2,0,2,1,1,1,2,2,1,1,1,1,0,0,1,1,0,1,0,2,1,1,1,2,2,2,1,0,1,1,1,1,0
chr3:1549239,rs401,T/C,0,0,0,0,1,0,0,0,0,2,1,0,0,0,0,0,0,0,0,1,0,0,1,0,0,0,0,0,0,0,0,0,0,0,1,0,0,0,0,0,0,1,1,0,0,0,0,0,0,0,0,1,0,1,1,0,0,0,0,0,0,0,0,0,0,1,0,0,0,0,0,1,0,0,0,1,0,0,0,1,0,0,1,1,1,0,0,0,0,2,0,0,0,1,0,0,0,0,0,1,0,1,1,0,1,1,0,0,0,0,0,1,0,1,0,1,0,0,0,0,1,0,1,0,0,0,1,2,0,0,0,0,0,0,0,0,1,0,0,1,0,0,0,0,1,0,0,1,0,0,1,0,0,0,0,0,1,0,0,0,0,0,0,0,0,0,0,0,0,0,0,0,0,0,0,0,1,1,0,1,1,0,0,1,0,0,0,1,0,0,0,0,0,0,1,0,0,0,0,0
chr4:4047569,rs402,T/A,2,0,0,1,2,0,1,0,1,2,1,1,1,1,0,2,1,0,0,0,1,0,0,1,2,1,1,0,0,0,2,2,1,0,1,1,2,1,1,1,1,1,1,2,0,2,1,1,2,1,1,2,0,1,0,0,2,1,1,1,1,1,1,1,1,2,1,1,1,1,2,1,2,1,1,0,2,0,2,1,1,0,1,0,2,0,1,0,1,1,0,1,0,0,1,1,0,0,1,2,1,0,1,0,1,1,1,1,2,0,0,2,2,1,1,0,2,1,1,0,1,1,0,2,0,2,1,2,1,1,0,1,0,0,0,1,1,0,0,1,0,1,0,0,0,0,0,2,1,0,1,0,1,2,1,1,1,1,0,1,2,1,2,0,1,2,0,2,0,2,0,1,0,0,2,0,1,2,2,2,2,0,2,0,0,0,1,0,0,1,1,0,1,0,1,1,2,2,0,0
chr1:1785332,rs403,T/G,1,1,1,2,0,1,2,0,1,1,2,2,1,1,2,0,2,0,1,2,1,0,2,1,0,0,0,0,1,1,2,1,0,0,0,2,0,1,2,2,0,0,0,0,1,1,1,1,1,0,2,2,1,0,2,2,0,1,0,0,0,1,0,1,0,0,2,1,1,0,1,2,1,0,1,0,0,1,0,2,2,0,2,1,1,1,1,0,2,0,1,1,2,1,1,0,1,1,1,1,1,0,1,2,1,1,2,1,1,1,1,2,2,2,0,1,1,1,1,1,1,1,1,1,1,2,2,0,2,0,1,2,1,0,1,2,1,2,2,2,0,1,1,1,0,0,2,1,0,1,1,1,1,1,0,1,1,1,2,1,0,0,1,1,0,1,0,0,1,2,0,0,1,0,1,2,2,1,0,0,1,1,1,0,1,0,2,1,1,2,2,1,1,1,1,1,2,1,1,1
chr1:1397710,rs404,A/T,1,1,2,0,1,2,1,1,0,1,2,0,0,1,1,1,0,1,1,1,0,1,1,1,2,2,2,2,0,1,0,1,1,0,1,2,1,1,0,1,0,1,2,1,1,1,0,2,0,0,2,1,1,0,1,2,0,2,0,1,1,0,0,0,1,2,2,0,2,0,2,1,2,1,1,1,1,2,0,2,1,1,0,0,2,1,2,1,2,2,2,0,1,0,1,1,0,0,1,1,1,1,1,0,1,0,0,1,1,0,0,0,1,1,2,0,1,1,2,0,0,1,1,2,0,0,0,0,2,1,0,1,2,1,1,1,1,0,0,2,0,1,2,1,1,1,1,1,1,0,1,1,2,1,0,2,1,1,1,0,0,1,2,1,1,1,1,1,0,2,1,0,0,0,0,0,1,1,2,0,1,2,1,0,1,1,2,0,1,1,0,0,0,0,0,1,1,2,0,0
chr4:4188729,rs405,A/T,1,1,0,0,0,0,0,0,0,0,0,0,0,1,0,1,0,0,0,0,0,0,0,0,1,0,0,0,0,0,0,0,0,0,0,0,0,1,0,0,0,0,0,0,0,0,1,0,0,0,1,0,1,0,0,0,1,0,0,0,0,0,0,0,0,0,0,2,0,1,0,0,1,0,0,0,0,0,1,1,0,0,0,0,0,0,0,0,0,0,0,0,0,0,1,0,0,1,1,0,0,0,0,0,1,0,0,0,0,1,0,0,0,0,0,1,0,0,0,0,0,0,0,1,0,0,1,0,0,0,1,1,0,1,0,0,1,0,0,0,0,0,0,1,0,1,0,0,0,0,0,0,0,0,2,0,0,0,0,0,0,0,0,0,0,0,0,0,0,0,2,0,0,0,0,0,0,0,0,1,0,0,1,0,0,1,1,0,1,0,0,1,1,0,0,1,0,0,0,0
chr1:8996198,rs406,G/C,1,1,0,1,1,1,1,1,1,1,1,0,0,0,1,0,0,0,0,1,2,1,0,0,0,1,0,1,1,0,1,0,0,1,1,1,0,0,1,0,0,1,1,1,1,0,1,0,2,1,1,1,1,0,0,0,0,1,0,0,0,1,1,0,0,1,0,1,1,0,1,0,1,1,0,1,1,1,1,0,1,0,1,1,1,0,1,1,1,1,0,0,0,0,0,1,0,1,0,2,1,0,1,1,0,1,0,0,0,2,2,1,0,1,1,0,0,1,0,1,1,1,1,0,0,1,1,1,0,0,1,0,1,0,1,0,0,1,1,0,0,0,1,1,0,0,0,0,0,1,0,0,0,2,2,1,0,0,0,0,1,2,0,0,1,1,1,1,0,1,1,1,0,1,1,0,0,0,1,0,0,0,1,0,0,1,0,0,0,0,0,1,0,1,0,0,1,0,2,1
chr2:6927997,rs407,A/C,1,1,0,0,1,1,2,2,2,0,1,0,1,0,1,1,0,1,1,0,2,1,0,0,2,2,0,2,1,0,1,1,1,1,1,1,1,0,1,0,2,1,0,1,1,0,0,2,1,0,1,0,0,0,1,0,1,0,1,1,1,1,1,2,0,1,2,0,2,1,1,1,0,0,1,0,0,2,0,1,1,1,1,0,1,2,0,0,0,2,1,1,1,1,1,1,0,0,1,0,1,0,1,0,1,1,1,0,0,1,1,2,2,2,0,0,1,1,0,0,1,2,1,1,1,1,2,0,2,0,0,1,0,0,2,0,2,1,2,2,1,1,2,1,0,2,0,0,1,1,1,1,0,1,1,1,2,1,1,1,1,1,1,1,1,2,0,1,2,2,1,1,1,0,1,1,0,2,1,2,1,1,0,1,1,2,1,1,1,0,2,1,1,1,1,0,1,1,1,1
chr1:6004998,rs408,G/C,1,1,0,1,1,1,0,2,0,0,1,2,0,1,0,0,0,1,0,0,0,1,0,1,0,0,1,0,1,0,1,1,0,0,0,1,0,0,1,0,1,0,2,0,0,1,0,1,1,1,1,1,0,1,2,0,1,2,1,0,0,2,1,1,2,0,1,1,0,1,1,0,1,2,2,1,1,1,1,1,1,0,0,1,0,1,2,0,2,0,1,0,0,1,1,1,2,0,1,1,0,1,2,1,1,1,0,1,1,0,1,1,1,1,1,2,1,1,1,1,1,0,1,0,1,0,0,2,1,0,0,1,1,1,1,0,1,0,0,1,1,1,1,1,1,1,0,2,1,2,1,0,2,1,1,1,1,1,0,2,1,0,1,2,1,1,2,1,1,1,1,2,0,1,0,1,0,2,0,1,2,0,1,2,0,0,2,1,0,0,1,1,1,1,1,1,0,2,1,0
chr4:6693075,rs409,A/G,1,0,0,0,1,0,0,1,1,0,0,0,0,0,1,0,0,1,0,0,0,0,1,0,1,0,0,0,1,1,0,0,0,0,0,1,0,1,0,0,1,1,1,1,1,0,0,1,0,0,0,1,2,0,1,0,0,0,0,0,0,0,0,0,2,0,0,0,0,0,0,1,0,0,0,0,1,0,0,0,0,0,0,1,1,0,1,0,0,1,0,1,1,1,0,0,0,0,0,0,1,0,0,0,0,1,0,0,1,0,1,0,0,1,0,0,0,0,0,0,0,0,2,0,1,0,1,0,1,1,0,0,1,1,0,0,0,1,0,0,0,1,1,0,0,0,0,1,0,0,0,0,0,1,1,0,0,0,1,1,0,1,0,0,1,0,0,0,0,0,1,1,2,0,0,2,1,0,0,0,1,0,0,1,1,0,2,0,1,1,0,0,1,0,0,0,1,0,1,0
chr2:5165100,rs410,T/C,1,0,1,2,2,2,1,2,1,0,1,2,1,1,0,1,2,0,2,0,2,1,0,0,2,1,1,0,0,1,1,2,1,0,1,1,0,2,1,0,2,2,2,2,0,2,1,1,2,1,2,1,1,1,1,1,2,0,2,1,2,1,2,1,2,0,2,2,1,1,1,0,1,2,1,1,1,0,1,2,1,1,1,0,0,0,0,1,1,0,1,1,0,1,0,1,0,1,0,0,2,1,1,0,1,0,2,1,1,1,0,1,0,0,0,2,1,1,2,1,1,2,0,0,1,1,0,0,0,2,2,0,1,1,0,2,1,0,1,2,0,0,0,0,0,1,1,1,0,0,2,0,2,1,1,0,1,2,0,0,1,1,1,1,1,1,0,1,1,2,2,0,1,2,1,0,2,1,1,1,1,0,2,2,0,1,1,0,2,0,0,2,0,1,2,1,0,0,2,1
chr3:4207393,rs411,A/C,0,2,1,1,1,1,0,2,0,0,0,0,0,0,0,2,2,0,0,0,1,0,1,0,1,1,0,0,1,0,0,0,1,1,0,0,0,1,1,0,1,0,1,1,1,1,0,0,0,0,1,0,1,0,0,1,0,2,1,2,2,1,1,1,0,1,0,1,1,1,1,0,1,2,1,0,1,0,0,0,1,1,1,2,0,2,1,1,1,1,0,2,0,0,0,1,1,0,0,0,1,0,0,0,2,0,2,1,0,0,0,0,1,1,2,1,1,1,0,1,0,0,1,1,1,1,0,0,1,0,1,0,0,0,0,1,1,0,1,0,1,1,2,0,0,0,1,0,0,1,0,2,1,1,0,0,1,1,0,1,1,0,0,1,0,0,0,0,0,0,1,0,0,1,1,0,2,0,2,0,0,2,1,1,1,0,1,0,1,0,0,1,1,0,0,0,1,2,1,0
chr1:2026553,rs412,C/T,0,0,0,1,0,0,1,0,0,0,0,1,0,1,0,2,0,0,0,1,0,0,0,0,0,2,0,0,0,0,1,1,0,2,1,0,0,1,0,0,0,0,0,0,0,0,0,0,0,0,0,0,1,0,1,0,1,1,1,0,0,0,0,0,0,0,0,0,0,1,1,0,0,0,0,1,0,1,0,0,1,0,1,0,0,1,0,0,0,0,0,0,0,0,0,1,0,0,2,0,0,1,1,0,1,0,0,0,1,0,0,0,1,0,0,1,1,0,0,0,1,0,0,1,1,0,1,0,0,0,1,1,1,0,0,1,0,0,0,1,0,0,1,1,0,0,1,0,1,0,0,1,0,0,1,0,0,0,1,1,0,0,0,0,0,0,0,0,0,0,1,0,1,0,0,0,0,1,1,0,0,0,1,0,0,1,1,0,0,1,1,0,1,0,0,0,1,0,2,0
chr1:4743797,rs413,C/G,0,1,0,2,1,1,2,0,1,0,0,1,0,1,0,0,1,1,0,1,1,1,1,2,1,1,0,0,1,2,0,0,1,0,1,0,2,2,0,0,2,1,2,0,0,1,2,0,1,0,0,1,1,0,1,1,1,0,2,0,1,1,2,0,0,0,0,0,0,1,0,0,0,2,1,0,1,0,1,0,0,2,0,1,1,2,2,0,2,0,2,0,0,0,0,2,0,0,0,0,0,1,2,1,1,1,0,1,2,1,1,1,2,1,1,0,0,1,1,0,1,0,0,0,1,0,1,1,0,0,0,1,0,0,0,0,1,2,1,1,1,0,2,0,1,0,1,1,2,1,0,2,1,0,0,0,0,1,2,0,2,1,1,1,1,0,1,0,0,1,1,1,1,1,1,0,1,1,1,0,1,0,2,1,1,0,1,1,1,0,0,1,1,1,1,0,0,0,0,0
chr1:9465506,rs414,G/T,1,2,1,0,1,0,2,1,0,1,2,1,0,0,1,2,2,2,1,1,0,1,0,1,1,2,0,2,1,1,1,1,2,1,1,2,2,0,0,1,2,1,1,0,1,0,0,0,0,2,0,1,0,1,1,0,0,0,1,0,0,1,0,1,0,2,1,0,0,1,1,1,0,1,0,1,0,1,1,2,1,0,1,1,0,1,1,1,0,1,0,0,1,0,1,0,0,1,1,1,1,1,1,0,0,1,0,1,0,0,2,1,0,1,1,0,1,1,1,2,0,1,0,1,2,0,0,2,2,2,2,1,2,2,0,1,1,0,1,1,1,1,2,0,1,0,1,1,1,0,1,1,0,2,1,1,2,0,1,1,0,0,0,2,1,1,0,1,1,2,0,0,0,1,1,1,2,1,1,1,2,1,1,1,2,1,0,1,1,1,2,1,1,0,0,1,0,1,0,1
chr1:9676924,rs415,C/T,1,1,1,1,1,1,0,1,1,0,2,1,1,0,1,1,1,0,1,1,0,0,2,1,1,2,1,0,2,0,0,0,1,1,1,0,0,1,1,0,2,1,1,1,1,1,1,1,1,1,1,0,0,0,1,2,1,0,0,1,2,2,0,1,0,1,2,0,0,0,1,0,1,1,1,1,2,0,1,1,1,0,0,1,2,2,1,1,0,1,0,1,0,2,0,1,1,0,0,1,1,1,2,1,1,1,1,0,2,0,1,1,1,0,2,0,0,0,1,2,2,1,1,1,1,1,0,0,0,0,2,1,0,0,2,1,1,0,0,1,1,0,0,1,1,2,2,1,1,1,0,0,0,2,2,0,1,1,1,0,0,1,2,0,0,1,1,0,1,2,0,0,2,1,1,0,2,0,0,1,2,2,1,2,1,0,0,0,1,0,0,1,0,1,0,1,2,2,0,1
chr3:2829553,rs416,T/C,0,0,0,0,0,0,0,0,1,0,0,0,1,0,0,0,1,0,0,0,1,0,0,0,0,0,1,0,2,1,1,0,0,0,0,0,0,0,0,1,0,0,1,0,0,0,1,0,0,0,1,0,0,0,0,0,0,0,2,1,0,0,0,0,2,2,1,0,0,0,0,1,0,1,1,0,0,1,1,1,1,1,1,0,0,0,0,0,0,1,0,0,1,0,0,1,0,0,0,0,0,1,0,1,0,0,0,0,0,1,1,0,0,0,0,0,0,0,0,0,0,0,1,0,0,0,1,0,2,0,0,0,0,1,0,0,0,0,0,0,0,0,1,0,0,0,0,0,1,0,0,1,0,0,1,0,0,0,1,0,0,1,0,0,0,0,0,0,0,0,0,0,1,0,0,2,0,1,1,0,0,0,1,1,0,0,1,1,2,0,0,0,0,0,1,1,1,0,1,0
chr1:7666455,rs417,C/G,1,1,0,2,0,1,1,0,0,0,0,0,0,0,1,0,1,1,1,0,0,1,0,0,2,2,0,1,0,0,0,0,0,0,1,0,1,1,2,1,0,1,0,1,0,1,1,0,1,0,0,1,0,1,0,0,1,0,0,1,1,1,0,1,1,1,0,1,0,0,0,1,0,0,0,0,0,1,1,0,0,1,1,1,0,1,1,0,1,0,1,2,0,2,1,1,1,0,0,0,0,0,0,0,0,0,0,0,1,1,0,1,1,0,1,2,0,0,1,0,0,1,1,0,1,1,0,0,1,0,0,0,1,0,0,1,0,0,0,1,0,0,1,0,1,1,1,0,0,1,0,1,0,0,1,1,1,0,1,0,2,0,1,1,0,0,1,1,0,1,1,0,2,0,0,0,2,0,0,1,0,0,0,0,1,1,1,1,0,0,0,0,1,1,0,0,1,2,1,0
chr2:8918348,rs418,G/A,1,1,2,1,1,0,0,2,1,1,1,2,2,1,1,1,1,2,0,1,0,1,0,2,1,2,2,2,0,1,1,1,0,2,1,1,2,2,1,1,1,1,1,0,0,0,0,0,2,1,1,2,1,1,0,0,1,0,1,1,2,1,0,1,1,1,1,2,1,0,1,1,0,2,0,1,2,1,0,1,1,2,0,1,2,1,1,2,1,2,0,1,0,2,1,1,1,1,0,1,0,1,1,1,1,2,0,1,0,1,1,1,1,0,0,1,1,0,0,1,2,1,0,1,1,1,0,1,1,1,1,2,2,1,0,0,0,0,0,0,1,1,1,0,1,0,0,1,1,1,1,1,1,0,1,1,1,0,0,0,1,1,0,1,1,0,1,2,1,0,1,2,1,1,0,0,1,1,2,1,0,1,1,0,1,0,0,1,1,0,0,0,1,0,1,0,1,1,2,1
chr3:2675843,rs419,T/A,1,1,2,0,2,0,1,1,0,2,2,1,0,1,1,2,1,1,1,0,1,1,1,2,0,1,0,0,1,0,0,2,1,0,2,2,0,2,1,2,2,1,1,2,1,1,1,1,2,2,0,0,0,1,2,1,1,0,1,0,0,1,0,2,2,2,1,2,2,1,1,1,1,2,1,1,1,0,0,0,0,0,2,1,1,0,0,0,2,0,0,1,1,2,2,2,1,0,0,0,2,1,2,1,0,0,1,0,1,0,1,1,1,2,1,2,0,2,0,1,2,0,0,1,0,1,1,0,2,0,0,0,0,0,2,0,0,1,0,1,0,1,1,1,1,1,2,2,2,0,2,1,1,1,2,2,1,0,0,1,1,0,2,1,1,1,2,1,1,1,1,0,1,2,2,1,1,1,2,0,1,0,0,2,0,1,2,1,1,1,1,0,1,0,1,0,1,2,1,0
chr2:2721610,rs420,A/G,1,0,0,0,0,0,2,0,1,1,1,2,2,1,1,1,1,0,1,0,0,0,1,0,1,2,1,2,1,2,1,2,2,1,0,1,1,2,2,2,1,1,2,1,1,0,1,0,1,1,1,2,1,0,1,1,1,1,0,1,2,1,1,1,0,1,1,0,0,1,2,1,2,2,1,1,2,1,1,1,1,1,1,0,1,2,1,0,2,1,1,1,2,2,2,1,1,0,1,0,2,1,2,1,1,1,0,0,1,2,1,2,2,0,1,1,0,0,0,1,1,0,2,0,1,2,1,1,0,1,1,2,2,0,1,2,1,1,2,2,0,0,2,0,2,1,0,1,0,0,1,0,0,0,1,2,0,1,1,0,0,0,1,2,1,0,0,2,0,1,0,0,0,2,1,0,0,1,0,1,2,1,2,2,1,2,0,0,1,0,0,1,2,2,1,2,2,0,1,1
chr3:3614235,rs421,A/T,0,1,0,1,0,0,0,0,0,0,0,0,1,0,1,0,0,0,1,0,0,0,1,0,0,0,1,1,0,0,0,1,0,1,1,0,0,0,0,1,0,0,0,0,0,0,0,0,0,0,0,1,1,1,2,0,0,0,1,0,0,2,1,0,0,1,0,1,1,0,0,0,0,0,1,0,0,0,0,0,1,0,1,0,1,0,1,1,0,0,0,0,0,1,1,0,0,0,0,0,0,0,0,1,1,0,1,1,0,0,1,1,0,1,0,0,0,0,0,0,0,0,1,0,0,0,1,0,0,1,0,0,1,1,1,0,1,1,0,0,0,0,1,1,0,1,0,0,0,2,1,1,0,0,0,1,0,0,0,1,0,1,0,0,0,0,0,0,0,0,0,1,0,0,0,0,0,0,1,0,0,0,1,1,0,0,0,0,0,0,0,0,1,1,0,0,0,0,0,0
chr3:3710241,rs422,G/T,0,1,1,1,0,0,1,2,0,0,0,0,1,1,0,1,0,2,1,0,0,1,0,2,1,1,0,0,1,1,0,1,1,0,1,1,0,0,1,1,1,1,0,0,1,1,0,0,0,0,0,0,0,1,0,1,1,0,1,0,0,1,2,1,0,0,0,1,0,1,1,0,1,1,1,0,0,2,0,1,0,1,0,0,1,0,1,1,1,1,1,0,0,1,1,1,0,0,1,0,0,1,0,0,1,0,0,0,1,1,0,0,1,1,2,0,1,0,0,0,1,1,0,2,0,0,0,2,2,0,0,1,1,1,0,0,0,1,0,1,0,1,0,1,1,0,0,0,1,0,0,2,1,1,1,0,1,1,1,0,2,1,0,0,1,0,0,1,0,1,1,2,0,0,1,1,0,0,1,1,1,0,1,1,1,1,0,1,0,0,1,0,0,0,1,2,1,1,1,2
chr1:4978702,rs423,G/A,0,0,0,0,0,1,1,0,0,0,1,1,0,1,1,0,1,0,0,0,0,0,1,0,1,0,1,0,0,2,0,1,0,1,1,2,0,0,0,0,1,2,1,0,1,1,0,0,1,0,1,0,1,0,1,0,0,0,0,1,0,1,0,0,1,0,0,0,1,0,0,0,0,0,0,1,1,1,0,0,0,1,1,0,0,1,1,0,0,0,1,0,1,0,1,0,0,0,1,0,1,0,1,2,0,0,1,2,0,0,0,0,1,0,1,1,0,0,0,0,1,1,0,1,0,2,0,0,2,0,1,0,0,0,2,0,1,0,1,0,0,1,1,0,0,1,0,0,0,0,1,1,0,1,1,0,0,1,1,0,0,1,0,0,1,1,1,0,0,0,0,1,1,0,0,0,1,0,0,1,1,1,0,1,2,1,0,0,0,0,1,1,0,1,0,0,1,0,0,0
chr1:4597706,rs424,C/T,1,0,1,1,0,0,0,0,1,1,1,1,1,0,0,1,0,0,1,0,1,0,1,2,2,2,1,0,0,0,0,0,1,0,2,1,0,1,0,1,0,1,1,0,0,0,1,0,1,0,0,0,0,0,1,1,1,1,0,2,1,1,1,1,1,1,1,1,0,2,1,1,1,0,1,1,1,1,1,1,0,0,1,0,2,1,1,0,0,0,0,1,0,1,1,2,2,1,1,1,0,2,1,1,1,0,0,0,1,1,0,0,1,1,1,0,1,0,1,0,0,2,0,0,0,1,1,2,1,0,0,1,2,2,1,1,1,1,0,0,1,1,1,0,1,0,0,2,2,0,1,1,1,0,1,1,0,1,0,1,1,0,0,1,1,0,1,1,1,1,0,2,0,0,1,0,2,1,1,1,1,1,1,1,2,0,0,1,0,1,0,1,1,0,2,1,1,1,0,1
chr4:7849486,rs425,T/G,0,1,2,1,1,0,1,1,1,1,0,1,1,0,0,0,0,0,1,1,0,2,1,1,0,1,1,0,0,0,1,0,0,1,0,0,0,2,0,1,1,2,2,0,0,1,0,2,1,2,1,1,1,0,1,2,1,0,1,0,1,1,0,0,0,2,0,1,0,1,0,1,1,0,2,2,0,0,1,1,0,1,0,1,1,1,2,0,0,1,1,2,0,1,0,2,0,1,0,1,1,1,0,0,1,1,1,2,0,1,0,1,1,0,0,2,0,0,1,1,1,0,0,0,0,0,0,1,1,0,0,2,0,2,1,1,1,1,1,1,1,1,1,1,0,1,1,0,1,1,0,0,0,1,0,1,0,0,1,2,1,2,2,0,1,1,1,1,1,0,1,1,1,0,0,1,1,0,0,0,0,2,1,0,1,1,0,1,0,1,2,2,1,2,1,1,0,0,1,2
chr1:9197295,rs426,T/C,1,0,2,1,1,2,2,0,1,0,2,0,2,0,2,1,1,0,1,1,0,1,1,0,1,0,2,0,0,2,1,0,1,1,1,0,1,2,1,1,1,0,0,0,1,1,1,1,0,0,2,0,1,0,0,0,2,0,0,0,1,2,0,1,1,1,0,0,0,0,0,2,1,1,1,0,1,0,2,1,0,1,0,1,2,2,1,1,0,0,1,1,2,2,0,0,1,1,0,1,0,1,0,1,0,1,2,0,1,1,2,0,0,2,0,0,2,0,1,1,1,0,0,2,1,1,1,1,0,0,2,0,2,2,1,1,0,1,1,1,0,1,1,1,1,1,0,0,0,0,1,0,0,0,1,2,2,0,1,1,1,1,2,1,0,1,1,0,1,1,0,2,2,1,0,1,1,1,0,1,1,1,0,1,1,2,1,1,1,0,0,1,1,2,2,0,0,0,0,1
chr2:6087268,rs427,G/A,1,0,0,0,0,0,0,2,0,1,0,1,0,0,0,0,1,0,0,1,0,0,1,0,0,1,0,0,1,1,0,0,1,0,1,1,0,1,1,1,0,0,0,0,1,0,0,0,0,1,0,1,0,0,0,0,0,0,0,0,0,1,0,1,0,0,0,0,0,0,0,0,0,1,0,0,0,0,0,0,0,0,0,1,0,0,1,0,0,0,1,0,0,0,1,0,1,0,0,0,0,0,0,1,1,0,0,1,0,0,1,0,0,0,1,2,2,0,1,0,1,0,0,0,1,1,0,0,0,0,0,1,1,0,1,0,1,1,0,0,0,0,1,0,0,0,0,0,0,1,1,0,0,0,1,1,0,0,0,0,1,1,1,0,0,1,0,0,0,0,0,0,0,1,0,1,1,0,0,1,1,0,1,0,0,1,0,0,0,0,0,0,0,0,0,0,0,0,0,0
chr4:9212420,rs428,A/T,0,0,0,0,0,0,0,0,0,0,0,1,0,1,0,1,0,0,0,1,0,0,0,0,1,0,0,0,0,1,0,0,0,0,0,0,1,1,0,0,1,0,0,0,0,0,0,0,0,0,0,0,0,0,0,0,0,0,0,0,1,0,0,0,1,1,0,0,0,0,1,1,0,1,0,1,0,1,0,1,1,0,0,0,0,0,0,0,0,0,0,0,0,0,0,0,0,0,0,1,0,0,0,0,0,0,0,0,1,2,0,1,0,0,1,1,2,0,0,0,0,0,0,0,0,0,0,0,1,0,0,0,1,1,1,0,0,0,1,0,0,0,0,0,0,0,1,0,0,0,0,0,0,0,0,0,1,0,0,0,0,1,0,0,0,0,0,0,0,0,0,1,0,0,0,0,0,0,0,0,0,0,0,1,0,0,0,1,0,1,0,0,0,0,0,0,0,0,0,0
chr2:1402732,rs429,G/T,0,1,0,0,0,0,0,0,1,0,1,0,1,0,0,0,0,0,0,0,0,0,2,0,0,1,0,0,0,0,0,0,0,0,1,0,1,0,0,0,1,0,1,0,0,0,0,0,0,0,0,0,1,0,0,0,0,0,0,0,0,0,0,0,0,0,0,0,1,0,0,0,0,0,0,0,0,0,0,0,0,0,0,0,1,0,0,0,0,0,0,1,1,0,0,1,0,1,0,1,0,0,0,0,0,0,1,0,1,0,0,0,0,0,0,1,0,0,0,0,1,0,0,1,0,0,0,0,1,0,0,1,0,1,1,0,0,0,0,0,0,0,0,0,0,1,1,1,0,0,0,0,0,0,0,0,0,1,0,0,0,0,0,0,0,0,1,0,1,0,0,0,0,1,0,1,1,0,0,0,1,1,0,0,0,1,1,0,1,1,0,0,1,1,0,0,0,0,2,0
chr1:2132658,rs430,T/G,1,0,0,0,2,0,1,1,1,0,0,1,1,0,1,1,0,2,1,1,0,1,0,0,0,1,1,0,1,0,2,1,1,0,2,2,1,0,1,0,1,2,1,0,1,2,0,2,0,1,1,1,1,1,1,0,1,2,0,0,1,1,0,1,1,2,1,2,1,1,1,2,1,1,0,1,1,1,2,2,1,0,0,1,0,0,0,1,2,0,1,1,1,1,1,1,2,0,2,1,1,0,2,0,1,2,1,1,1,1,1,1,1,0,1,1,1,0,1,1,0,1,0,0,1,0,1,1,1,0,1,1,2,1,2,2,1,0,2,2,2,2,0,1,1,1,2,0,1,2,0,0,1,0,0,1,0,1,0,2,1,2,0,0,1,0,2,0,0,1,1,0,1,1,1,0,1,0,1,2,0,0,2,1,1,1,0,1,0,0,1,1,1,0,1,1,1,2,1,1
chr4:9399911,rs431,T/G,0,1,0,1,1,1,1,0,0,0,1,1,1,2,0,1,0,0,0,1,1,1,1,0,0,2,0,1,0,0,0,0,0,0,2,0,1,1,0,0,1,0,1,1,1,1,0,1,0,0,0,0,1,1,0,0,0,0,1,1,1,0,0,1,1,1,1,1,1,1,1,1,0,2,2,0,1,1,0,0,1,0,1,1,1,1,1,0,0,1,1,0,1,0,0,0,0,1,1,1,0,1,2,0,0,1,1,1,1,0,1,1,0,0,1,1,0,2,0,1,1,0,0,1,0,1,1,0,1,1,0,1,0,0,1,2,1,0,1,1,0,1,1,0,1,1,1,1,1,1,1,0,1,0,0,1,0,1,1,0,1,0,1,1,1,1,2,1,0,1,0,1,1,1,1,0,1,1,0,0,2,0,0,1,0,1,0,0,2,0,0,1,1,0,2,0,1,0,0,0
chr1:7026988,rs432,A/C,1,0,1,2,0,0,0,1,0,1,2,2,1,0,2,2,0,2,2,2,1,2,0,0,0,1,0,1,1,0,2,1,0,1,0,2,1,0,1,1,1,1,1,1,0,2,1,1,1,0,1,1,0,1,1,1,2,0,1,2,1,1,2,2,1,1,0,1,1,1,1,0,2,2,1,0,1,0,0,2,0,1,1,0,0,1,0,0,1,1,1,2,1,2,1,1,0,2,1,1,1,0,2,1,0,2,1,1,2,1,0,2,1,1,2,0,1,0,0,1,1,1,1,1,0,2,2,0,1,1,2,2,0,2,0,1,1,1,1,1,0,2,0,1,2,2,2,1,1,1,1,1,1,0,1,1,0,1,1,1,0,1,1,2,1,1,1,0,1,2,1,1,1,2,2,2,1,1,0,2,0,0,1,1,1,1,1,1,0,1,1,2,1,1,2,1,0,2,2,2
chr4:3366610,rs433,G/A,0,1,0,1,0,1,1,0,0,1,0,0,1,1,0,1,1,0,0,1,0,0,0,1,0,0,0,0,0,1,1,0,0,0,0,1,1,1,0,0,1,1,0,1,1,1,0,1,1,1,2,1,0,1,0,1,0,0,0,1,0,0,0,0,1,1,1,0,0,1,0,1,1,0,1,0,1,0,0,0,0,0,0,0,0,1,0,1,0,0,2,2,0,0,0,0,0,0,1,1,2,0,0,0,1,0,1,0,0,0,1,0,0,1,1,0,0,1,1,1,1,0,0,1,1,0,1,0,0,0,0,1,1,1,0,0,1,0,0,1,0,0,0,1,1,1,0,0,0,0,0,0,0,1,1,0,1,0,2,0,0,0,0,0,1,0,0,0,0,0,0,1,1,1,0,1,1,0,1,0,0,0,0,1,0,0,0,0,0,1,1,0,0,0,0,0,0,1,0,1
chr3:1458298,rs434,G/A,0,2,0,0,0,0,2,0,1,1,0,1,1,0,1,0,0,2,0,0,0,1,0,1,1,0,1,2,0,0,0,0,2,0,0,0,0,0,0,0,2,0,0,2,0,1,0,1,0,1,1,1,0,2,1,1,0,0,0,0,2,0,1,0,0,1,0,0,0,0,1,1,1,2,1,0,1,0,0,0,0,0,0,1,0,0,1,0,1,0,0,1,0,1,0,2,1,1,0,1,1,2,0,0,1,0,0,0,0,1,0,0,0,1,0,0,1,1,0,1,1,0,1,0,2,0,0,0,1,0,2,0,1,0,0,1,0,1,0,1,0,2,0,0,0,1,0,0,1,1,0,1,0,1,0,0,1,1,0,0,0,1,1,1,0,0,0,1,0,0,0,0,0,0,0,0,1,0,0,0,0,0,1,0,0,0,1,0,0,1,0,0,0,1,0,0,0,0,0,0
chr1:5620650,rs435,A/T,0,0,0,0,1,0,1,0,1,0,0,1,1,0,1,1,0,1,1,0,0,2,2,0,0,0,1,1,0,0,0,0,0,0,0,0,0,0,0,1,1,0,1,0,1,1,0,2,1,2,0,0,0,1,1,1,0,0,0,0,1,1,0,0,0,0,0,2,1,0,0,0,2,1,0,0,0,0,0,0,1,0,0,1,0,1,0,1,0,1,1,1,0,0,0,1,0,1,0,0,0,0,0,2,0,0,0,0,0,0,0,1,1,2,0,0,1,1,0,0,1,0,0,0,1,1,1,0,1,0,0,0,2,1,0,0,1,0,0,0,0,1,0,0,0,0,1,1,0,0,0,1,0,0,0,1,0,1,1,0,1,1,1,1,1,1,0,0,1,0,0,1,0,1,0,1,0,0,0,0,0,1,1,0,0,0,0,1,1,0,0,1,0,0,1,0,0,1,0,0
chr1:2946793,rs436,G/C,0,0,1,1,1,0,0,0,1,1,0,0,2,0,1,2,0,1,1,1,0,1,0,0,0,0,0,2,0,1,0,0,0,0,1,1,1,0,0,0,1,0,0,1,0,0,0,0,0,1,1,0,1,0,2,0,1,0,0,1,0,1,0,0,0,1,1,0,0,1,1,1,1,1,0,1,1,1,2,0,1,1,2,0,0,0,1,0,0,1,0,1,0,0,1,0,0,1,2,2,2,2,1,1,0,0,0,1,0,0,1,1,0,0,1,1,1,1,0,1,0,0,1,0,0,1,1,0,1,1,0,0,1,1,0,1,1,1,1,0,0,0,1,1,1,2,1,0,0,0,0,0,0,1,0,0,0,0,0,1,0,0,1,1,1,1,1,0,1,1,0,0,2,2,1,0,1,1,1,0,2,0,0,0,0,0,2,1,0,1,0,1,0,2,0,1,0,2,1,0
chr3:8393979,rs437,C/A,0,1,0,0,0,1,2,1,0,1,0,1,0,1,0,0,0,0,0,1,0,0,0,0,1,0,0,0,0,0,0,1,1,1,0,1,0,0,0,1,0,0,0,0,1,1,0,0,0,0,0,0,0,0,0,0,0,0,1,1,0,2,0,0,1,0,0,1,0,1,1,1,0,0,1,0,1,0,2,0,0,0,0,1,0,0,0,0,0,1,0,0,0,0,0,1,1,0,0,0,2,0,1,0,0,0,0,0,1,1,0,0,0,1,1,1,2,0,1,0,1,0,1,0,2,0,0,1,0,0,0,0,0,1,0,1,0,0,0,2,0,0,0,1,1,1,1,0,0,0,1,0,0,0,1,0,0,0,0,1,1,0,1,0,0,0,0,2,0,0,0,0,0,0,0,0,0,0,0,0,0,1,1,1,0,1,0,1,0,0,0,0,0,1,0,0,0,0,0,0
chr3:2622572,rs438,T/A,0,1,0,0,1,0,0,0,0,0,1,0,0,1,1,0,0,0,0,1,0,0,0,0,0,0,1,0,1,0,1,0,0,0,0,0,1,0,0,2,0,0,0,0,0,0,0,0,0,1,0,0,0,0,0,0,0,0,0,0,0,0,0,0,0,0,1,0,0,1,1,1,1,0,0,0,0,0,0,0,0,0,0,1,1,0,0,0,0,0,0,0,0,0,0,0,0,0,1,1,0,1,0,0,1,0,0,0,1,1,0,0,0,1,1,0,1,0,0,1,0,0,0,0,0,0,0,0,0,1,0,1,0,0,0,0,0,0,0,0,0,0,0,0,0,0,0,0,0,1,0,1,1,1,0,1,2,0,1,1,0,0,0,0,0,0,0,0,0,0,0,0,0,1,0,1,0,0,0,0,0,0,0,0,0,0,0,1,0,0,0,0,0,0,0,0,0,1,0,1
chr3:1709662,rs439,C/T,2,2,1,1,1,1,1,1,1,1,1,2,0,1,0,0,0,0,1,0,0,1,0,0,0,0,0,1,0,0,0,0,0,0,1,0,2,0,1,0,0,0,0,1,0,0,1,0,0,0,2,0,1,0,0,1,0,0,1,1,0,0,0,2,0,0,1,0,1,1,0,0,0,0,0,1,0,1,1,1,0,0,1,0,0,1,0,0,0,1,1,0,0,1,0,1,0,0,0,1,0,0,0,0,0,0,0,1,0,0,0,1,1,0,0,1,0,1,0,1,0,0,0,0,0,1,0,0,0,0,1,0,1,0,0,0,0,0,1,0,0,0,1,0,0,0,0,0,1,0,0,1,0,0,0,1,1,1,0,0,1,1,1,0,0,0,0,0,0,1,0,2,0,1,0,0,1,0,0,0,0,1,0,0,1,0,1,0,0,0,0,0,1,0,0,0,1,0,1,1
chr2:9859060,rs440,T/G,0,1,0,0,1,0,0,0,1,0,0,1,0,0,1,0,0,1,0,2,0,0,2,0,0,1,0,0,0,0,0,0,0,0,0,1,0,0,1,1,1,1,1,1,0,0,0,0,0,1,0,1,0,0,0,0,1,2,0,0,0,0,1,2,0,0,0,1,1,1,0,0,1,1,1,0,0,0,0,0,0,1,1,0,0,2,0,0,0,0,0,0,0,0,0,0,0,1,0,0,0,0,0,0,0,2,1,1,0,1,1,0,0,0,0,0,0,0,1,1,0,1,1,0,1,0,1,1,0,0,0,0,1,1,0,1,0,0,0,0,0,1,0,0,0,1,1,0,1,0,0,0,0,1,1,0,1,0,1,0,0,0,0,0,0,0,0,0,1,1,0,0,1,1,0,0,0,1,0,0,0,1,0,0,0,2,0,1,0,1,0,0,0,0,0,0,1,0,0,1
chr3:5810833,rs441,G/T,0,2,0,0,1,0,2,0,1,0,0,0,1,0,1,0,0,0,0,1,0,0,0,0,1,0,0,1,0,1,0,0,0,0,1,0,0,0,0,0,0,0,0,0,0,0,0,0,0,1,1,1,1,0,0,0,1,0,0,0,0,0,0,0,1,1,0,0,0,1,0,0,0,1,1,0,0,0,0,0,0,0,0,0,1,0,0,0,0,0,0,0,0,0,1,0,0,0,0,0,0,1,0,0,0,1,1,0,1,0,0,0,1,1,0,1,0,0,1,0,0,0,0,0,0,0,1,0,1,1,0,0,1,0,0,0,0,0,0,0,1,0,1,0,0,0,0,0,1,0,0,1,0,0,1,0,0,0,1,0,0,0,0,0,0,1,0,1,1,0,0,0,0,0,1,0,1,0,0,0,0,0,0,0,1,0,0,0,1,1,0,0,0,0,0,0,1,0,1,0
chr2:4761675,rs442,C/T,0,0,1,0,0,1,1,1,0,0,0,0,0,0,0,0,0,0,0,1,0,1,2,0,0,0,0,1,1,1,1,1,0,0,0,0,1,0,0,0,2,1,2,2,1,0,0,0,1,1,0,0,0,0,0,0,0,1,0,0,1,1,1,0,0,0,0,0,1,0,1,0,2,1,1,2,0,1,1,1,0,1,1,1,1,0,1,0,1,1,2,0,0,1,0,0,2,1,1,1,1,1,1,1,2,1,0,0,1,0,0,1,0,0,1,0,1,0,0,1,1,2,0,1,1,1,2,0,1,1,0,0,0,0,1,1,1,1,0,0,0,1,1,0,0,0,1,0,0,1,0,1,1,1,1,0,1,1,0,0,0,0,0,1,1,0,0,1,1,0,0,1,0,1,1,1,2,0,0,0,0,0,0,0,1,0,1,0,0,2,0,1,1,0,0,0,1,1,1,1
chr4:9877580,rs443,T/G,1,1,1,0,1,0,2,2,2,0,1,1,0,1,1,1,0,2,1,2,0,1,1,0,0,1,1,1,1,0,2,0,1,0,0,2,1,0,0,1,1,0,1,0,0,0,0,1,0,0,0,1,0,1,0,0,1,1,1,1,1,0,1,0,1,1,1,1,1,0,1,0,1,0,0,0,0,1,0,1,2,1,0,1,1,2,1,0,0,1,1,0,0,1,1,0,1,0,1,1,0,0,1,1,0,0,1,0,1,1,1,0,0,1,0,0,0,1,0,0,1,1,0,0,0,0,0,2,0,0,0,1,1,0,1,0,0,1,0,0,1,1,2,0,0,0,0,0,1,0,0,2,0,0,0,2,1,0,0,0,0,0,0,0,2,1,0,1,2,1,0,0,1,1,0,0,1,1,0,2,0,0,0,0,0,1,1,0,1,0,2,0,0,0,1,1,1,0,0,1
chr1:6371112,rs444,A/G,0,1,2,0,2,1,0,1,1,1,1,0,1,1,0,1,1,0,0,0,0,1,0,1,1,0,1,1,1,1,1,1,0,1,1,1,1,0,0,0,0,1,1,0,0,2,0,0,1,0,2,1,0,0,0,0,0,1,0,0,1,0,0,1,0,0,0,1,1,0,1,1,0,1,0,0,1,1,1,1,0,0,2,0,1,2,0,2,1,2,0,1,2,0,0,0,2,0,0,1,1,1,1,1,0,2,0,2,0,0,1,1,0,0,1,2,0,0,1,0,0,1,1,0,2,1,1,1,2,1,0,0,1,0,1,0,1,0,0,0,0,1,1,1,0,1,0,1,0,1,1,0,2,0,1,0,0,1,0,1,1,2,2,1,1,0,0,1,0,0,0,0,1,0,1,0,0,0,1,1,0,0,1,1,0,1,0,0,1,2,1,0,2,1,1,1,1,1,1,2
chr2:6124795,rs445,G/A,0,0,1,0,1,0,1,0,1,0,2,1,1,0,1,0,0,1,0,0,0,1,0,1,0,0,0,0,0,0,0,0,0,2,1,0,0,0,0,1,0,0,1,1,1,0,1,1,0,0,1,0,0,0,1,0,0,1,1,1,1,1,0,0,0,0,0,0,0,0,0,1,0,1,1,0,1,1,0,0,0,0,1,0,1,1,1,1,0,0,2,2,0,1,0,0,1,0,1,0,1,0,1,0,1,1,0,2,0,1,1,0,1,0,0,0,0,1,0,0,1,2,1,0,0,1,1,1,0,0,0,0,1,1,2,1,1,0,1,0,0,1,0,0,0,0,0,1,1,1,1,1,0,1,0,0,1,1,0,0,1,1,1,0,1,0,1,0,0,1,0,0,0,0,0,1,0,0,1,1,0,1,0,1,1,0,0,0,1,0,0,0,2,1,0,0,1,0,0,0
chr3:7493509,rs446,C/T,0,0,0,0,0,0,0,0,0,0,0,0,0,0,1,0,0,1,1,0,0,0,0,1,0,1,0,0,0,1,0,0,1,1,1,0,0,0,1,0,0,0,1,1,0,0,0,0,0,0,0,0,1,0,1,0,0,1,1,1,0,1,0,0,0,0,1,0,0,0,0,0,0,0,0,0,0,1,0,0,0,0,0,2,0,1,0,0,0,1,0,0,0,0,0,0,0,0,1,0,1,1,0,0,0,0,0,0,0,1,1,1,1,1,0,1,0,1,0,1,2,1,1,0,1,0,0,0,0,1,0,0,0,0,0,0,0,1,1,0,0,0,1,1,0,0,1,0,0,1,1,0,1,0,0,0,0,1,0,1,1,0,0,1,0,0,0,0,0,1,0,0,1,2,0,0,0,0,0,0,0,0,1,0,0,0,0,0,1,1,0,0,1,1,0,1,0,0,0,1
chr3:9824031,rs447,T/G,2,1,2,1,0,0,2,1,1,0,1,0,2,0,1,0,2,1,1,1,1,0,2,1,1,2,2,0,2,0,1,0,2,0,0,1,1,1,1,0,1,1,0,1,1,1,0,1,0,1,1,0,1,2,2,2,2,0,1,1,0,1,0,2,2,1,1,1,2,2,0,1,1,0,2,1,1,1,1,1,1,2,1,1,2,1,2,0,0,2,0,1,1,1,2,1,2,2,2,2,1,1,1,2,2,1,1,0,0,1,0,1,1,2,2,0,0,0,1,2,1,2,1,1,1,2,1,0,0,1,1,0,1,1,1,2,2,0,1,1,2,1,1,1,0,1,1,1,2,1,1,1,1,1,0,1,2,0,1,0,1,0,0,0,1,1,1,0,2,2,1,2,2,1,1,1,1,2,1,1,0,1,0,1,1,2,1,0,1,1,1,0,0,0,0,2,0,1,1,0
chr4:5068316,rs448,T/C,1,1,1,0,0,0,0,1,0,0,0,0,0,1,0,1,0,0,0,0,0,0,0,1,0,1,0,1,0,0,1,1,1,1,0,0,0,0,0,0,0,1,0,0,1,0,1,0,0,1,0,0,0,1,0,0,0,1,0,0,0,0,1,2,1,0,0,1,2,0,0,0,0,0,0,0,0,1,0,0,0,0,0,1,0,0,0,0,0,0,0,1,0,0,0,0,0,1,0,0,0,0,0,0,1,0,0,0,0,0,0,0,0,1,0,1,1,0,0,0,0,0,0,0,0,1,0,1,0,1,0,1,0,0,0,0,0,0,1,0,0,0,0,1,0,0,0,0,0,0,0,1,1,0,0,2,0,0,0,0,0,1,0,0,0,2,0,0,0,0,0,0,0,0,0,0,1,0,0,0,2,0,0,0,0,0,0,0,0,0,0,0,1,1,0,0,0,0,0,0
chr4:1783066,rs449,G/A,2,0,1,0,1,1,2,1,1,1,1,0,0,1,2,2,1,0,1,0,1,1,2,1,0,2,1,1,1,2,1,2,0,2,1,1,2,0,1,2,2,0,0,1,1,1,1,1,0,1,1,1,0,1,2,1,1,0,1,1,1,1,1,1,0,1,0,0,0,1,1,1,1,1,1,1,1,2,1,1,0,1,1,1,1,1,1,2,1,2,1,1,1,1,1,2,2,1,0,1,0,2,2,1,2,2,2,1,1,0,0,1,0,1,1,0,2,2,1,2,1,2,2,0,1,1,1,1,0,1,1,2,1,1,0,1,1,2,0,0,1,2,0,0,2,0,1,0,0,0,1,1,0,0,2,1,1,0,0,1,1,1,1,1,1,0,1,0,1,0,1,1,1,1,2,1,0,1,0,1,1,1,1,1,1,0,1,1,1,0,2,0,1,0,2,1,0,1,0,0
chr4:5055957,rs450,A/C,1,0,1,1,0,1,0,1,1,0,1,0,0,2,1,0,0,0,1,1,1,1,0,0,0,0,0,0,0,1,1,1,1,1,0,1,1,1,1,2,1,2,1,0,1,2,1,2,0,0,0,0,0,1,1,0,0,1,1,0,0,0,0,1,1,1,1,0,0,0,0,1,0,1,0,0,0,0,0,1,0,1,0,2,0,0,1,1,0,0,1,0,1,0,0,1,1,1,2,2,0,0,0,1,0,0,1,2,0,0,0,0,2,0,1,0,0,0,0,0,0,1,0,0,0,1,0,1,0,0,1,1,0,0,1,0,0,1,2,1,1,0,1,1,0,1,1,0,1,0,1,0,1,0,1,0,0,1,0,1,1,1,1,1,0,0,1,2,1,1,1,1,0,1,1,2,0,0,0,1,1,1,1,0,0,1,0,1,0,1,0,1,0,0,0,0,1,1,2,1
chr2:3042999,rs451,C/T,1,2,0,1,2,0,0,1,1,0,1,1,1,0,0,1,1,1,0,0,0,1,1,0,1,0,1,2,1,1,0,0,0,1,0,1,1,1,1,0,2,0,1,2,1,1,1,1,2,2,0,0,1,2,1,0,2,1,1,0,0,1,1,0,0,1,1,2,2,0,0,1,0,0,1,1,1,0,1,1,1,0,0,1,0,0,1,1,0,1,0,0,1,1,1,0,1,0,0,0,2,2,1,1,0,1,1,1,0,0,1,1,0,1,0,0,0,1,1,2,1,1,0,0,1,1,0,0,1,0,1,2,2,0,0,0,0,0,0,0,1,1,1,1,0,1,2,1,0,1,2,2,0,0,2,0,0,1,1,2,1,1,0,2,1,1,1,1,1,0,1,1,1,2,1,1,1,1,0,1,0,0,0,0,1,1,1,2,0,0,2,1,1,1,0,1,1,0,2,0
chr2:9019213,rs452,G/C,0,0,1,0,1,0,1,0,0,0,0,0,0,1,1,0,0,0,0,0,1,0,0,1,0,0,0,1,0,0,0,0,0,0,0,1,0,0,0,0,1,0,1,1,0,0,0,1,0,0,0,0,0,0,0,0,0,0,0,0,0,0,1,0,0,0,0,0,0,0,0,0,0,0,0,0,0,0,0,1,0,0,0,0,0,0,1,0,0,0,0,0,0,0,0,0,0,0,0,1,0,0,0,0,0,0,0,0,0,1,0,0,1,0,0,0,0,0,0,0,0,0,0,0,0,0,1,0,0,1,0,0,0,0,1,0,0,0,0,1,0,1,0,0,0,0,0,0,0,0,1,0,0,0,0,1,0,0,0,1,0,0,0,1,0,1,0,0,0,0,0,0,1,0,0,1,0,0,0,0,0,0,1,0,0,0,0,0,0,0,1,0,0,1,0,0,0,0,0,0
chr1:3773707,rs453,G/C,0,0,0,0,1,0,0,1,1,1,1,0,0,0,0,0,1,0,0,1,1,0,0,1,0,0,0,2,0,1,1,1,1,1,0,0,0,0,1,1,0,1,0,0,2,0,0,0,2,0,1,1,2,1,1,1,0,1,1,1,0,2,1,0,1,0,2,1,0,1,1,1,0,0,0,0,1,0,0,1,1,0,2,1,0,2,1,0,0,1,2,0,1,0,1,2,0,0,0,0,0,1,0,1,0,0,0,0,0,1,2,1,0,0,1,0,0,0,2,1,1,1,1,1,1,0,0,1,1,1,0,0,0,0,1,0,1,0,0,1,1,2,0,1,0,0,1,2,0,0,2,1,0,1,1,1,1,1,0,0,1,0,1,0,0,2,0,1,1,0,1,1,1,1,0,1,0,0,0,1,1,1,1,2,2,0,0,0,1,0,2,1,0,0,0,1,2,1,1,0
chr3:3773939,rs454,A/G,0,2,1,1,1,0,2,2,0,0,1,1,0,1,1,2,1,0,2,0,2,1,1,2,1,2,2,1,1,0,0,1,1,0,2,2,1,2,0,0,2,1,1,2,0,1,1,2,1,1,2,1,1,1,1,2,0,2,1,0,1,0,0,1,0,1,2,1,1,0,1,2,1,0,1,0,1,1,2,1,1,0,0,0,0,1,2,1,1,1,0,0,0,1,0,1,2,0,2,1,1,0,0,0,0,2,1,0,0,1,1,2,1,1,0,0,2,2,2,1,1,1,1,1,1,1,1,1,1,0,1,1,2,1,1,0,1,1,2,1,1,0,1,1,0,2,1,2,1,1,1,0,1,1,1,1,1,1,0,0,1,1,0,1,1,1,0,2,1,1,1,1,1,1,2,2,0,1,1,0,2,0,2,1,1,1,1,1,2,1,1,2,2,0,1,2,1,1,0,2
chr1:6155872,rs455,T/G,0,2,1,0,0,2,1,0,1,1,0,0,1,1,1,2,2,1,0,0,1,0,0,1,2,0,0,2,0,1,1,0,1,2,1,0,1,0,0,1,0,0,0,0,0,0,1,1,0,1,1,2,0,1,0,0,0,1,0,0,1,1,1,1,1,0,0,1,0,0,1,0,0,1,1,0,0,1,0,0,0,1,0,0,0,1,1,0,1,0,1,1,1,1,0,0,0,0,0,1,1,0,1,1,0,1,1,1,0,0,1,0,1,0,1,1,2,1,1,0,0,0,1,1,0,1,0,1,1,0,0,0,2,1,0,1,0,0,2,0,1,2,1,2,0,2,0,1,1,1,1,0,2,0,1,2,0,1,0,1,1,0,2,1,0,1,0,1,1,0,0,1,1,0,1,1,0,1,0,1,0,1,1,1,1,1,0,0,1,1,1,0,1,0,1,1,0,1,1,0
chr3:4763122,rs456,C/T,1,0,0,1,1,1,0,1,0,1,0,0,0,1,0,0,0,1,1,0,0,1,1,0,0,0,0,1,0,2,0,0,0,0,2,1,0,1,1,0,0,0,0,0,0,0,2,0,1,1,1,0,1,0,2,0,0,1,1,1,1,1,0,1,0,0,0,1,0,1,1,0,1,1,1,0,1,0,1,0,0,0,1,2,0,1,0,0,0,1,0,0,1,0,0,1,2,0,2,0,0,2,1,0,0,0,0,0,0,0,1,1,0,0,2,1,1,0,0,0,1,2,1,0,0,0,0,0,0,0,2,1,0,1,0,0,0,2,1,1,0,2,0,0,1,1,1,2,0,1,1,0,1,1,0,1,2,2,0,1,0,0,1,0,0,0,1,0,0,0,0,0,1,1,0,0,0,1,0,0,1,1,0,0,1,0,0,1,0,1,0,1,0,1,0,1,0,0,1,1
chr3:3534937,rs457,T/C,0,0,1,2,0,0,0,0,0,0,0,0,0,1,1,0,0,0,1,0,0,0,0,0,1,0,0,0,0,0,1,0,2,0,1,0,0,2,0,0,1,1,1,1,0,0,1,1,1,0,0,0,1,0,0,0,0,0,0,0,0,0,0,0,0,0,0,0,0,0,0,1,1,0,0,0,1,1,0,1,0,0,0,0,1,0,0,2,0,1,0,1,0,0,1,1,0,1,0,0,0,1,0,0,1,2,0,1,1,0,0,1,0,1,1,0,1,1,0,0,0,0,0,0,0,0,0,0,0,1,1,0,0,0,0,0,1,1,0,0,1,0,1,0,0,0,0,1,0,1,1,1,0,0,0,0,0,1,0,0,0,0,0,0,1,1,1,0,0,0,1,0,0,0,0,0,0,0,1,0,1,0,0,1,0,0,1,0,1,0,0,1,1,0,1,0,0,0,0,0
chr2:5427036,rs458,G/A,1,1,1,0,0,1,0,0,1,0,0,1,1,2,0,0,0,0,2,0,1,2,1,0,1,0,1,0,0,1,0,1,0,0,0,0,1,1,0,0,0,0,1,0,1,0,1,1,1,1,1,0,1,0,0,0,1,1,1,2,1,0,0,0,0,0,0,0,1,0,0,1,2,1,0,0,1,0,1,0,0,1,1,1,1,0,2,1,0,1,0,0,1,0,2,0,1,0,1,1,0,0,0,1,1,1,1,0,0,0,0,0,1,1,0,0,0,0,0,1,1,0,0,0,0,1,0,1,0,2,1,0,0,1,1,0,0,1,1,0,1,1,0,0,0,0,0,0,0,0,0,0,0,0,0,0,1,0,0,0,0,1,0,0,0,0,1,0,0,1,0,0,0,0,1,1,0,0,2,0,0,0,0,0,0,1,0,2,0,0,0,0,0,0,0,0,1,1,1,1
chr3:8906166,rs459,A/T,0,0,1,0,0,0,0,1,1,2,0,0,1,0,0,1,0,0,0,0,1,0,1,2,1,0,1,1,0,0,1,1,1,0,0,0,1,0,0,0,2,1,0,0,1,0,0,2,1,2,0,0,1,1,0,0,0,1,0,0,1,0,1,0,0,0,2,0,1,2,0,0,2,1,1,1,0,0,1,1,1,1,0,0,0,0,1,0,0,1,1,0,1,1,0,0,1,1,0,1,1,0,2,1,0,2,0,1,1,1,1,0,0,0,2,0,0,0,1,0,0,0,1,0,1,0,1,1,2,1,1,0,2,0,1,0,1,1,0,0,1,1,1,0,1,2,2,0,1,1,1,0,1,0,1,1,1,0,0,1,1,0,0,1,1,2,1,1,0,1,1,1,0,0,1,1,0,0,2,0,1,1,1,0,1,0,0,0,0,0,0,0,0,1,0,1,1,1,1,1
chr3:9674163,rs460,G/T,0,1,0,0,0,1,1,0,0,1,0,0,1,0,1,0,0,0,0,1,0,2,0,0,1,1,1,0,1,1,1,0,0,1,1,1,1,0,0,0,0,0,1,0,1,0,0,0,0,0,0,0,0,1,0,1,0,2,1,1,0,1,1,0,0,0,0,0,1,0,1,0,1,1,1,1,1,0,1,0,0,0,0,0,0,0,1,1,0,0,2,1,0,0,2,0,0,0,0,1,1,0,2,0,0,1,0,1,1,1,0,2,1,0,0,0,1,0,0,1,1,1,0,0,0,0,1,0,0,0,1,1,0,1,1,0,1,2,0,0,0,0,0,0,0,0,0,0,0,0,1,0,0,0,1,1,1,2,0,0,1,1,1,0,0,1,0,0,1,2,1,1,0,1,1,0,0,0,0,0,2,1,0,2,0,0,1,1,1,1,0,0,2,0,0,1,1,0,0,0
chr3:4486669,rs461,G/T,1,0,1,0,0,0,0,1,0,0,0,1,0,0,0,0,0,0,0,1,2,0,1,0,0,0,1,0,1,1,0,1,0,1,0,0,1,1,1,0,0,1,0,0,1,0,1,0,0,1,0,1,0,0,1,1,0,0,0,0,0,0,0,0,0,0,1,0,0,1,2,0,1,0,0,0,1,1,0,0,0,2,1,0,0,0,0,2,2,0,0,0,0,1,1,1,2,1,0,1,0,0,1,0,0,1,0,1,1,0,0,0,1,1,0,1,0,1,0,0,1,0,0,0,1,0,0,0,0,0,0,2,1,0,1,1,0,0,1,0,0,0,0,0,0,1,1,0,0,2,0,2,0,0,1,0,0,0,0,0,0,0,0,1,0,0,0,0,0,0,1,1,0,1,0,0,0,2,0,0,0,0,1,0,0,2,0,1,2,1,0,0,0,1,0,0,0,1,0,0
chr3:4722946,rs462,A/C,0,2,1,0,0,1,1,0,1,0,0,1,0,1,0,2,0,0,1,1,0,1,1,0,0,1,1,1,0,1,1,1,2,1,1,1,0,0,1,0,2,1,2,0,1,1,0,0,2,2,0,0,1,0,2,0,0,0,1,2,0,1,2,1,0,1,0,1,1,1,0,1,1,0,0,0,2,2,0,1,1,2,0,1,0,1,1,0,1,1,0,0,1,1,1,0,0,1,1,0,1,0,1,0,0,1,1,0,0,0,1,0,0,0,2,0,1,1,1,1,1,0,0,0,1,1,1,2,1,0,0,0,1,0,1,1,0,0,1,1,1,0,0,1,1,2,0,0,0,1,1,0,0,1,1,1,1,0,0,1,1,0,1,0,1,0,0,0,0,0,0,0,2,1,0,1,0,1,0,0,2,0,0,0,0,1,2,0,0,1,0,1,0,1,1,0,0,0,0,1
chr4:1224695,rs463,G/A,1,2,1,0,1,1,0,1,2,2,1,1,0,0,1,1,1,1,1,2,1,2,0,2,1,1,0,0,0,1,1,1,1,1,2,1,1,1,2,1,1,1,0,1,1,1,0,1,2,0,1,2,0,2,0,2,1,1,0,0,2,2,0,1,0,2,2,0,1,2,0,2,0,0,0,1,0,0,1,1,2,1,0,0,1,2,2,1,1,0,1,0,2,1,1,0,1,0,0,1,2,1,0,1,0,1,0,1,2,1,1,2,1,2,1,0,2,1,0,1,0,1,1,1,1,1,1,1,1,0,1,0,2,1,2,0,1,0,1,1,1,1,1,1,0,1,1,1,0,0,2,2,1,0,1,1,2,1,2,1,1,1,1,0,2,2,1,0,2,1,1,0,1,1,1,1,1,0,2,1,1,1,2,0,2,1,0,1,1,1,1,2,1,1,0,0,1,0,0,2
chr1:8552975,rs464,A/G,0,0,0,0,1,0,0,0,1,0,0,0,0,0,0,0,0,1,1,1,0,0,0,0,0,0,0,0,0,1,0,0,0,0,0,0,0,0,0,1,1,0,0,1,0,0,1,1,0,0,1,0,0,0,1,0,0,1,0,0,0,0,0,0,0,0,0,0,1,0,0,0,1,1,0,0,0,1,0,0,1,0,0,1,0,0,0,0,0,0,1,0,0,0,0,0,0,1,0,0,0,0,0,0,0,1,0,0,0,0,0,0,0,0,0,1,0,0,0,1,1,0,1,0,0,1,0,0,1,0,0,0,0,0,0,1,0,0,0,0,0,0,0,0,0,0,0,1,0,0,0,0,0,1,0,0,0,1,0,0,0,0,0,0,0,0,0,1,0,1,0,0,0,0,0,0,0,0,0,0,0,0,1,1,0,0,0,0,0,0,1,0,0,0,0,0,0,0,0,0
chr4:4340216,rs465,A/G,0,0,0,1,2,0,0,0,0,0,0,0,0,0,1,0,0,2,0,0,0,1,0,0,1,0,0,0,0,0,0,1,0,1,0,0,0,0,0,0,0,0,0,1,0,0,0,0,0,0,0,0,1,0,1,0,0,0,0,0,0,0,0,0,1,0,0,0,0,0,0,1,1,0,0,1,1,0,0,0,0,0,0,0,0,0,1,0,0,0,1,1,0,0,1,1,0,1,0,0,0,1,0,0,0,1,1,1,0,1,1,0,0,0,0,0,0,0,0,1,0,1,1,0,0,1,0,0,0,0,1,0,0,0,0,0,0,0,0,0,0,0,1,1,0,0,0,0,1,0,0,0,1,1,0,1,0,1,0,0,0,1,1,0,0,1,1,0,0,0,0,1,0,0,0,0,1,1,0,0,1,0,0,0,1,0,0,0,0,0,1,1,0,1,0,0,0,0,1,0
chr3:2847865,rs466,G/T,2,1,1,1,2,0,1,1,0,1,1,1,1,0,0,1,1,2,1,1,1,2,2,0,1,2,1,1,2,0,0,2,1,0,1,2,0,0,1,0,2,1,1,0,1,0,2,1,1,1,1,1,0,0,0,2,1,0,1,0,2,0,1,2,0,0,1,2,2,1,2,1,1,1,1,1,2,1,2,1,1,1,1,0,2,2,2,1,1,0,0,0,1,0,2,2,1,1,0,2,2,0,0,2,2,2,1,1,2,1,1,1,0,2,2,1,1,1,1,0,1,0,1,1,1,1,2,0,2,2,1,0,2,1,2,1,2,0,1,1,2,2,1,0,2,1,2,2,1,1,2,0,2,0,0,2,2,0,2,1,1,1,1,1,1,2,2,1,1,1,2,0,1,0,0,1,2,1,1,2,0,1,0,0,1,1,0,1,2,1,1,0,1,0,2,0,2,1,2,1
chr3:5897954,rs467,G/A,0,0,0,0,0,0,0,0,0,1,0,0,0,2,0,1,1,0,0,1,0,1,0,1,1,0,0,0,0,0,1,0,1,0,0,0,1,0,0,0,0,0,0,1,2,2,0,0,0,0,1,1,0,0,1,0,0,1,0,0,0,0,0,1,0,0,0,0,1,0,1,1,0,0,1,0,0,1,0,0,0,1,1,2,0,0,0,0,0,1,0,0,2,0,0,0,1,1,0,0,0,0,1,2,0,0,0,0,1,0,0,0,0,1,0,0,0,0,1,0,0,0,0,0,0,1,0,0,1,0,0,0,0,1,0,0,2,0,0,1,0,0,0,1,0,0,0,1,0,0,0,0,0,1,0,0,0,1,0,0,0,1,0,0,0,0,0,0,0,0,0,0,0,1,1,1,0,1,0,1,1,0,1,0,0,0,0,0,0,0,1,0,1,0,0,0,0,0,0,0
chr1:1344855,rs468,G/T,1,1,0,1,1,2,0,0,1,0,1,1,0,2,1,0,0,1,2,0,1,2,1,1,1,1,2,2,0,0,0,1,1,2,1,2,2,2,0,1,0,1,2,1,0,0,2,1,1,1,1,2,1,1,2,1,0,1,1,0,0,0,1,0,2,1,2,1,2,2,0,0,1,1,1,0,1,0,0,2,0,1,0,1,2,1,1,0,2,0,2,1,1,2,1,0,1,1,1,0,0,1,1,2,2,2,1,1,1,2,2,1,1,2,2,2,2,1,1,1,1,2,0,1,1,2,1,0,1,1,2,2,0,0,2,1,0,2,2,1,0,0,1,0,2,0,0,1,1,0,2,2,1,0,1,2,2,1,0,2,1,1,0,0,1,0,1,1,2,0,2,0,2,1,1,1,1,1,2,2,0,1,1,2,2,1,0,1,1,1,1,1,1,2,2,0,1,1,1,0
chr3:3377935,rs469,C/T,1,0,1,1,2,1,0,0,0,0,1,0,0,0,0,0,0,1,1,0,1,0,0,1,2,0,1,1,1,0,0,0,0,0,0,0,0,0,0,0,2,0,1,0,0,1,0,0,0,1,0,0,0,2,1,0,0,1,0,0,0,0,1,1,1,1,1,1,1,0,0,0,2,0,1,1,0,0,0,1,0,1,1,0,0,1,0,0,0,0,1,0,1,0,0,0,0,2,0,1,1,1,0,1,1,2,2,0,1,1,2,0,2,0,0,1,1,1,1,1,0,0,0,0,1,0,2,1,2,1,1,0,0,0,0,1,0,0,1,1,0,0,0,0,2,1,1,0,1,0,1,0,0,0,0,1,1,1,2,0,0,0,1,0,0,0,0,2,0,0,0,0,0,0,1,1,1,0,0,0,1,0,0,0,0,1,1,1,0,1,0,2,0,1,0,0,1,1,0,0
chr1:7166160,rs470,A/T,1,1,0,0,2,2,2,1,2,0,1,0,1,0,0,0,0,2,1,1,1,1,1,1,0,1,1,0,0,1,1,1,1,2,0,0,1,0,0,2,0,1,0,0,0,1,1,0,0,1,0,0,2,0,1,0,1,1,1,1,1,1,0,0,0,1,0,1,1,0,1,1,0,0,1,1,0,1,2,0,1,0,0,0,1,1,0,0,1,0,1,1,2,0,1,0,0,1,0,0,0,0,0,1,1,0,0,1,0,0,0,0,2,1,1,1,0,1,1,1,0,1,1,0,0,1,0,1,1,1,1,0,1,1,0,1,1,0,2,1,1,1,0,1,1,0,1,1,0,2,1,1,0,1,1,0,1,1,0,2,1,0,1,0,0,0,0,1,1,0,0,0,1,1,0,0,0,1,1,1,1,1,1,1,0,2,0,2,1,2,0,0,1,2,1,1,1,0,1,0
chr4:6972558,rs471,C/T,0,0,0,0,0,0,0,0,1,2,0,0,0,0,1,0,0,0,0,1,0,0,0,0,1,0,0,1,0,0,0,1,1,0,0,1,1,0,2,0,0,0,0,0,1,1,0,1,1,0,1,0,0,0,0,0,0,1,0,0,1,1,0,0,0,0,1,0,0,1,0,0,0,0,0,0,0,0,1,0,0,0,0,0,0,0,1,0,0,1,0,2,0,0,1,0,0,0,1,0,0,0,0,0,0,0,1,0,0,0,0,0,0,0,0,0,0,0,0,1,1,0,0,1,1,0,0,0,1,0,0,0,0,0,0,1,0,0,0,0,1,0,1,1,1,1,0,1,1,0,0,1,0,0,0,1,0,0,0,0,1,0,0,1,1,0,0,0,0,1,0,0,0,0,1,0,0,0,0,0,0,0,0,1,1,0,0,1,0,1,0,0,0,0,1,0,0,0,0,0
chr2:6241218,rs472,A/T,1,1,0,1,1,0,1,1,0,0,2,2,1,0,0,1,1,1,1,2,0,0,1,2,2,0,1,1,1,0,0,1,0,0,1,1,2,1,1,0,1,2,1,1,1,1,1,0,1,0,0,2,1,1,1,0,1,0,2,1,0,1,1,1,1,1,2,0,1,1,1,2,1,1,1,1,1,0,1,2,1,1,0,0,2,1,2,0,1,2,1,0,0,0,0,1,1,2,0,2,1,0,0,1,0,0,0,1,0,0,0,0,0,1,0,0,0,0,1,1,1,2,0,0,1,0,1,2,1,0,2,1,1,0,1,0,0,1,0,0,0,1,0,2,1,1,1,1,2,0,2,1,2,1,1,1,0,2,1,2,0,2,2,0,0,1,1,1,2,1,0,2,1,1,1,2,2,0,0,0,2,1,0,1,1,0,0,0,1,1,1,1,1,1,2,1,0,2,0,1
chr4:9010643,rs473,T/G,2,1,0,1,2,2,2,1,2,1,2,1,1,1,1,0,2,2,1,0,0,0,1,0,2,1,1,2,0,2,2,1,0,0,0,0,1,0,0,0,1,1,0,0,0,1,1,1,1,0,1,1,1,0,0,0,1,1,0,1,0,1,0,1,1,0,2,1,0,1,2,0,0,1,1,1,1,2,2,1,1,0,1,2,2,0,2,0,0,0,0,0,1,1,1,1,1,2,1,1,1,0,1,1,0,2,1,0,0,2,0,2,0,2,1,1,0,1,1,1,1,1,1,1,1,2,0,0,0,2,1,0,1,1,1,0,1,2,1,0,2,1,1,1,1,1,1,1,1,1,1,0,0,1,0,2,1,0,1,0,2,0,1,0,0,2,1,0,2,1,1,1,0,1,0,2,2,1,1,2,2,0,0,1,1,2,1,2,0,1,1,1,2,1,2,1,1,1,0,0
chr1:6290717,rs474,T/G,1,1,1,1,2,2,1,2,1,0,0,0,2,2,0,1,2,2,1,1,2,0,2,0,2,0,2,0,2,0,0,2,2,2,1,0,0,2,1,1,1,1,2,1,1,2,0,1,1,2,1,2,2,2,0,1,1,0,1,1,1,1,0,0,1,1,1,2,0,0,0,0,0,1,1,0,1,1,1,1,1,2,0,2,1,0,2,1,1,1,1,1,1,2,1,1,2,1,0,1,1,0,1,2,1,0,1,0,1,1,1,1,2,0,0,2,0,1,1,1,1,1,1,0,1,1,1,0,1,1,0,0,2,0,0,1,0,0,0,1,0,0,1,1,1,1,2,1,2,1,2,1,1,1,1,0,2,0,1,2,0,1,2,1,1,1,1,1,2,2,1,2,1,0,1,1,0,2,1,1,2,0,0,1,0,2,1,1,2,0,1,0,0,1,2,1,1,2,1,1
chr1:8892861,rs475,G/A,1,0,0,0,0,0,0,1,1,1,0,1,0,2,0,0,1,0,1,0,1,0,0,0,1,1,1,1,0,0,0,0,0,1,0,1,0,0,0,0,1,0,1,0,0,1,0,0,1,0,0,1,1,0,1,0,0,1,0,0,1,0,0,1,1,1,1,0,0,0,0,0,1,0,0,0,0,1,0,0,0,0,1,0,0,0,0,0,0,1,0,1,0,0,0,0,0,1,0,1,0,0,0,0,2,0,1,0,0,0,0,0,0,0,0,0,0,0,0,0,1,0,0,0,0,0,0,0,0,0,1,0,0,0,0,1,0,0,0,0,1,0,1,0,1,0,0,0,0,0,1,0,0,0,0,0,0,0,0,0,0,0,0,0,0,0,0,0,0,0,0,1,0,0,0,0,0,1,0,0,0,0,1,0,1,0,1,0,1,0,2,0,0,0,0,0,0,0,0,2
chr2:3874299,rs476,C/T,1,1,1,1,0,0,0,1,0,1,0,1,0,1,0,0,1,1,1,0,1,0,0,1,1,0,2,0,1,0,2,0,0,2,0,2,1,0,0,1,0,1,0,1,0,0,1,2,0,1,0,0,0,1,0,1,1,1,0,2,1,1,1,2,0,0,0,2,0,2,0,1,1,2,1,0,1,1,0,1,2,0,2,0,1,0,1,1,0,1,0,0,1,1,0,2,0,0,0,0,0,1,0,0,1,1,1,1,1,2,0,1,2,2,0,2,1,1,0,1,0,1,1,0,0,0,1,1,1,1,1,1,1,1,2,1,1,1,1,1,0,2,1,2,1,0,0,0,0,2,1,1,0,0,1,2,0,1,0,0,1,0,0,0,1,1,1,1,0,0,0,1,1,0,0,0,2,0,1,0,1,0,1,0,1,1,1,2,1,0,1,1,0,0,1,1,0,1,1,0
chr2:8330292,rs477,A/C,2,1,0,0,0,0,0,1,0,0,0,0,0,1,0,0,0,1,0,0,0,2,1,1,1,1,1,1,1,1,1,1,0,0,1,1,2,0,1,1,0,1,0,2,0,0,1,0,0,1,0,2,0,1,0,1,0,1,0,1,0,0,0,0,1,1,0,0,1,1,0,0,0,1,0,0,1,1,1,1,1,0,0,1,0,1,0,2,0,0,1,1,0,1,2,0,0,0,0,0,0,1,0,0,1,1,1,0,2,1,0,1,1,0,1,0,0,1,0,0,0,0,0,0,0,0,1,0,1,0,0,1,1,0,0,1,1,2,1,1,0,0,1,0,1,2,1,1,1,1,0,0,1,1,1,0,0,0,1,0,1,0,1,1,1,0,1,1,0,0,0,1,1,1,1,1,1,0,0,0,0,1,0,0,0,0,0,0,0,1,0,2,0,1,1,1,1,1,0,1
chr4:8594378,rs478,G/A,1,0,2,1,1,2,0,0,1,0,1,0,1,0,2,1,0,2,1,1,0,1,2,1,1,2,1,2,1,1,0,1,1,0,0,1,1,1,1,2,0,0,0,0,1,1,1,1,1,1,1,1,1,1,1,2,2,1,1,1,1,1,2,0,0,1,1,1,0,1,1,0,2,1,2,1,1,2,1,2,1,0,1,1,2,2,0,2,1,1,0,0,0,0,0,1,1,0,1,1,1,1,1,0,1,0,0,0,2,1,2,0,0,1,1,1,2,0,1,2,0,1,2,1,1,1,1,1,0,0,0,0,0,1,2,0,0,1,0,1,1,0,2,0,2,1,0,0,1,1,2,0,1,0,2,1,2,1,0,1,0,0,2,1,2,1,0,2,1,0,0,0,0,0,0,1,2,1,1,0,0,1,0,2,0,1,1,1,2,1,1,1,1,2,0,1,2,2,1,1
chr1:4303389,rs479,G/T,0,0,0,0,1,0,1,1,0,0,1,1,1,1,1,2,0,1,1,0,0,0,2,1,2,0,0,1,0,0,2,1,2,0,1,0,1,1,1,1,1,1,1,1,1,2,1,0,1,2,2,1,0,0,0,0,2,1,0,0,0,2,1,0,1,1,1,1,1,0,2,0,2,2,0,1,2,1,1,2,1,0,1,1,0,0,0,0,0,1,1,1,2,1,1,1,1,0,2,1,2,0,0,1,2,1,1,1,1,1,1,1,1,0,0,1,0,0,0,1,0,0,0,1,0,1,0,0,1,0,1,1,0,0,0,2,1,2,0,2,1,1,1,0,0,1,1,0,2,2,1,2,1,2,1,0,1,0,1,1,1,1,1,2,0,0,1,1,2,1,0,2,1,0,1,1,0,0,0,2,1,1,2,1,0,1,1,1,2,0,2,0,2,1,0,1,2,1,0,2
chr2:9777198,rs480,C/T,0,2,1,1,1,1,1,0,2,1,0,1,0,1,0,1,0,0,1,1,0,0,0,1,0,2,1,1,0,2,1,1,0,1,0,1,0,1,0,0,0,1,1,1,0,0,1,0,0,0,0,0,1,1,1,0,0,1,1,1,1,1,0,1,0,1,0,1,0,1,0,1,0,0,0,0,1,0,0,2,1,0,0,1,0,0,1,0,1,0,0,0,0,1,1,0,1,0,0,0,2,2,0,1,1,1,1,1,0,1,0,1,1,1,0,0,1,0,1,0,0,1,0,0,1,1,0,1,0,1,1,0,1,0,0,0,1,0,1,0,0,0,1,0,1,1,1,0,0,1,1,0,1,0,1,0,1,1,0,1,0,1,2,0,1,0,0,0,0,1,1,1,0,1,0,0,0,1,1,0,0,0,0,1,1,0,1,1,1,2,2,0,1,1,0,1,1,0,0,2
chr4:4151882,rs481,A/T,0,2,2,1,1,1,1,0,0,0,0,0,0,1,0,1,1,0,1,0,2,1,2,0,1,0,0,0,1,0,0,0,1,1,0,1,1,0,1,1,0,0,0,2,0,0,1,2,0,0,2,1,1,1,0,1,0,1,0,1,1,0,1,0,0,1,2,1,0,1,0,0,0,1,1,1,0,0,1,1,0,1,0,0,1,2,1,0,0,0,0,0,0,1,0,0,1,2,1,0,0,1,0,0,0,0,1,1,0,0,0,2,1,1,1,0,1,1,1,1,2,0,2,0,2,0,1,1,1,0,0,1,1,0,0,0,2,1,1,0,1,0,1,1,1,2,0,1,1,1,1,1,1,1,1,0,2,1,1,1,0,2,1,0,2,2,0,2,1,0,2,0,1,1,1,0,0,0,0,2,1,1,2,0,1,1,1,0,0,0,0,0,1,1,0,0,1,0,0,0
chr1:7737320,rs482,G/C,0,1,0,0,0,2,0,0,1,1,0,1,0,0,0,0,1,1,0,2,0,0,1,1,1,1,2,0,1,1,0,0,0,0,1,1,1,1,2,1,1,0,0,1,1,1,1,0,1,1,1,2,1,1,2,1,2,0,1,0,0,0,0,1,1,2,0,1,0,1,1,1,0,0,0,0,1,0,0,1,1,0,1,1,1,0,0,1,1,0,0,1,1,1,1,0,1,0,1,1,2,0,0,1,0,1,0,1,1,1,0,0,1,1,1,0,0,1,0,1,0,0,0,1,1,0,1,0,2,1,0,1,0,0,0,1,0,1,2,1,1,1,0,0,0,0,1,0,1,0,0,1,1,1,0,0,0,1,0,1,2,1,1,1,1,1,0,1,0,1,0,0,0,0,1,2,1,0,0,0,0,2,1,0,1,0,0,1,0,1,1,0,1,1,1,0,0,1,1,0
chr2:6973544,rs483,A/T,0,1,0,0,1,0,0,0,1,0,0,1,0,1,1,0,0,0,1,1,0,1,0,0,1,1,0,0,1,0,0,0,2,0,0,0,1,2,2,0,2,0,0,1,1,1,0,2,0,1,1,0,0,0,0,1,0,0,0,1,0,0,0,0,2,2,0,0,0,0,1,1,0,1,2,0,2,1,0,1,0,0,1,1,0,0,1,0,1,0,1,0,0,1,1,0,1,0,0,0,0,0,1,2,0,2,0,1,0,1,1,1,1,2,1,2,1,0,1,1,0,0,1,1,1,1,0,0,0,1,0,2,0,0,0,1,1,1,1,0,0,0,0,0,1,0,1,0,1,1,0,1,0,1,1,1,0,2,0,0,1,1,2,1,0,1,0,0,1,1,1,0,0,0,1,0,1,1,1,1,0,0,0,1,1,0,0,0,0,1,0,1,1,1,1,0,1,0,0,1
chr2:9033951,rs484,C/T,0,0,0,0,2,0,1,0,1,0,1,0,0,0,1,0,0,1,0,0,0,0,0,0,0,1,0,1,0,0,0,1,0,0,1,1,0,0,1,0,0,0,0,2,1,1,0,2,0,0,1,0,0,0,2,1,0,0,0,1,0,2,0,0,0,1,1,0,0,0,0,0,1,1,0,0,2,0,0,0,0,1,0,0,1,2,0,1,1,0,0,1,1,1,0,0,1,0,1,0,0,0,1,0,1,0,1,1,1,1,0,0,1,0,0,0,0,1,1,1,0,0,0,1,0,0,0,1,0,0,0,0,1,0,1,1,0,0,0,1,0,0,1,0,1,1,2,0,0,1,2,0,0,0,1,1,0,0,0,0,0,0,0,0,0,1,1,1,1,1,0,0,2,0,0,0,1,0,0,1,2,0,0,2,0,0,0,0,0,1,1,1,0,2,0,0,0,1,1,1
chr2:5530889,rs485,G/T,1,0,2,1,0,1,1,1,2,1,0,2,0,1,0,2,2,0,0,2,1,0,0,1,2,0,1,0,1,1,0,0,2,0,1,1,1,0,1,1,2,2,1,0,0,2,1,1,2,2,1,1,1,2,1,2,2,1,1,0,1,0,1,0,1,1,1,1,1,1,1,2,1,1,0,1,0,1,0,1,2,1,2,0,1,0,0,1,0,0,1,0,2,1,1,1,1,1,1,2,2,2,2,1,1,1,1,2,0,2,2,0,1,2,2,0,2,0,0,0,1,2,0,1,0,1,2,1,1,0,0,2,2,0,1,1,1,1,1,0,2,0,1,1,0,2,0,2,2,2,2,1,1,1,0,1,0,2,2,0,1,1,1,0,0,1,1,0,1,2,2,1,1,1,0,0,1,1,0,1,1,0,1,0,0,1,1,1,1,1,1,1,1,0,1,0,0,1,0,1
chr4:9962049,rs486,A/T,2,1,0,1,0,1,1,0,1,1,0,1,1,1,1,1,1,1,1,1,0,1,2,1,2,1,0,1,1,2,1,1,0,1,1,2,0,1,0,0,0,2,1,0,0,1,0,0,0,1,2,1,2,1,0,2,0,1,1,1,1,0,2,0,2,2,1,1,2,0,1,0,0,0,1,0,1,0,1,1,1,1,1,0,2,0,1,0,1,0,0,2,0,1,0,1,0,1,0,0,0,0,1,1,1,1,0,0,1,0,0,1,1,1,0,0,2,1,2,0,1,0,1,1,1,2,0,1,0,0,0,0,1,0,0,1,1,0,1,1,1,0,2,2,1,0,1,1,0,0,0,1,0,1,0,0,1,0,1,2,1,0,2,1,1,0,0,0,1,0,0,1,0,1,2,0,1,0,1,1,0,1,0,1,2,0,0,0,1,1,1,0,2,1,2,1,2,1,2,1
chr1:3049949,rs487,A/T,0,2,0,1,0,2,0,2,1,2,1,1,0,0,0,0,1,0,0,1,0,0,0,1,1,2,2,0,1,1,2,1,1,1,0,0,0,0,1,1,2,1,0,1,0,0,0,1,2,1,0,0,2,1,1,1,2,1,1,0,2,0,1,1,2,0,1,2,1,1,1,1,0,1,0,1,1,1,1,1,0,1,0,1,0,0,1,1,1,1,0,0,0,1,1,1,1,1,0,1,0,1,1,1,1,1,1,0,0,0,0,1,2,1,1,0,0,0,1,1,0,0,0,0,1,0,0,0,1,0,0,0,0,1,0,1,1,0,1,2,0,1,1,1,0,1,0,2,1,0,2,2,0,1,2,1,1,1,0,1,1,0,1,1,0,2,0,1,0,0,1,0,0,0,0,0,2,0,1,0,2,0,0,1,1,1,1,1,0,1,1,0,0,1,0,0,1,1,0,1
chr4:8654502,rs488,T/C,0,0,0,0,0,1,1,0,0,0,2,1,0,0,0,1,0,0,0,0,0,1,0,1,0,1,0,0,0,0,0,1,0,0,1,1,0,2,1,0,0,0,0,1,0,0,1,1,0,1,2,0,0,0,0,0,1,1,0,0,1,0,0,1,0,0,0,0,1,0,0,0,0,1,0,1,0,0,0,2,0,0,0,0,0,0,0,0,1,0,0,0,0,0,1,0,0,1,0,0,0,2,0,0,0,1,0,0,0,0,0,0,1,0,1,0,0,0,0,1,0,1,0,0,0,0,0,1,1,1,0,0,0,1,1,0,1,1,0,0,0,1,0,0,0,0,0,2,0,1,0,1,0,2,0,0,1,0,0,0,0,1,0,1,2,2,0,0,0,1,0,0,0,1,0,0,0,0,0,0,0,1,0,0,2,0,0,0,1,1,0,0,1,0,1,0,0,2,0,0
chr3:8045209,rs489,T/C,0,2,0,0,1,1,1,0,1,0,0,2,1,1,1,1,1,1,1,2,0,0,0,1,2,0,2,2,1,1,0,0,0,1,1,2,1,1,0,2,2,0,1,0,1,1,1,1,0,0,1,0,2,2,0,1,1,1,0,0,1,0,2,0,0,1,1,1,0,0,1,0,0,1,1,2,1,0,0,0,0,1,2,1,0,1,2,1,1,0,0,0,1,0,1,1,1,0,2,1,1,0,0,1,0,2,1,0,1,1,1,1,1,1,2,1,1,1,1,1,2,1,0,2,2,1,0,1,0,0,0,0,1,0,0,1,1,0,1,1,0,2,1,1,0,1,0,1,0,1,0,0,1,0,0,1,1,0,2,0,1,0,0,2,2,2,1,0,0,0,0,1,1,1,1,0,0,1,2,0,0,2,2,1,0,1,0,1,0,1,0,1,1,1,0,0,2,0,2,0
chr2:5845710,rs490,T/C,0,2,1,0,0,0,1,0,0,1,1,1,0,0,0,0,0,0,0,0,0,0,0,0,0,0,0,0,1,1,1,0,0,0,0,1,0,1,0,0,0,0,0,0,1,0,0,0,0,0,0,0,0,0,0,1,0,0,0,0,0,0,0,0,1,1,0,0,1,0,0,0,0,0,0,1,0,1,1,1,0,0,0,0,0,1,1,0,0,0,0,1,0,0,0,1,0,0,1,0,0,0,0,0,0,1,0,0,0,0,1,1,0,0,1,0,1,0,1,1,0,1,1,0,0,0,1,1,0,0,0,1,1,0,0,0,0,1,0,0,0,0,0,0,1,1,0,0,1,0,0,0,0,0,1,0,1,0,0,0,1,0,0,1,0,0,1,0,0,0,0,0,0,0,0,0,0,0,0,0,0,1,0,1,0,0,1,1,0,0,0,0,0,0,0,0,1,1,0,0
chr3:8258746,rs491,T/A,0,2,0,2,1,1,0,1,0,2,1,0,1,1,1,0,0,1,1,0,0,0,0,0,0,1,1,0,2,1,0,0,0,1,1,0,0,0,0,1,2,0,2,0,1,0,0,0,1,0,1,0,0,2,0,1,1,0,1,0,0,1,0,0,0,1,2,0,0,0,1,1,0,0,2,2,0,1,1,1,1,1,1,0,0,1,0,0,0,0,1,0,1,0,1,1,2,1,0,0,0,0,1,0,1,0,0,1,2,0,1,1,0,1,0,1,0,0,1,1,1,1,0,0,2,1,0,0,1,0,1,0,1,1,1,0,0,1,2,0,0,0,1,0,1,1,0,1,0,0,0,1,1,1,0,0,0,1,1,0,1,0,1,2,1,0,0,0,1,0,2,1,1,0,1,0,1,0,2,2,1,1,1,1,2,1,1,0,0,0,1,1,1,1,0,0,2,0,1,1
chr2:6111142,rs492,C/A,1,2,0,0,0,1,1,0,0,0,1,1,0,0,1,1,1,0,1,1,1,0,1,0,1,0,0,0,0,0,0,1,2,0,0,1,1,2,2,1,1,0,0,1,0,1,1,0,1,1,0,2,0,0,1,0,1,1,0,0,1,0,1,1,1,0,0,0,0,0,0,1,1,0,0,1,0,0,2,1,0,1,0,1,1,0,0,1,1,0,1,0,0,0,1,1,1,1,0,1,0,0,0,0,0,0,0,1,0,2,0,1,1,0,0,1,1,1,1,1,0,0,1,1,0,0,1,0,0,1,0,0,1,0,0,0,1,0,1,0,0,1,2,2,0,0,1,0,0,1,1,0,0,0,0,2,1,0,1,0,0,0,1,1,1,0,1,0,0,0,0,0,0,1,0,0,0,1,1,1,1,1,1,0,1,1,0,0,0,0,0,1,0,0,1,2,1,1,0,1
chr2:7906571,rs493,G/T,1,0,1,0,1,0,0,0,0,0,2,0,1,1,0,0,0,1,0,0,1,1,0,1,1,0,0,0,2,0,0,0,0,0,0,1,0,2,0,0,0,1,1,1,1,1,0,0,0,2,0,1,0,1,0,0,0,0,1,1,0,1,0,0,1,1,0,0,0,0,1,0,0,0,1,2,1,2,0,0,0,0,2,0,0,0,1,0,0,1,2,1,1,1,1,1,0,0,0,1,0,0,0,0,1,0,1,2,0,1,0,1,1,0,2,0,0,1,1,0,1,1,1,0,1,1,2,0,1,1,0,0,0,2,0,2,0,1,0,1,2,0,0,0,0,0,0,1,1,1,0,0,0,0,0,0,1,1,0,0,0,1,1,0,0,0,0,1,0,1,0,1,0,1,1,0,1,0,0,0,0,0,1,0,1,0,1,1,0,1,0,1,1,1,1,1,1,0,1,1
chr4:5066621,rs494,G/T,0,0,0,0,1,1,0,0,0,0,0,1,0,1,0,0,0,0,0,0,0,0,0,0,1,1,1,0,0,0,1,0,0,0,0,0,0,0,0,0,0,0,0,1,1,1,0,1,0,1,0,0,0,0,1,0,0,0,0,0,0,0,1,0,0,0,0,0,0,0,0,0,0,0,0,1,1,0,0,0,0,0,0,0,1,0,0,0,1,0,0,0,0,0,1,0,1,1,0,0,0,1,0,0,1,0,1,0,0,2,0,0,0,0,0,0,0,0,0,0,0,1,0,1,0,0,0,0,0,0,1,1,0,1,0,0,0,0,1,0,1,1,0,0,0,0,1,0,0,0,1,1,1,0,1,0,0,0,0,0,0,0,0,0,0,0,0,0,0,1,0,0,0,0,0,0,0,0,0,1,0,0,0,1,1,0,0,2,0,0,1,0,0,0,0,0,1,0,0,0
chr3:1100734,rs495,C/G,0,0,0,1,1,1,0,0,1,0,0,0,0,1,1,1,2,1,1,1,0,0,1,0,0,1,1,0,0,1,0,0,2,0,1,0,1,1,1,0,1,1,0,1,0,0,0,0,1,0,1,0,0,2,0,1,1,0,1,0,1,1,0,1,1,0,1,1,1,0,1,1,0,1,1,0,0,0,0,1,1,1,2,0,2,1,0,0,1,1,0,2,2,1,0,1,0,2,1,1,1,0,2,0,1,0,1,0,0,0,2,0,0,0,2,1,0,2,1,1,1,1,1,0,0,2,1,0,0,0,1,1,2,1,0,0,1,0,1,0,0,2,0,0,1,1,0,2,0,0,0,0,0,0,1,1,1,0,0,2,0,0,0,1,0,0,0,1,1,0,0,0,0,2,1,0,2,0,0,0,0,1,0,0,1,0,0,1,0,0,0,0,0,0,0,0,0,2,2,2
chr4:4081091,rs496,T/C,0,1,2,0,0,1,0,0,0,0,1,0,0,1,1,0,0,1,1,0,2,0,0,0,1,1,1,1,2,1,1,0,0,0,1,1,0,1,0,1,1,0,0,0,1,1,1,1,1,0,0,0,0,1,1,1,1,1,0,0,1,1,1,2,0,0,0,0,1,0,2,0,0,1,2,1,0,0,1,0,0,0,0,2,1,0,0,1,0,0,0,1,1,1,0,0,1,1,1,2,0,0,0,1,0,0,1,0,1,0,0,1,1,0,0,0,1,1,0,0,1,0,1,0,0,0,2,0,0,1,1,0,1,1,2,1,0,1,1,1,0,2,2,2,0,0,0,1,0,0,0,1,1,0,1,1,2,1,0,1,0,0,2,1,2,0,0,0,0,0,0,0,0,2,1,0,0,0,0,2,1,1,1,0,1,0,0,0,2,0,0,2,1,1,1,2,1,1,1,0
chr2:2868670,rs497,C/G,1,1,2,0,1,0,1,1,0,1,2,1,0,1,2,2,0,1,2,1,1,1,0,2,1,0,1,1,1,1,0,2,1,1,1,1,1,0,1,1,1,2,1,0,0,1,0,2,1,1,0,1,0,0,1,2,0,2,0,1,1,0,1,1,1,1,2,1,0,2,1,0,1,0,2,1,0,1,0,0,0,1,0,0,0,0,1,1,0,0,0,2,0,1,1,2,1,0,0,1,0,1,1,1,1,0,0,0,0,1,0,0,1,1,0,1,2,0,2,1,0,2,1,1,1,0,1,1,2,0,2,2,1,0,1,0,1,0,0,1,1,1,1,1,0,0,2,0,1,0,1,0,0,2,1,1,1,0,1,1,0,1,0,1,1,0,0,1,1,1,1,1,0,0,0,0,2,0,0,0,0,0,1,0,0,0,1,0,1,0,1,0,1,1,2,0,1,0,1,1
chr1:5813673,rs498,T/G,2,1,1,0,2,2,1,1,2,1,0,0,1,1,0,2,1,0,1,2,0,0,1,0,0,0,2,1,1,0,1,1,2,0,0,2,0,1,0,1,1,2,0,0,1,2,0,2,1,0,1,1,2,0,1,1,2,1,0,1,1,1,1,0,0,1,1,2,1,1,1,0,1,1,0,1,1,1,1,1,2,1,2,0,0,1,1,1,2,0,1,1,1,2,2,0,1,1,1,1,1,1,1,2,2,1,1,2,0,2,1,1,1,0,1,2,1,0,1,0,2,1,2,2,1,1,1,1,2,0,0,1,1,0,1,1,1,1,2,0,1,1,1,1,0,2,2,2,1,1,1,2,1,2,1,1,0,1,1,1,1,2,1,2,0,1,1,0,0,1,1,2,0,1,0,2,0,2,2,0,0,1,2,0,1,1,1,1,2,1,1,1,2,1,1,1,0,1,1,2
chr2:8551989,rs499,G/C,1,1,1,0,1,0,1,0,0,1,1,1,0,2,0,1,0,0,1,0,0,1,1,1,0,1,1,1,0,2,1,0,2,1,1,0,1,1,2,2,2,1,0,1,0,1,0,1,1,2,1,0,0,2,1,0,1,1,1,1,1,1,1,0,1,1,2,1,0,2,0,1,0,1,1,1,0,1,1,0,0,2,1,0,2,1,1,1,1,1,0,2,1,0,0,1,1,0,2,1,2,1,0,2,1,0,1,0,0,2,1,1,1,1,1,1,1,0,1,2,0,0,2,0,2,1,1,0,1,0,1,0,1,1,0,1,1,1,1,0,1,1,0,0,1,0,0,1,0,0,0,1,0,1,1,1,0,1,0,1,1,1,0,0,2,1,1,0,0,1,1,1,1,2,0,0,1,1,1,0,1,1,0,1,1,2,1,1,2,1,0,1,1,1,0,1,1,0,0,1
chr4:3962732,rs500,C/T,0,0,1,0,0,0,0,0,0,1,1,1,1,0,1,1,0,1,0,0,2,0,0,1,0,0,1,0,1,1,1,0,0,0,1,0,0,1,0,0,1,1,2,0,0,0,1,1,1,1,1,0,1,1,1,1,1,1,0,1,0,0,0,0,0,1,1,1,0,1,0,1,1,0,0,1,2,0,1,0,0,0,0,1,0,0,0,0,0,1,0,0,0,0,1,0,0,1,0,1,0,1,0,1,0,0,1,1,0,2,0,0,1,0,1,1,1,0,1,1,1,0,1,1,0,1,2,0,0,1,0,0,0,0,0,0,0,0,0,1,1,0,0,2,1,1,0,0,0,0,1,1,2,0,1,2,0,0,0,0,1,0,1,1,0,0,0,1,0,1,1,0,2,1,0,0,0,0,1,0,0,0,0,0,1,1,0,0,0,0,0,1,0,1,1,1,1,2,1,1
chr3:7152941,rs501,G/A,1,0,2,1,1,1,0,1,1,0,2,0,2,1,2,1,0,1,1,2,1,1,0,1,1,2,1,0,0,1,0,1,0,1,2,2,2,1,2,2,0,0,2,0,1,0,2,0,1,0,0,0,1,0,2,1,0,1,1,2,1,1,2,1,1,1,1,2,1,0,2,0,1,0,1,0,0,0,1,0,2,1,1,1,2,1,1,1,0,1,1,1,0,1,2,1,1,2,0,1,0,1,1,2,1,1,1,1,1,0,0,2,0,0,1,0,2,0,2,1,2,0,1,2,1,1,1,0,1,0,0,1,0,0,0,1,0,0,1,1,1,1,2,0,2,0,1,2,1,0,2,1,0,1,1,1,0,1,0,0,1,0,2,1,0,0,1,1,0,1,1,2,0,0,0,1,1,1,1,2,0,1,2,1,1,0,0,0,0,2,2,1,1,0,1,1,2,1,1,0
chr4:4174108,rs502,C/A,0,1,0,1,1,1,1,0,0,1,0,0,0,0,1,0,0,0,0,1,0,0,1,1,1,0,0,1,2,0,0,0,0,0,0,1,1,0,0,2,1,1,0,1,0,1,1,0,2,0,0,0,0,0,0,0,0,1,0,0,1,0,0,0,1,0,0,1,0,2,0,0,1,0,0,0,1,0,2,1,0,0,0,0,1,0,2,0,1,0,0,1,1,1,2,1,0,0,0,0,1,1,1,1,1,0,1,1,1,1,0,1,1,0,0,0,0,1,0,0,0,0,0,2,2,1,0,1,1,1,0,0,0,0,0,0,1,1,1,1,0,0,2,2,1,0,0,1,0,2,1,0,0,0,0,1,0,0,1,0,1,0,1,1,0,0,0,0,1,0,0,1,0,0,0,0,0,0,0,0,0,0,0,2,0,0,1,0,1,1,0,1,1,1,0,0,0,2,1,0
chr3:3976031,rs503,C/T,0,0,0,1,1,1,1,0,0,1,0,1,0,0,0,1,0,0,0,0,2,2,0,2,1,1,1,0,1,0,0,2,1,0,0,2,0,0,0,1,1,1,0,0,0,0,0,0,1,1,0,2,0,2,0,1,0,0,1,1,2,0,1,2,0,0,0,2,1,2,0,1,0,0,1,1,0,0,2,0,0,0,0,0,1,0,1,0,0,1,0,1,1,1,0,1,0,0,0,1,1,1,1,1,1,0,0,0,0,0,0,1,0,1,0,0,0,1,0,2,1,0,1,1,0,0,1,1,1,0,0,1,0,0,1,0,1,1,0,0,0,0,0,1,0,1,0,1,1,1,1,0,1,1,2,1,0,2,1,2,0,1,0,0,0,0,0,1,0,2,1,1,0,0,1,0,2,1,1,0,0,0,1,1,1,1,0,1,2,1,0,1,2,1,1,1,1,0,0,1
chr2:2940369,rs504,C/T,1,0,0,0,0,0,0,0,1,1,1,1,0,0,0,2,2,0,0,1,0,0,0,1,0,0,1,1,1,2,0,0,0,1,0,1,1,0,1,1,2,2,0,1,0,0,0,2,0,1,0,1,1,0,2,1,0,1,0,0,0,0,0,1,1,0,1,1,0,1,1,2,0,2,1,0,1,0,0,0,1,0,2,0,2,1,1,0,0,0,1,0,1,0,0,0,0,1,0,1,0,1,0,1,1,0,0,0,1,1,0,1,0,0,1,0,0,0,1,1,0,0,0,1,1,0,1,1,0,0,0,1,0,0,0,1,2,0,0,1,1,1,0,0,0,1,0,1,1,0,0,0,1,2,0,1,1,0,1,1,0,2,1,0,1,1,1,1,0,0,0,0,1,0,0,1,0,1,1,0,0,0,0,0,1,0,2,1,2,0,0,2,2,0,1,0,1,0,1,0
chr1:2031519,rs505,G/A,0,0,0,1,0,1,0,0,1,0,1,1,0,1,2,0,0,0,1,0,0,1,0,0,0,0,0,1,0,2,0,1,0,2,1,1,1,1,2,0,1,0,0,1,0,1,0,0,2,0,0,0,0,0,0,1,0,0,1,0,0,1,1,0,0,0,1,1,0,0,1,2,1,0,2,1,0,0,1,1,0,0,0,0,0,0,1,0,1,1,0,0,0,0,1,0,0,0,0,1,0,1,1,2,1,1,0,1,0,0,0,1,0,1,0,0,1,1,1,0,0,0,0,0,0,2,1,0,1,0,0,0,1,0,0,0,1,0,0,1,2,1,1,1,0,1,1,1,0,0,1,1,1,0,2,1,0,1,1,1,1,1,0,0,0,0,0,1,1,1,0,1,0,1,0,1,0,1,1,0,0,1,1,1,0,0,0,1,1,0,1,0,0,0,1,1,0,0,0,0
chr3:9109698,rs506,G/T,1,0,0,1,2,2,1,0,0,0,1,1,0,0,1,1,0,1,1,2,1,1,0,1,0,1,1,0,0,0,1,1,1,1,0,0,0,0,1,2,0,1,0,2,0,0,0,0,0,0,1,1,0,0,0,2,1,0,0,1,2,1,0,1,0,0,0,2,0,0,0,0,2,1,0,1,1,0,2,0,1,1,1,1,0,1,1,0,1,1,1,0,0,2,0,1,0,0,0,0,1,0,2,1,0,1,2,1,1,1,1,2,1,1,1,0,0,1,0,0,1,0,0,1,0,1,0,0,0,0,0,0,1,2,0,1,1,1,1,0,1,0,1,0,1,0,1,0,2,1,0,1,0,0,0,0,1,0,1,0,0,1,2,1,0,0,2,0,0,1,0,0,1,1,1,1,1,0,0,0,0,1,0,1,1,0,2,2,1,1,0,2,1,1,1,1,0,1,0,1
chr3:3322466,rs507,A/T,0,0,1,0,0,0,0,0,0,1,0,0,1,1,0,2,0,0,1,1,1,1,1,1,0,1,1,0,2,1,2,0,0,0,1,1,0,1,1,1,1,1,0,2,1,0,0,1,2,1,0,0,1,1,1,0,0,1,0,2,0,0,0,0,0,1,1,2,1,1,1,0,1,0,0,0,1,0,1,0,1,1,0,1,1,1,1,0,1,1,1,1,1,1,0,1,1,0,1,1,1,1,2,0,0,2,2,0,1,0,0,0,1,1,1,1,0,1,0,0,1,1,1,0,1,1,0,0,1,1,0,1,0,2,2,2,2,1,0,1,0,0,0,1,1,1,0,0,0,1,0,1,1,0,2,1,1,1,1,2,1,0,1,0,1,0,1,1,0,1,0,0,0,2,0,0,1,0,0,0,0,1,0,1,0,0,0,0,1,0,1,1,0,1,1,0,1,0,0,1
chr2:2946830,rs508,A/G,1,1,1,1,0,0,0,0,0,1,0,0,1,0,1,0,0,0,0,1,1,1,0,0,1,1,2,0,0,1,0,1,1,1,0,1,0,1,1,1,1,0,1,0,0,0,1,2,2,0,0,0,0,1,0,1,2,1,0,0,0,1,0,0,1,1,0,0,1,0,2,0,2,0,1,0,1,1,0,1,2,0,1,1,0,0,0,1,1,0,0,0,1,2,1,0,1,2,0,0,1,0,1,0,2,1,0,0,1,0,0,2,0,1,1,0,0,1,0,0,0,1,1,2,0,0,2,0,1,1,0,1,0,1,0,1,1,0,1,0,1,1,0,0,0,2,1,0,1,2,1,0,0,1,0,0,0,0,0,1,1,2,1,0,2,0,1,2,2,1,1,2,1,1,0,1,0,1,0,0,0,2,1,1,1,0,1,1,2,2,2,1,0,1,1,0,1,2,1,1
chr4:5660061,rs509,A/G,0,0,0,0,0,1,1,0,0,0,1,1,1,0,0,0,1,0,0,1,1,0,0,1,1,0,0,1,0,1,1,0,1,0,1,0,0,0,1,1,1,0,1,0,2,0,0,0,1,0,1,0,1,0,0,0,0,1,0,0,0,1,0,1,0,1,1,1,0,0,0,1,1,0,0,1,0,0,0,0,0,1,0,0,0,0,0,1,1,0,0,0,0,0,0,1,1,1,0,1,1,0,0,2,0,0,0,0,1,0,0,0,0,1,0,1,1,0,0,1,1,0,0,0,1,0,0,0,0,0,0,0,0,0,0,0,0,0,2,1,0,0,1,0,0,0,0,1,0,0,0,1,0,1,1,1,1,0,0,1,0,1,1,0,0,0,1,0,1,0,0,1,0,0,0,2,1,0,1,0,0,0,0,0,0,1,0,1,0,0,0,1,1,0,1,1,1,1,0,0
chr2:3229180,rs510,G/A,2,1,0,1,2,0,1,2,0,1,0,1,2,0,2,0,0,1,0,0,0,0,1,1,1,1,0,1,0,1,1,0,1,0,0,2,0,1,1,1,0,0,0,2,0,0,0,1,1,1,1,1,1,2,1,0,0,1,2,1,1,1,0,0,0,1,1,0,0,1,2,2,1,0,1,0,1,2,0,0,0,1,2,1,0,1,1,0,0,0,0,2,0,1,1,0,0,1,0,1,0,0,1,0,2,1,1,0,2,0,0,1,0,2,1,1,1,0,0,2,0,0,1,0,1,0,2,1,1,1,1,1,1,0,1,0,0,0,2,1,1,1,0,2,1,1,1,0,1,1,0,2,0,0,0,0,1,1,1,1,0,2,0,0,1,1,1,0,0,0,1,2,0,2,1,1,0,0,1,1,0,2,1,1,1,1,0,0,2,2,2,2,0,0,2,0,2,2,1,2
chr4:5188891,rs511,G/T,0,1,1,0,2,1,0,2,1,0,0,0,2,1,2,1,1,0,1,1,0,2,1,1,1,0,0,1,1,0,1,0,1,0,1,0,1,0,0,1,0,2,0,0,2,0,2,1,0,0,1,1,0,2,0,1,1,0,1,0,0,1,1,1,1,0,1,0,0,1,1,1,1,0,1,2,1,1,1,1,1,1,2,0,1,2,1,0,0,1,0,1,0,1,0,1,1,0,1,1,1,1,1,0,1,1,0,1,2,2,0,0,2,1,0,1,1,0,2,2,1,1,0,0,1,1,0,0,1,0,0,0,2,2,0,1,0,0,0,0,2,1,0,1,1,0,1,1,0,2,0,0,1,0,0,0,0,1,1,1,0,1,2,0,1,1,1,0,0,2,0,1,0,0,0,0,1,1,1,0,0,0,0,1,0,0,1,2,0,1,0,1,1,1,0,1,0,1,1,0
chr4:5031419,rs512,G/T,0,0,0,0,2,1,1,1,1,1,0,2,0,0,1,0,0,1,1,1,1,1,0,2,1,1,1,1,0,0,0,1,1,1,1,2,1,1,2,1,0,0,0,0,1,0,0,0,0,1,1,1,0,1,0,0,0,1,1,1,0,2,2,1,1,1,1,2,1,0,0,1,1,0,0,0,0,0,1,0,0,0,1,0,1,0,0,2,1,2,0,0,0,2,1,0,0,1,1,0,1,0,1,1,0,1,0,0,2,1,2,1,2,2,2,1,1,2,2,2,1,2,1,1,1,1,1,1,1,1,0,1,2,1,0,1,0,0,1,0,1,1,0,1,1,2,1,0,1,2,1,1,1,0,0,1,1,2,2,1,0,0,0,0,0,1,0,2,1,0,1,0,1,1,0,0,1,0,1,1,2,0,0,2,0,1,0,1,0,1,1,1,1,0,1,1,1,0,2,1
chr1:3363999,rs513,A/C,0,0,1,0,0,0,0,1,0,0,0,0,0,2,0,1,0,0,0,1,1,1,1,0,0,0,1,0,0,1,1,1,0,0,1,0,0,0,0,0,0,0,1,0,1,0,0,2,0,0,1,1,1,0,0,0,1,1,0,0,0,1,0,1,1,1,2,2,0,0,1,1,1,0,0,0,0,0,1,0,0,1,1,1,0,0,1,1,0,0,0,0,0,0,0,0,0,0,0,1,0,1,0,0,1,1,0,1,0,0,0,0,0,0,0,0,0,0,1,1,1,1,0,0,1,0,1,0,0,1,0,0,0,0,0,0,0,0,0,0,1,1,0,0,1,0,1,0,0,0,0,1,0,0,0,0,0,1,1,0,0,0,1,0,0,0,1,0,0,2,1,0,0,1,1,0,1,0,0,1,0,0,1,0,0,0,0,0,0,0,0,0,1,0,1,0,1,1,0,1
chr1:5225889,rs514,G/T,1,2,0,0,2,0,1,0,1,1,0,1,0,1,1,1,1,1,0,1,1,0,1,1,1,0,0,2,2,2,1,2,1,0,1,0,1,1,1,2,2,1,0,1,2,0,0,2,1,2,1,0,2,0,0,1,1,1,1,1,1,2,1,1,1,1,1,1,2,1,0,1,1,1,1,0,2,1,0,2,0,1,1,1,0,0,1,1,1,2,1,1,1,0,0,1,2,0,2,1,0,0,1,0,2,1,0,2,0,2,0,2,1,1,0,0,0,0,0,2,1,1,1,1,2,1,1,1,2,1,1,2,0,1,1,0,1,1,0,1,0,0,1,1,1,1,1,1,1,1,0,2,2,1,1,1,0,0,1,0,0,2,0,1,1,1,1,1,1,1,2,2,1,0,1,1,1,1,2,1,1,0,1,0,1,0,2,0,2,1,2,1,0,0,1,2,1,1,1,1
chr3:5443778,rs515,A/C,1,1,1,1,1,1,1,1,2,2,1,1,1,1,0,1,2,1,0,1,0,1,1,1,1,0,0,2,0,1,1,1,2,1,0,1,0,2,0,1,0,1,2,0,0,1,1,1,0,1,0,1,1,1,1,0,0,0,0,0,0,1,1,1,0,1,0,0,2,1,0,0,2,0,0,1,1,1,1,1,2,1,0,1,1,1,2,0,0,0,1,2,1,1,1,2,2,1,2,1,1,0,0,1,1,0,1,2,1,1,0,1,1,0,1,1,1,0,0,0,1,0,0,0,0,1,1,1,1,0,0,1,0,2,2,1,0,0,2,0,0,0,0,1,1,2,0,0,1,1,2,1,1,0,1,1,1,2,1,0,0,2,2,1,1,1,1,0,0,0,1,1,2,1,2,1,1,0,1,0,1,0,0,1,0,0,0,1,0,1,0,1,1,1,1,1,0,1,1,1
chr4:1260116,rs516,C/A,2,0,2,1,1,2,2,0,1,1,1,0,2,1,0,2,2,0,1,0,0,1,1,0,1,0,0,1,1,1,1,1,0,0,0,0,1,0,0,0,1,1,1,1,2,1,1,0,1,1,1,0,0,0,0,1,1,0,0,1,1,0,1,2,1,0,1,0,1,1,0,0,1,1,1,0,1,2,0,0,2,0,1,0,0,0,0,2,1,0,0,0,1,2,2,2,0,0,0,0,0,0,0,0,0,1,0,0,1,0,1,2,2,0,1,0,1,0,0,1,2,0,0,0,1,0,0,0,1,0,2,0,1,0,1,1,0,1,0,1,1,0,1,1,1,0,1,1,1,0,2,1,1,2,0,0,0,1,0,0,1,1,1,0,0,1,1,0,0,1,0,1,1,1,0,0,2,1,0,0,0,0,1,0,0,0,1,0,0,1,0,1,2,0,0,2,1,0,0,2
chr3:5214279,rs517,G/T,0,0,0,0,0,0,1,0,1,0,0,0,0,1,0,0,1,0,0,0,0,0,1,0,0,0,0,0,0,2,1,0,1,0,0,0,1,1,0,2,0,1,0,1,0,0,0,0,0,0,1,1,0,0,0,1,1,0,1,1,1,0,0,0,0,1,0,0,1,0,0,0,0,2,0,0,1,2,0,0,0,0,0,1,0,0,0,0,0,0,0,0,0,1,1,0,1,0,0,0,0,0,1,0,1,0,0,0,1,0,1,0,1,0,0,1,0,0,0,0,1,0,0,0,1,0,0,0,1,0,0,0,1,1,0,0,1,1,1,1,0,0,0,0,0,0,1,0,0,0,1,2,0,0,0,1,0,0,0,1,1,1,0,0,0,0,0,1,1,0,0,0,1,0,1,0,0,0,0,0,1,0,1,0,0,0,1,0,0,1,1,0,1,1,0,0,0,0,1,0
chr3:8537165,rs518,T/C,0,0,0,0,0,0,1,0,1,1,0,1,0,0,0,0,0,0,0,0,0,0,1,0,0,0,0,0,0,0,0,1,0,0,0,0,1,0,0,1,0,1,0,0,0,0,0,0,0,0,0,0,0,1,0,0,1,0,0,0,1,0,1,0,0,0,0,1,0,0,0,0,0,0,0,0,0,1,0,0,0,0,1,0,1,0,1,0,0,1,0,0,0,0,0,1,1,1,0,0,0,0,1,0,0,0,1,0,0,0,1,1,0,0,0,0,1,0,0,1,0,0,1,0,0,0,0,0,0,0,0,0,1,0,0,1,0,0,0,0,0,1,1,1,0,1,0,0,0,0,0,0,0,0,1,0,0,0,2,0,0,0,0,0,1,0,0,0,1,0,1,0,0,0,0,0,0,0,0,0,1,0,0,0,0,0,0,0,0,1,0,0,0,0,1,0,0,2,0,0
chr3:1388076,rs519,A/C,1,2,1,2,2,0,1,1,0,1,0,1,1,1,1,2,0,1,2,0,1,0,1,1,1,1,2,0,0,0,2,1,1,0,1,0,2,0,2,1,1,1,1,0,1,1,0,1,0,2,1,0,1,0,1,2,1,0,1,1,0,0,0,2,2,2,0,1,1,2,1,1,1,1,0,1,1,0,1,1,0,0,2,0,0,0,1,1,2,1,1,1,0,2,1,1,2,2,1,0,0,1,2,2,2,1,2,2,2,0,1,0,0,0,2,2,0,1,2,0,2,0,1,2,0,1,1,2,1,2,0,1,0,2,0,2,1,0,1,0,2,1,0,1,1,1,2,0,0,1,1,1,0,0,2,1,1,0,1,2,2,1,0,0,0,1,1,1,1,1,2,0,2,1,0,2,0,0,2,1,2,0,1,0,1,0,0,1,1,1,0,0,0,0,0,1,0,2,0,1
chr2:6540070,rs520,A/C,1,0,0,1,0,0,1,0,0,1,2,0,1,0,0,0,0,0,0,0,1,0,2,0,0,0,1,0,1,1,0,0,1,0,0,1,0,1,0,0,1,0,1,1,1,1,0,0,0,1,0,0,1,0,0,1,0,1,0,2,0,1,0,1,0,1,0,1,0,1,1,0,0,1,1,1,0,1,0,1,2,0,0,1,0,0,0,1,0,0,0,0,0,0,0,0,0,0,0,1,0,1,0,0,0,0,1,0,0,0,0,0,1,1,0,1,2,0,0,1,0,1,0,1,1,0,1,1,2,1,1,0,2,0,0,2,0,0,1,1,0,1,0,0,0,0,0,0,0,2,1,0,1,0,1,0,1,2,0,1,1,0,0,0,0,1,2,0,2,0,1,2,1,0,1,1,0,0,1,1,0,1,0,1,1,1,2,1,1,1,1,0,1,0,1,1,0,0,1,0
chr3:2960826,rs521,A/T,2,0,1,0,0,1,2,1,1,0,1,1,0,1,1,0,0,1,1,1,0,1,0,0,0,0,1,0,1,1,1,2,0,0,1,2,0,1,0,1,0,2,1,1,0,1,1,1,1,1,0,1,1,1,1,1,1,1,1,1,1,0,0,0,0,1,1,1,1,2,0,0,1,1,0,1,0,0,0,0,0,1,1,1,1,1,1,1,1,1,0,0,0,1,1,1,0,1,1,0,0,1,0,0,0,2,0,0,1,0,1,1,1,0,1,0,0,0,0,1,0,0,0,1,0,1,1,1,1,1,1,1,0,2,2,1,0,1,2,2,2,1,0,1,0,1,0,0,0,1,1,1,0,1,2,2,1,0,2,0,1,0,2,0,0,1,0,0,0,1,0,1,0,0,0,1,0,1,0,2,0,0,1,1,1,2,1,1,0,0,0,0,0,1,1,0,1,0,1,0
chr4:2378369,rs522,C/A,0,0,1,1,0,1,0,0,0,1,1,1,2,1,0,2,2,2,0,2,2,2,1,0,0,1,2,1,1,1,1,0,1,1,1,1,1,1,0,1,0,1,1,0,0,1,1,0,0,0,0,1,0,2,2,2,1,1,0,1,0,0,1,2,2,1,1,0,1,2,2,1,2,1,1,1,1,0,0,0,2,1,1,0,0,0,1,1,0,1,1,0,1,0,1,0,0,1,1,1,0,1,1,0,1,1,1,0,2,1,1,0,0,1,1,1,1,0,1,0,2,0,1,1,1,1,1,0,1,0,1,1,1,0,1,0,1,1,0,0,0,2,0,1,0,1,2,1,1,1,1,0,1,1,0,1,1,1,0,1,1,1,1,0,1,1,1,1,0,2,0,2,2,0,1,1,1,0,1,1,1,0,1,2,1,0,1,1,1,1,1,1,0,1,0,1,1,2,2,0
chr1:5171774,rs523,A/T,1,1,0,2,1,0,0,0,1,0,1,0,1,1,0,0,1,1,1,0,1,2,0,1,1,1,0,1,1,1,1,0,2,1,0,0,2,1,2,0,0,0,0,1,0,1,0,2,0,2,1,1,0,0,1,0,0,0,1,0,1,0,0,2,0,1,1,2,1,1,0,2,1,1,0,0,1,0,0,1,1,1,0,0,1,1,1,0,1,0,1,1,1,0,0,0,1,1,0,1,1,1,2,0,0,2,0,2,2,1,0,1,0,0,0,0,1,2,1,0,0,2,0,0,0,0,1,1,1,1,1,1,0,0,1,1,1,0,0,0,0,0,1,0,0,0,0,1,0,1,1,1,0,0,1,1,1,1,1,1,0,2,2,1,0,1,0,1,1,0,0,0,1,2,0,0,2,1,0,0,2,0,2,1,1,0,0,1,0,1,0,1,1,0,0,1,1,0,1,1
chr3:3854190,rs524,C/G,0,1,1,1,0,0,0,1,0,0,1,0,0,1,0,0,0,1,0,0,0,0,1,2,0,0,1,1,0,1,0,2,0,1,0,1,2,0,0,0,0,0,0,1,1,0,1,0,0,1,0,0,0,0,1,0,0,0,0,0,0,0,0,1,0,0,0,1,1,1,1,1,0,0,1,1,1,1,0,0,0,0,0,1,1,0,0,0,0,1,0,0,0,0,0,1,0,1,1,1,0,0,0,1,1,0,0,0,0,1,0,1,2,0,0,1,1,0,2,1,0,0,0,1,0,0,0,1,1,1,1,2,0,1,1,1,0,1,0,0,2,1,1,0,1,1,0,0,1,1,0,0,0,0,0,2,1,0,2,1,1,2,1,2,0,0,2,0,1,0,1,0,0,1,0,0,1,2,1,0,1,0,1,1,1,1,1,0,0,0,0,1,1,0,0,0,0,0,0,1
chr2:3654837,rs525,T/C,1,2,0,1,2,0,1,0,2,1,1,2,1,0,0,1,1,2,1,1,1,0,0,1,1,1,2,1,1,1,2,0,2,1,1,1,1,2,1,0,1,1,2,0,0,0,2,2,0,1,1,1,1,1,0,1,1,2,1,1,0,0,2,0,0,0,1,1,1,2,0,0,1,0,1,1,1,0,2,1,1,2,1,1,0,0,1,1,1,1,0,0,0,1,0,2,1,2,1,0,0,1,1,2,1,0,0,2,1,0,2,1,2,1,1,1,1,0,2,2,0,1,2,0,0,1,1,2,0,1,1,1,0,0,0,1,1,1,2,0,1,1,2,1,0,2,2,0,2,2,1,1,0,0,0,0,1,0,0,0,1,0,0,2,0,1,2,0,1,1,1,2,0,1,1,2,1,2,0,0,2,0,1,0,1,2,1,1,2,0,1,1,0,0,1,1,2,0,1,1
chr1:5577033,rs526,G/T,1,1,0,1,1,1,1,0,1,2,0,0,0,0,2,2,1,1,0,1,1,0,1,2,2,0,2,1,1,0,1,0,1,0,0,1,1,1,1,2,0,0,0,1,1,1,1,1,1,0,1,0,0,0,1,0,0,1,0,1,2,1,1,0,1,0,0,2,0,1,0,1,1,2,1,0,2,1,2,1,1,1,0,1,1,0,1,0,1,2,2,2,2,1,1,0,0,1,1,1,2,0,0,2,1,0,0,1,0,1,1,1,1,0,0,1,0,1,1,0,0,2,1,1,1,1,1,0,1,1,0,1,0,0,1,0,1,1,0,1,2,1,0,0,1,1,0,0,1,1,1,1,1,1,1,0,1,1,2,0,1,0,2,0,1,1,0,0,0,2,1,1,1,0,0,0,1,0,1,0,1,0,1,1,2,0,2,2,0,2,0,0,2,1,1,0,1,2,1,0
chr1:6154048,rs527,A/G,1,1,2,1,1,0,1,1,1,0,1,1,1,0,0,1,2,2,2,0,1,1,0,0,0,0,0,0,0,1,0,1,2,1,0,0,1,0,0,1,1,1,1,1,1,1,0,0,0,1,1,2,1,0,2,2,1,1,1,0,1,1,1,0,1,1,1,0,0,0,0,1,1,2,0,1,0,0,1,0,0,0,2,0,0,0,0,1,0,1,0,0,1,1,0,0,0,1,1,0,0,0,0,0,1,2,1,0,0,1,0,0,1,1,0,0,0,0,1,1,1,0,1,2,1,1,0,0,0,1,1,0,1,1,1,1,0,1,0,1,1,1,1,0,0,1,1,0,1,0,0,0,1,0,0,0,1,1,1,0,1,2,0,1,2,0,0,0,1,1,0,1,0,0,0,1,1,0,0,1,1,1,1,0,1,0,1,0,0,0,0,0,0,0,1,2,1,1,0,0
chr4:2942811,rs528,A/G,0,1,1,1,2,1,2,0,1,0,1,0,2,1,1,1,1,1,2,0,0,1,0,1,1,1,0,1,0,1,2,1,1,0,1,0,1,1,0,2,2,0,0,1,1,0,2,1,0,1,2,1,0,0,1,1,0,1,0,0,1,0,2,1,1,0,2,2,2,1,1,2,0,0,0,2,0,0,2,0,0,1,2,1,0,0,0,2,0,1,2,1,1,0,0,0,1,1,1,0,1,1,1,0,1,0,2,1,0,2,0,1,0,0,0,0,1,1,2,1,1,0,0,1,1,1,1,1,1,1,1,1,1,1,0,1,1,1,1,1,0,1,0,1,1,0,1,2,1,1,0,1,1,1,0,0,0,0,1,1,2,0,0,2,0,1,1,0,1,2,1,1,1,1,1,0,0,0,2,1,2,0,1,1,0,1,1,0,0,1,1,1,2,0,1,2,1,1,0,1
chr1:6425838,rs529,A/T,0,1,1,1,1,0,0,2,0,1,2,1,1,1,2,1,0,1,1,1,0,2,0,1,0,1,0,0,1,1,0,2,0,1,2,2,1,0,1,0,1,2,0,1,0,0,0,1,1,1,0,0,0,2,0,0,1,1,0,0,1,0,1,0,2,1,0,1,2,0,1,1,0,0,0,1,1,1,0,1,2,1,0,0,0,0,1,2,1,1,2,1,1,0,0,2,0,1,0,1,1,1,1,0,1,2,1,1,0,1,2,2,1,0,1,1,1,1,0,1,1,2,0,1,0,2,0,0,1,0,1,0,1,1,1,0,1,0,2,2,0,2,0,1,0,0,0,0,1,0,0,0,0,0,1,0,2,0,2,1,0,0,0,0,0,1,1,0,2,1,1,0,1,1,2,2,0,0,1,0,0,2,1,2,0,1,1,1,0,0,0,1,1,0,1,0,0,1,0,1
chr1:2805808,rs530,G/C,2,0,1,0,1,1,1,1,1,0,1,1,2,1,1,1,1,1,1,0,1,1,0,1,1,0,1,1,0,0,0,1,1,0,1,1,0,1,1,0,1,0,0,0,1,1,0,0,1,1,0,1,1,0,0,1,0,1,0,1,0,1,1,0,1,1,0,1,1,0,0,0,1,0,1,0,0,1,1,1,1,1,1,0,2,2,2,2,1,2,2,0,1,1,1,0,2,0,0,1,0,0,1,2,1,0,1,1,2,1,1,1,2,2,1,1,2,0,2,0,2,0,1,1,2,0,1,0,1,1,1,0,1,0,1,1,1,0,0,0,1,0,1,2,0,1,1,2,1,0,0,1,0,1,0,1,0,0,2,1,1,0,0,0,0,0,0,2,0,2,1,0,1,2,2,0,1,0,1,0,0,1,2,1,1,1,2,0,1,0,0,0,1,0,1,0,0,1,1,1
chr3:4622138,rs531,A/C,1,0,0,0,0,1,1,0,2,0,0,2,0,0,1,0,0,1,2,0,0,1,1,0,0,1,1,0,0,1,1,1,0,0,0,1,0,0,1,1,1,0,1,2,0,1,2,0,0,0,2,0,1,1,1,0,0,0,0,0,2,1,1,0,0,2,1,0,0,0,0,1,2,0,1,0,1,0,0,0,1,1,1,1,0,1,0,1,1,0,0,0,0,0,0,0,1,1,0,0,2,1,2,0,0,1,0,2,0,1,1,0,0,0,1,0,1,0,1,1,0,0,0,0,0,0,1,1,0,0,0,0,0,1,1,1,2,0,0,0,0,1,0,0,0,0,2,2,0,0,1,0,0,0,1,0,1,0,1,2,1,0,2,0,0,0,0,1,0,0,1,0,0,1,0,0,1,1,0,1,1,1,0,1,1,0,0,1,1,0,1,0,1,0,0,1,0,1,0,0
chr2:9061896,rs532,C/A,0,1,0,1,1,0,2,0,1,1,0,0,2,2,1,0,1,2,2,0,1,1,2,0,1,1,1,0,1,1,0,2,1,1,0,1,1,1,0,0,1,1,1,1,1,0,0,1,1,1,1,0,0,0,1,0,0,2,0,0,0,0,0,2,1,1,2,0,0,1,0,1,0,1,0,0,1,1,0,0,0,0,0,1,1,1,0,0,0,1,0,0,1,0,0,0,0,0,1,0,1,2,0,0,1,1,1,1,1,1,0,2,0,1,1,1,0,1,0,2,1,1,1,2,1,0,0,0,0,0,2,1,2,0,0,0,0,1,0,0,2,2,0,0,1,0,1,1,1,2,0,1,1,0,0,1,0,1,0,1,1,1,0,0,1,2,1,0,2,1,2,1,2,0,1,1,2,0,0,1,2,0,0,1,1,1,2,1,1,0,1,1,2,1,1,0,2,1,1,1
chr4:4932441,rs533,A/T,0,0,0,0,0,1,2,2,1,0,0,0,1,1,0,1,1,0,1,2,0,0,0,0,0,2,1,1,1,1,0,0,1,0,1,1,1,1,1,1,0,1,1,2,1,0,2,0,2,1,1,0,1,0,0,0,1,1,0,1,0,1,1,0,1,0,1,1,2,0,1,1,0,0,0,1,1,0,1,0,0,0,0,2,1,1,1,1,1,0,0,1,0,1,2,2,0,2,0,0,0,1,0,0,1,0,0,1,1,1,1,0,0,1,0,0,1,2,0,0,0,1,1,0,0,1,1,1,0,1,1,1,0,2,0,1,0,1,0,2,2,1,1,0,1,1,1,1,1,0,1,0,1,2,0,1,1,0,1,2,1,1,2,2,1,1,0,1,0,0,0,0,1,2,1,0,1,1,1,0,1,1,1,1,0,2,1,0,1,0,0,0,1,0,0,1,0,1,2,0
chr3:9782882,rs534,T/A,0,1,2,1,1,1,1,1,2,1,1,0,1,2,0,0,1,1,1,0,0,0,2,1,1,0,1,2,0,0,1,2,1,1,1,2,1,1,1,1,1,2,1,0,1,1,2,0,0,1,0,1,2,1,1,2,1,1,0,1,0,0,0,0,1,2,0,1,1,0,1,0,1,0,0,1,1,1,1,1,1,0,0,2,1,0,2,1,1,0,1,0,0,0,1,1,0,1,0,1,0,2,1,1,1,0,1,1,1,2,2,1,1,1,1,0,1,0,0,2,1,0,0,1,2,2,1,0,0,1,2,1,1,1,2,1,2,0,1,1,2,0,1,2,1,1,2,0,0,2,0,1,1,1,2,0,1,0,0,1,0,1,2,2,2,0,0,1,1,0,1,1,1,1,0,1,2,1,1,1,1,1,2,1,2,0,1,1,1,2,0,1,2,1,1,1,1,1,0,1
chr1:8500960,rs535,A/G,0,1,1,0,2,1,2,0,1,0,0,0,1,2,1,1,1,1,0,1,1,1,0,0,1,1,1,1,1,0,2,1,0,0,1,1,1,1,1,1,1,2,2,1,0,2,1,1,1,1,1,1,2,1,0,0,0,1,0,1,2,2,0,0,0,0,1,1,0,0,0,1,0,1,1,1,1,1,0,1,1,1,2,1,1,1,1,1,1,0,0,1,1,1,1,0,1,1,1,2,0,1,0,0,0,2,0,1,0,1,1,0,1,0,0,1,1,1,0,1,1,1,1,2,1,1,0,2,1,1,1,0,1,0,1,1,1,1,2,0,0,0,1,1,0,1,2,1,2,0,2,1,1,0,1,1,0,0,2,0,1,1,2,1,0,1,1,1,1,1,2,2,0,0,1,1,1,2,2,2,0,1,2,0,1,0,2,0,1,1,2,1,0,2,1,1,1,1,1,0
chr2:4040267,rs536,T/A,0,1,1,0,0,0,2,1,0,1,1,0,1,1,1,2,1,1,1,2,0,0,1,1,1,0,1,1,2,1,1,0,0,1,2,1,2,0,0,1,1,1,1,1,1,1,0,1,0,0,1,1,2,0,2,1,2,1,0,1,1,2,1,2,2,1,2,1,0,0,0,1,0,2,2,2,2,2,0,0,1,1,1,1,2,0,2,1,2,0,0,1,2,1,0,2,1,1,0,0,1,1,0,2,0,0,2,0,0,1,0,2,0,2,1,2,1,1,1,1,1,1,1,1,2,1,1,0,1,2,1,0,1,2,0,2,1,1,2,1,1,0,2,1,0,1,1,2,0,1,0,0,2,1,1,0,2,1,1,2,1,1,1,1,1,1,2,1,1,0,1,1,0,2,2,2,0,1,1,1,2,0,0,1,1,1,1,0,1,0,1,0,0,0,1,0,0,1,2,2
chr2:2180887,rs537,C/G,1,2,2,2,0,2,1,1,1,1,2,2,1,0,1,1,2,1,2,2,0,0,0,1,2,1,2,2,0,0,1,2,1,0,0,2,1,1,0,1,2,2,1,1,1,1,0,0,0,2,2,1,2,1,2,0,1,1,2,2,0,1,2,1,1,1,0,2,1,0,2,2,1,1,0,2,0,2,2,0,2,2,2,1,1,0,1,1,0,0,1,1,0,1,2,0,2,2,1,0,2,0,1,1,2,2,0,0,1,2,1,2,0,0,0,0,2,2,2,1,1,0,1,0,1,0,1,2,2,1,0,0,0,1,1,0,2,1,1,2,1,2,1,1,0,0,1,1,0,0,1,1,1,1,2,2,1,1,1,0,1,2,0,1,0,2,0,1,1,0,1,0,1,0,1,1,1,1,1,0,1,0,1,2,2,0,0,1,0,1,1,2,0,2,2,1,1,0,1,1
chr2:2896220,rs538,A/G,0,1,0,0,1,1,1,1,1,1,0,1,1,0,2,0,1,1,0,1,2,1,0,0,0,1,1,1,1,1,0,1,1,0,0,0,1,1,1,1,1,1,0,2,1,0,1,0,0,1,1,0,1,1,1,0,0,2,1,2,1,1,1,0,0,0,2,1,2,1,0,2,1,2,0,0,0,0,1,2,2,1,0,0,0,1,1,2,0,1,1,1,2,2,0,1,0,0,2,2,1,0,1,1,0,2,1,1,1,0,1,1,1,1,0,2,1,1,0,0,0,0,0,0,0,0,2,0,0,1,0,1,1,0,0,1,0,1,0,2,0,2,0,0,1,0,0,2,1,0,1,1,0,2,1,1,1,1,1,1,0,0,1,2,2,1,1,0,0,0,1,0,0,0,1,0,1,1,2,2,1,1,1,0,0,1,0,1,0,0,1,0,0,0,0,0,0,1,2,1
chr3:2367223,rs539,C/G,0,1,2,1,1,0,1,0,0,0,2,0,1,1,1,1,2,1,1,0,1,1,0,2,2,1,2,0,1,1,0,1,1,0,0,0,0,1,1,1,1,2,0,0,1,2,1,1,1,0,0,1,0,1,0,1,0,1,1,1,0,1,2,2,0,2,0,0,1,1,1,1,0,0,1,0,1,1,1,1,0,1,1,2,0,2,2,1,1,1,0,1,0,1,1,1,0,1,2,1,1,1,1,0,1,0,1,1,0,0,1,0,0,1,0,0,1,2,0,2,1,0,2,0,1,1,1,0,0,2,1,1,1,0,1,0,0,2,2,0,0,2,1,0,0,1,1,2,1,2,1,0,0,0,0,1,1,1,0,1,1,2,1,0,1,2,1,0,0,1,1,0,1,1,0,1,0,1,0,0,1,1,1,1,0,0,1,0,1,1,0,1,0,1,0,1,1,1,0,1
chr2:5273445,rs540,G/C,0,0,1,0,2,0,1,0,1,1,0,0,1,1,0,0,1,0,0,1,1,1,0,2,0,1,2,1,1,1,0,0,1,1,2,0,0,1,0,0,1,1,0,0,1,0,0,0,0,0,0,1,0,1,0,0,1,0,0,0,1,0,1,0,0,1,1,0,1,0,0,0,1,0,1,0,0,1,1,1,0,1,0,1,1,0,0,0,2,0,1,0,0,1,1,1,0,0,1,2,0,0,0,1,0,1,1,1,0,1,1,1,1,0,1,1,0,0,1,0,1,2,0,2,0,1,1,0,2,1,1,0,0,0,0,1,1,0,0,0,1,0,1,1,1,0,0,1,0,1,1,0,0,0,0,2,0,1,0,0,1,1,0,0,0,0,1,0,0,1,1,0,1,1,0,1,0,0,2,0,0,0,1,0,0,1,1,1,0,0,1,0,0,0,1,1,0,1,1,0
chr4:7681935,rs541,T/C,1,0,0,0,1,1,1,0,1,0,0,0,0,0,0,0,1,0,0,0,2,0,0,1,2,0,0,1,0,0,1,0,0,0,0,1,1,0,0,0,1,0,0,0,0,0,0,1,0,0,0,2,0,0,0,0,0,1,0,0,0,0,1,0,1,1,0,1,0,0,0,0,0,0,2,1,0,0,0,1,0,0,0,0,0,0,0,0,0,0,0,2,0,0,0,0,0,0,0,0,0,0,0,1,1,1,1,0,1,0,1,0,0,0,0,0,1,1,0,0,1,0,0,1,0,2,1,1,0,0,1,0,0,0,0,0,0,0,0,1,0,1,1,0,0,0,1,0,0,0,0,0,0,0,0,0,0,0,1,0,0,1,0,0,0,1,0,0,1,0,1,1,0,1,0,0,0,1,0,0,0,1,0,0,1,0,0,0,0,0,0,0,0,0,0,0,1,0,0,0
chr4:7689142,rs542,G/T,0,0,1,0,1,1,1,1,0,1,1,2,0,0,0,1,2,0,0,2,1,1,0,1,2,1,0,0,0,2,1,0,2,1,1,2,1,2,2,0,1,2,0,2,0,1,1,2,1,0,2,1,2,1,2,0,2,1,1,0,0,1,1,1,2,2,1,1,2,0,0,1,1,1,1,2,2,1,1,1,0,2,1,0,1,1,1,0,1,2,0,0,0,0,0,2,1,2,1,1,1,1,1,1,0,1,0,0,1,1,0,1,0,2,0,2,0,1,0,2,1,0,0,2,0,2,0,0,2,1,0,0,1,2,1,1,1,1,0,1,1,1,0,0,2,0,1,2,1,0,1,2,2,1,0,2,2,2,0,1,0,0,1,0,2,2,2,0,1,0,1,0,1,1,1,0,0,0,1,2,2,1,0,1,0,1,2,0,2,1,0,1,2,0,0,1,1,0,0,0
chr1:1647296,rs543,C/A,1,2,1,0,0,1,0,2,1,1,1,1,1,1,1,0,1,1,0,1,0,2,0,1,1,0,2,0,1,1,2,1,0,1,2,1,0,1,0,0,2,1,0,0,1,2,0,0,0,1,1,0,1,0,0,0,0,1,1,0,1,1,1,1,2,1,1,1,0,1,1,0,0,2,0,1,1,0,0,1,0,2,1,1,1,1,0,0,0,0,2,2,0,2,1,0,1,0,0,0,2,2,1,0,0,0,1,0,1,0,1,1,1,0,0,0,1,0,0,1,2,1,1,0,2,0,1,1,1,0,2,2,0,1,0,0,1,2,1,1,1,0,2,2,1,0,1,1,2,0,0,1,1,1,2,0,0,1,1,0,1,1,0,1,2,0,1,0,1,2,1,0,0,0,1,1,1,0,1,0,1,1,1,1,1,1,1,0,1,0,1,0,1,2,0,1,1,0,1,0
chr4:1800101,rs544,A/G,1,0,1,1,0,1,2,1,1,0,1,1,0,1,1,0,1,1,0,0,0,2,2,1,1,1,1,1,1,0,2,0,2,0,1,1,0,2,1,0,2,0,0,0,0,1,1,1,1,0,2,1,0,1,2,2,1,2,1,1,0,1,2,0,0,2,1,0,1,0,1,0,1,1,1,2,1,0,1,0,1,1,1,1,0,2,0,1,0,1,2,1,0,1,1,2,0,2,1,0,1,1,0,0,2,0,1,1,0,1,2,0,0,2,0,0,1,2,1,1,1,1,2,1,1,0,2,1,1,0,1,0,1,0,0,0,1,0,2,1,0,2,0,0,0,2,0,1,0,2,2,1,0,0,0,1,0,0,1,1,0,1,1,1,0,0,1,1,0,0,2,1,0,0,0,1,0,1,2,0,0,1,1,1,2,2,0,0,0,0,1,0,1,1,0,1,1,0,1,1
chr2:7014126,rs545,T/A,0,0,1,1,0,2,0,0,1,2,0,1,1,1,0,1,2,0,2,0,0,0,1,1,0,1,0,0,2,1,1,1,1,0,1,0,1,0,0,0,1,0,1,0,1,1,0,1,1,1,0,0,1,1,0,0,2,0,1,1,1,0,2,1,1,1,0,2,1,1,0,2,2,0,2,1,1,1,1,1,2,1,0,1,0,1,0,1,1,1,1,2,0,0,0,1,1,0,1,1,0,0,1,0,0,2,1,2,0,1,0,0,1,2,2,2,1,0,1,0,0,2,0,1,2,0,1,1,1,2,1,0,1,1,0,2,0,1,1,1,0,1,1,0,0,1,0,1,0,1,0,2,2,1,0,2,1,2,1,1,1,1,0,2,0,1,2,1,0,0,1,1,1,2,1,1,0,0,1,1,2,1,2,1,2,2,1,0,1,0,1,0,1,0,0,1,1,1,1,0
chr3:9885366,rs546,T/G,0,1,1,0,1,1,1,1,0,1,0,1,0,1,1,1,0,1,1,0,1,0,0,0,0,0,1,0,0,1,1,1,0,0,0,0,1,0,0,0,0,1,0,1,0,0,0,1,0,0,1,0,0,1,1,0,0,0,2,1,0,0,0,2,0,1,0,1,0,1,1,0,1,0,1,0,0,1,0,0,1,0,1,0,0,0,0,1,1,0,1,0,1,1,0,1,2,1,0,0,1,1,0,0,0,1,0,0,1,0,0,1,0,0,1,0,0,0,1,0,1,0,1,0,1,1,0,0,0,0,0,0,0,0,0,0,0,2,0,1,0,1,2,1,0,1,0,0,0,0,0,0,1,1,0,0,0,0,1,0,0,1,0,1,1,0,1,2,1,0,0,0,0,0,0,0,0,1,0,0,1,1,1,0,0,0,1,0,1,1,0,2,0,1,0,2,0,0,0,1
chr2:9121757,rs547,T/C,1,0,2,0,0,0,0,0,1,0,1,0,1,1,0,1,0,0,1,1,0,1,1,1,1,1,0,2,1,0,0,1,1,0,0,1,0,1,0,1,0,0,2,0,1,1,1,0,1,1,1,0,0,0,0,1,0,0,0,1,1,0,0,2,1,0,0,0,0,1,0,1,1,1,0,0,0,0,0,0,1,0,0,0,1,0,1,0,1,1,0,2,1,2,0,2,0,0,1,1,2,0,1,2,1,1,1,1,0,0,2,1,0,1,0,0,1,0,2,2,1,0,0,1,1,0,1,1,0,0,2,0,0,0,0,0,1,1,0,1,0,1,2,0,0,0,1,0,1,0,0,0,1,2,1,2,1,0,1,1,0,0,0,0,0,0,1,0,0,0,0,0,1,0,1,0,0,0,0,0,0,0,0,0,0,0,1,0,0,2,1,0,1,1,0,0,1,1,1,1
chr1:8376519,rs548,C/A,1,2,1,0,1,1,0,1,1,1,0,0,1,1,1,0,0,0,1,1,0,0,1,1,2,0,0,1,2,2,0,1,2,2,0,0,1,1,1,1,1,0,0,1,1,2,0,0,0,0,1,0,0,0,0,1,1,1,1,0,0,2,1,0,1,1,1,2,0,2,1,2,1,2,0,1,2,0,1,2,0,1,1,1,1,0,1,1,1,2,1,0,1,2,1,0,0,1,2,2,1,2,0,0,1,1,0,1,1,0,0,0,0,0,1,0,0,0,2,2,1,0,0,0,1,1,0,0,1,0,1,0,1,2,0,0,0,1,2,1,2,0,0,0,1,1,1,0,1,1,1,0,1,1,2,1,0,1,1,1,2,0,1,1,0,1,1,1,1,0,1,2,1,2,0,2,2,0,0,1,0,2,0,0,1,0,2,1,1,1,1,1,0,1,2,2,0,1,2,1
chr4:6416775,rs549,A/C,2,0,1,1,1,2,2,2,1,0,0,1,1,0,2,1,0,1,1,1,1,0,0,1,2,2,0,2,1,1,1,2,1,0,2,2,1,1,0,0,0,1,1,0,2,1,2,0,2,2,2,1,1,2,2,1,0,0,0,2,2,1,1,1,1,1,1,0,1,1,0,1,1,1,0,1,1,2,0,0,1,1,1,0,2,2,1,0,1,0,0,0,0,2,2,0,1,0,0,1,1,0,0,0,1,1,1,1,2,2,1,2,0,0,0,0,1,1,2,1,1,0,0,0,0,2,0,1,1,0,0,1,2,1,2,0,1,0,1,0,2,1,1,0,1,0,2,1,0,2,0,0,1,1,0,1,0,1,1,1,0,2,1,0,2,0,2,2,1,1,1,1,2,1,1,0,2,1,0,1,0,0,2,2,1,1,1,0,0,1,1,0,2,1,1,1,1,0,0,2
chr4:4144480,rs550,A/G,1,1,2,1,1,1,2,1,0,1,1,0,2,2,0,2,1,1,0,0,1,1,1,1,2,1,0,1,1,1,1,0,0,1,1,1,2,1,1,0,2,0,2,2,0,2,1,2,2,1,1,1,1,0,1,0,1,0,0,0,1,0,1,2,1,2,1,1,2,2,2,2,1,2,0,0,1,2,0,1,1,2,0,1,0,0,2,0,0,2,1,2,1,0,1,1,1,1,1,2,1,1,2,0,1,1,1,0,0,1,1,1,0,1,1,0,0,2,0,0,1,2,2,2,1,2,1,1,1,1,1,1,1,2,2,1,0,1,0,1,1,1,1,0,0,0,1,1,1,1,1,0,1,0,0,0,1,1,1,0,1,0,1,2,2,2,0,1,1,2,1,1,1,0,1,1,2,0,2,2,1,1,1,0,2,0,1,0,0,1,1,2,0,2,2,0,1,0,1,2
chr3:5828761,rs551,T/C,2,0,2,0,1,0,1,1,1,1,2,1,2,1,0,1,1,0,1,1,0,1,0,0,1,0,1,1,1,2,1,2,1,1,1,1,0,0,0,1,1,1,0,0,0,0,0,1,1,1,0,1,1,0,2,0,0,0,1,1,1,1,0,2,1,2,1,1,0,1,0,2,1,1,0,2,1,1,0,1,1,2,0,2,1,0,1,0,2,0,1,0,1,2,0,0,0,2,0,1,0,1,1,2,1,1,1,0,1,1,2,1,0,1,0,1,1,1,2,1,2,0,2,0,2,0,1,2,1,1,1,1,1,1,1,0,0,1,1,1,2,0,2,0,1,0,0,0,1,2,1,0,1,0,0,1,1,2,1,0,2,2,1,0,1,1,1,0,0,1,1,2,1,0,1,0,0,1,1,2,1,0,2,2,1,1,1,1,1,2,2,1,1,0,1,2,1,0,1,0
chr2:6742533,rs552,C/A,1,2,1,0,2,2,0,2,2,1,2,1,0,1,2,1,0,1,0,1,1,1,0,2,2,0,1,1,1,0,2,2,1,0,1,0,1,1,0,0,1,0,1,0,2,2,2,0,2,0,2,1,2,0,1,2,1,1,1,2,1,1,0,1,0,0,1,1,0,1,2,0,1,0,2,0,1,2,1,1,0,0,1,1,0,0,2,0,1,1,0,1,0,0,1,1,2,1,2,2,1,0,0,1,1,1,1,1,0,1,1,1,0,0,0,1,1,2,1,1,0,2,0,1,0,1,0,1,0,0,1,0,2,0,1,2,1,0,2,1,1,2,0,1,1,1,1,1,0,0,0,2,0,1,1,0,1,0,1,2,1,1,0,1,1,1,1,0,0,1,1,0,1,0,0,1,0,0,0,2,0,2,1,2,1,0,1,1,1,1,0,0,2,2,1,2,0,1,1,1
chr1:3825896,rs553,A/T,1,1,2,1,0,1,1,2,1,0,0,2,2,0,1,1,1,0,2,1,1,1,2,1,0,1,1,0,1,1,0,2,1,2,0,2,1,1,1,1,2,2,1,1,0,1,0,0,1,0,2,1,1,1,2,2,1,2,0,1,1,1,1,0,0,2,1,0,2,1,1,1,1,1,1,1,1,0,0,2,1,2,1,1,1,0,1,1,0,1,1,0,0,0,0,2,1,2,1,0,2,0,1,0,1,0,1,0,1,0,1,1,0,1,1,2,1,2,0,0,0,2,0,1,0,1,1,1,0,1,0,0,0,1,2,1,2,1,1,1,1,0,2,1,0,2,1,0,2,1,0,1,2,0,0,0,0,0,1,1,0,1,1,0,1,1,0,0,1,0,0,1,1,2,0,2,1,1,2,0,1,1,0,1,1,0,1,1,0,1,0,1,0,1,0,1,0,0,0,1
chr1:3739956,rs554,A/G,1,1,1,1,0,1,0,2,2,1,1,1,1,0,1,0,2,2,1,1,0,1,1,0,1,1,0,1,1,1,1,0,0,2,1,0,2,0,2,1,1,1,0,1,1,1,2,1,1,1,2,2,1,1,0,1,0,2,1,2,1,0,1,1,2,1,1,1,1,1,1,1,2,0,0,1,0,0,1,1,0,1,0,1,0,0,0,1,1,1,0,2,1,0,0,0,2,2,0,0,0,0,2,0,1,0,1,0,0,2,0,0,1,1,1,0,1,0,2,1,0,1,0,2,0,2,2,0,0,1,0,1,0,1,0,0,0,0,1,0,2,1,0,0,0,1,1,2,1,1,0,1,1,2,1,1,0,1,0,1,1,0,0,1,1,2,0,0,2,1,0,2,0,1,1,0,1,0,0,1,1,2,1,1,0,1,0,1,1,0,2,1,0,1,1,1,1,2,0,1
chr1:9908385,rs555,A/C,0,1,1,0,1,0,0,0,1,1,1,0,0,1,2,1,0,0,2,0,1,0,0,0,0,0,1,1,1,1,0,0,1,1,1,0,0,0,1,1,1,0,1,1,0,0,0,1,0,0,0,0,0,0,1,2,0,1,0,1,0,0,1,0,0,0,1,1,1,1,2,0,0,0,1,0,0,0,1,1,0,1,1,1,0,0,0,0,1,0,1,1,0,0,0,0,1,1,1,1,1,0,0,0,1,1,1,2,2,1,1,0,0,1,1,2,0,1,0,0,0,0,1,0,2,1,0,1,1,1,0,0,0,1,0,1,0,1,0,1,0,0,1,0,0,1,1,0,1,0,1,0,0,0,0,0,0,0,1,1,0,2,1,1,0,1,1,0,1,1,1,2,1,0,1,0,0,0,0,1,0,0,1,0,0,0,1,1,0,0,0,2,1,0,1,0,0,1,0,1
chr2:3887698,rs556,T/C,1,1,0,0,0,0,0,1,0,0,1,1,0,1,0,0,0,0,0,0,0,0,0,0,0,0,0,0,1,1,1,0,0,0,0,0,1,0,0,0,0,0,2,1,1,0,0,0,0,1,0,0,0,2,1,2,0,0,0,0,0,1,1,0,0,0,0,1,0,1,0,0,0,1,0,0,0,0,1,0,0,0,0,2,2,2,0,1,1,0,0,1,0,0,0,1,1,0,0,1,0,0,2,0,0,0,0,0,0,1,0,0,0,2,2,1,1,0,0,1,0,0,0,1,0,0,0,0,1,0,1,0,0,0,0,0,0,1,0,1,1,0,0,0,1,0,0,0,1,0,0,0,0,2,0,1,1,1,1,1,0,1,2,0,0,0,1,0,0,1,0,0,1,0,0,0,0,0,1,0,0,2,0,0,1,0,0,0,0,0,1,0,0,0,0,1,1,0,0,0
chr2:5031464,rs557,C/G,1,2,1,1,0,1,1,1,0,2,1,0,1,0,0,1,2,0,1,0,1,1,1,1,0,0,1,0,1,1,2,1,1,0,0,1,0,0,0,1,1,1,0,0,2,0,2,1,0,2,1,1,1,2,1,1,0,0,1,0,0,0,2,0,0,1,1,1,0,2,0,0,2,1,1,0,0,1,1,0,1,2,0,0,0,1,0,0,0,1,2,1,0,2,0,0,1,0,1,0,2,1,1,0,1,1,0,1,1,1,1,1,0,0,1,1,0,0,0,2,2,0,0,0,1,0,2,0,1,2,0,0,1,1,1,1,0,1,0,0,1,0,0,1,1,1,1,1,1,0,1,0,0,1,1,0,1,1,2,1,0,0,1,1,1,1,0,2,1,1,1,1,1,0,2,0,1,0,1,1,0,0,1,0,0,1,1,1,1,0,2,2,0,0,0,0,1,1,0,1
chr1:7133066,rs558,A/C,0,0,0,1,0,0,1,0,0,2,0,0,2,1,2,0,1,1,2,1,1,0,0,0,1,1,1,0,1,1,1,0,1,0,1,1,1,0,0,2,1,2,1,0,1,1,0,1,1,0,1,1,0,2,1,1,1,0,1,1,1,1,0,0,0,0,0,1,0,1,1,1,1,0,0,1,1,0,0,1,1,1,1,0,1,0,2,1,1,1,2,1,0,1,1,1,1,1,2,0,0,0,0,0,0,0,0,0,0,0,1,0,0,0,1,1,1,0,1,1,1,1,0,1,1,0,1,1,2,0,0,0,0,0,0,1,0,1,0,1,0,1,0,0,0,1,1,0,1,0,1,1,1,0,1,0,1,0,1,0,2,1,0,1,1,1,1,0,0,0,1,1,0,2,0,2,0,2,0,0,2,1,1,0,0,1,1,1,1,1,2,2,1,0,0,1,2,1,0,1
chr2:3736582,rs559,A/T,0,1,0,1,0,1,0,0,0,1,1,0,0,0,0,1,2,0,0,2,1,1,0,1,1,2,1,1,0,1,0,2,2,0,1,1,1,0,1,0,1,0,2,0,1,1,2,0,0,0,0,1,2,0,0,1,0,1,0,2,1,2,1,1,1,1,1,0,2,1,2,1,0,1,0,0,0,1,1,1,1,0,1,0,1,2,2,1,2,1,1,0,1,0,0,0,0,1,0,0,0,1,1,1,2,1,0,1,1,2,1,0,1,1,0,1,1,0,2,1,0,1,2,1,1,2,0,0,1,2,1,2,0,1,0,1,1,0,2,1,0,0,0,1,0,0,1,1,1,2,1,0,1,0,1,1,0,0,0,1,1,0,1,0,0,1,0,0,2,0,1,1,1,0,1,1,0,2,0,1,1,0,0,0,0,0,0,1,0,1,0,1,0,2,1,0,1,0,2,1
chr3:6594176,rs560,G/T,0,0,0,0,0,0,0,1,1,0,1,2,1,0,0,0,0,0,0,0,0,0,0,0,1,0,1,0,1,1,0,0,0,1,0,0,0,0,0,1,0,0,0,0,0,1,0,1,0,0,0,0,0,0,0,1,0,0,0,0,0,0,0,0,1,1,1,0,2,0,0,0,0,0,0,0,0,0,0,0,0,0,1,0,0,1,0,0,1,0,1,0,0,0,0,0,1,1,0,0,0,0,0,0,0,1,0,1,0,0,0,0,0,0,0,0,0,0,0,1,0,0,0,0,1,0,1,0,1,0,1,1,1,1,0,1,0,0,0,0,0,1,0,1,0,0,0,0,1,1,0,1,1,0,1,0,1,0,0,0,0,1,0,0,0,0,0,0,0,0,0,0,0,1,0,1,0,0,1,0,0,0,1,0,0,0,0,1,0,0,0,0,2,0,0,0,1,0,0,0
chr3:5032654,rs561,A/G,0,0,0,2,0,0,0,0,1,0,1,0,2,0,1,0,0,1,1,0,1,1,0,1,0,1,0,1,0,1,0,1,1,0,0,0,0,0,1,1,1,0,0,0,1,0,0,0,0,0,1,1,0,0,0,0,0,1,0,1,0,2,0,0,0,1,0,1,0,0,0,0,1,0,0,0,0,1,1,1,0,1,0,0,0,0,0,0,0,1,0,0,0,1,0,0,1,0,0,0,0,0,0,0,0,0,1,0,0,1,0,0,0,0,0,0,0,0,0,1,0,1,1,0,0,0,0,0,0,0,0,0,0,0,1,1,0,1,0,1,1,1,1,0,0,0,1,0,0,0,1,1,0,0,0,0,0,1,0,0,1,0,0,1,0,1,0,0,0,0,0,1,0,0,0,1,1,0,0,0,1,1,0,0,0,0,0,0,0,1,0,0,0,1,1,0,0,1,1,1
chr4:7978140,rs562,A/T,1,2,0,1,1,0,0,1,1,1,1,0,2,0,0,0,1,0,1,0,2,1,2,1,1,2,0,1,0,2,1,0,0,2,0,0,1,2,0,2,1,0,1,1,1,1,1,1,1,1,2,2,1,0,0,2,0,1,2,1,1,1,0,2,2,2,1,0,1,1,1,0,2,2,1,2,0,2,1,1,2,1,2,0,0,0,2,1,2,1,0,0,1,2,0,1,1,0,1,1,0,1,1,1,0,0,2,1,1,2,1,0,1,1,1,1,2,1,1,1,0,2,0,1,0,1,1,0,0,0,0,0,0,0,2,1,2,1,1,1,0,1,0,1,0,1,1,2,0,1,0,2,1,2,0,1,1,1,2,0,1,0,1,2,1,2,1,2,2,1,1,1,2,1,0,1,1,0,0,0,1,1,0,1,0,0,0,1,0,2,1,1,1,2,1,1,0,1,1,1
chr1:4037099,rs563,T/C,1,1,1,1,2,2,2,0,1,0,1,0,1,2,2,1,1,0,1,1,0,1,0,1,0,2,1,1,0,2,2,1,0,1,2,1,2,2,1,0,2,1,1,1,2,0,1,1,0,2,1,1,1,1,1,2,1,1,1,0,1,0,1,0,1,1,0,1,1,1,1,2,0,2,0,0,1,2,2,1,2,1,2,0,1,2,1,2,0,0,1,1,1,1,1,2,1,0,1,1,0,1,1,0,0,1,1,0,1,0,0,1,2,1,0,1,1,2,2,1,1,2,1,2,1,1,0,1,0,1,1,2,0,0,1,2,2,1,0,1,2,2,1,2,1,1,1,0,1,2,1,1,1,0,0,1,1,1,2,1,1,0,1,1,1,1,1,0,1,2,1,1,1,2,0,1,1,1,1,2,1,0,1,2,1,1,1,0,1,1,1,1,0,2,1,0,0,1,0,1
chr3:9100706,rs564,G/T,2,0,1,1,0,1,1,0,0,0,1,2,1,0,0,0,1,2,1,0,1,1,1,1,1,1,1,0,1,1,0,0,2,0,1,0,0,1,2,1,0,0,1,1,2,1,2,0,1,1,0,1,0,0,1,1,0,0,1,1,0,0,1,0,0,0,1,0,0,0,1,0,0,1,1,2,1,1,0,1,1,0,0,1,0,1,0,1,2,1,1,1,1,1,0,0,1,1,2,0,2,1,0,1,1,0,1,2,2,1,1,0,1,2,1,0,0,1,0,0,0,2,0,0,1,0,1,1,0,1,0,1,2,1,2,1,1,1,0,2,2,1,1,0,0,1,0,2,1,2,1,1,1,2,1,0,0,1,2,1,1,0,1,1,1,1,0,1,1,0,0,1,0,1,2,0,1,1,0,0,1,0,0,1,1,1,1,1,0,1,1,2,0,2,2,1,1,1,2,1
chr2:7579137,rs565,T/A,0,0,1,1,0,1,0,0,1,0,0,0,2,1,0,0,1,0,0,0,0,0,0,0,0,2,2,0,1,0,2,0,0,0,0,0,1,0,2,0,0,0,0,1,0,1,0,1,1,1,1,1,1,1,0,1,1,1,0,0,0,1,1,0,0,1,0,0,0,0,0,0,0,0,2,0,0,0,1,1,0,1,0,1,1,1,1,0,1,1,0,1,0,0,0,0,0,0,0,0,1,0,0,1,0,2,1,0,0,0,0,1,0,1,0,0,1,0,1,1,0,0,0,0,0,2,0,1,0,1,1,1,1,1,0,1,0,0,0,1,0,1,1,0,0,0,1,0,0,0,0,1,0,0,0,0,0,0,0,0,1,1,1,0,1,0,1,0,0,0,0,0,0,0,0,0,0,1,1,0,0,1,0,0,2,1,0,0,1,0,0,0,1,0,0,0,0,1,1,0
chr3:1225049,rs566,G/T,1,0,0,0,1,2,1,1,0,0,1,0,0,0,0,1,1,1,1,0,2,1,1,0,0,0,1,1,2,1,1,1,1,0,0,1,0,1,2,0,1,0,1,1,0,2,1,0,0,2,1,1,2,1,1,2,1,0,2,0,2,2,0,0,2,0,1,1,0,1,0,0,1,0,1,1,1,1,0,1,1,0,0,1,0,0,1,1,1,1,2,1,2,2,1,0,2,0,1,1,0,1,1,1,0,0,0,0,1,0,0,1,0,0,0,1,1,0,0,2,0,1,2,1,1,2,0,0,1,1,2,0,2,2,0,0,2,2,0,0,1,0,1,0,0,1,1,1,1,0,1,2,1,1,1,2,1,1,0,1,0,0,1,1,1,1,2,2,2,2,1,1,0,2,0,2,0,0,0,1,1,2,1,1,1,2,2,0,1,0,2,0,0,1,2,0,0,1,2,1
chr2:1747419,rs567,A/T,0,1,0,0,0,0,0,2,2,0,2,2,0,1,0,1,0,1,1,0,1,0,0,0,0,2,2,1,0,0,1,0,1,0,0,0,1,1,0,2,0,0,1,1,1,1,2,1,2,2,1,1,1,1,1,1,1,1,1,2,0,1,1,0,1,1,1,1,0,1,0,2,0,1,1,0,1,0,0,0,0,1,2,1,1,0,0,1,0,1,1,0,1,2,1,1,1,1,1,1,0,0,0,1,1,0,1,1,1,1,1,0,0,0,1,1,2,1,0,2,1,2,2,0,1,1,2,0,1,1,0,0,1,1,0,0,1,1,0,0,1,0,0,1,0,1,0,2,1,2,0,2,1,0,1,0,1,1,0,0,1,0,1,1,1,0,2,1,0,0,0,1,0,0,2,1,0,1,0,1,0,0,0,0,1,0,0,1,2,1,1,0,0,1,2,0,2,0,2,1
chr2:6537803,rs568,A/C,0,1,0,0,0,0,0,0,1,0,0,0,0,0,0,0,0,0,0,0,0,0,0,0,1,1,0,1,0,1,0,0,0,0,0,0,0,0,0,0,0,1,1,0,0,1,0,0,0,0,0,0,0,0,1,0,0,0,0,0,0,1,0,0,0,1,0,0,0,0,0,1,0,0,0,1,0,0,0,0,0,1,0,0,1,1,0,1,0,0,0,1,0,0,0,0,1,0,0,0,0,1,0,0,0,0,0,0,0,0,0,0,1,0,0,1,0,0,0,0,0,0,0,0,0,0,1,0,0,0,0,1,0,0,0,0,0,0,0,0,0,0,1,0,0,0,0,0,1,0,0,0,0,1,1,1,0,0,0,1,1,0,0,0,1,0,0,0,0,2,0,0,0,0,0,0,1,1,0,0,0,0,0,0,0,1,0,0,1,0,0,1,1,0,1,0,1,1,1,0
chr4:9793380,rs569,C/G,0,1,0,0,1,0,1,2,0,0,1,1,2,0,0,1,1,1,1,0,0,1,0,0,0,0,0,0,0,0,0,0,0,0,0,0,0,1,0,1,0,0,1,1,1,0,0,0,0,0,1,2,0,1,1,0,1,0,1,0,1,1,1,1,1,0,1,1,2,0,0,1,2,0,1,0,1,1,0,1,0,0,1,0,1,1,1,0,0,0,0,0,0,0,1,0,0,0,1,2,0,0,0,1,0,0,0,1,1,1,0,2,0,0,0,1,0,0,0,0,1,0,0,0,0,0,0,1,0,0,0,0,1,1,0,1,0,0,1,0,0,2,1,1,0,0,1,0,0,1,0,0,0,0,1,0,0,0,0,1,1,0,0,1,0,0,0,1,0,1,0,0,1,0,0,0,0,1,0,0,1,0,1,0,0,0,0,0,0,0,1,1,1,0,0,2,2,0,1,0
chr3:3086213,rs570,T/C,1,0,0,0,0,0,1,0,1,0,0,0,0,0,0,1,0,0,0,0,0,0,1,0,0,0,1,0,0,1,0,0,2,0,0,1,0,0,1,1,0,0,0,0,0,1,1,0,0,1,1,1,0,0,0,0,1,0,0,0,0,1,0,2,1,1,0,0,0,0,1,1,0,0,0,0,0,0,1,0,0,0,1,0,0,1,0,1,0,0,0,1,0,1,0,0,0,0,1,0,0,0,0,0,0,0,0,0,0,0,1,1,1,1,1,1,1,0,0,0,1,0,1,0,0,1,0,1,0,0,1,1,1,1,1,0,0,0,0,1,1,1,1,0,1,0,0,0,1,1,0,1,0,1,0,2,0,0,0,0,0,0,1,0,1,1,1,2,0,2,0,0,0,1,0,0,0,0,1,0,0,0,0,0,0,0,0,0,0,0,0,0,0,0,0,0,0,1,0,0
chr4:8313834,rs571,A/T,1,1,1,1,0,1,0,0,0,0,1,1,0,1,1,0,0,0,0,2,1,0,0,0,0,0,1,1,0,1,0,0,0,0,1,0,0,1,1,1,0,1,1,2,0,0,0,1,0,1,0,1,0,1,1,0,1,0,1,1,1,0,0,0,0,0,0,1,0,1,1,2,1,0,0,0,1,0,0,0,0,0,0,0,0,0,1,1,1,0,0,0,0,1,1,0,1,1,1,1,1,0,1,2,0,0,1,0,0,1,1,0,0,2,1,2,1,0,0,0,0,0,0,0,0,1,1,0,0,1,1,1,1,1,0,0,0,0,1,0,0,1,1,0,0,0,0,0,1,1,0,0,2,0,1,0,0,0,1,1,0,0,0,0,0,1,0,0,0,0,0,0,0,1,0,1,0,0,1,0,1,1,1,1,0,2,0,1,0,0,2,1,1,0,1,0,1,2,0,0
chr3:6044842,rs572,C/G,0,2,0,2,1,0,1,0,0,0,0,1,0,1,0,1,0,0,0,1,2,0,1,1,0,0,0,2,0,0,1,0,1,0,1,1,1,1,0,1,0,1,0,0,1,0,0,1,0,0,1,1,0,1,1,0,2,0,0,1,0,1,0,0,1,0,0,0,0,0,0,1,1,0,1,0,0,1,1,1,2,0,1,0,2,0,2,0,1,2,0,1,1,1,1,0,0,0,1,0,0,0,0,1,0,0,0,1,0,0,1,0,0,0,0,1,1,0,0,0,1,1,2,0,0,1,0,1,0,2,0,0,0,1,0,0,1,0,2,0,0,0,0,1,1,0,0,0,1,0,1,1,1,1,0,1,0,1,0,1,0,1,0,2,0,0,0,2,0,1,0,0,1,0,0,1,0,0,0,0,1,1,0,0,0,1,0,1,0,0,1,1,0,0,0,0,0,1,0,1
chr1:7592910,rs573,A/G,0,0,0,0,0,1,1,0,1,1,1,1,0,1,0,2,0,0,2,0,1,0,0,0,0,0,0,0,0,1,0,0,1,0,0,1,1,1,1,0,1,0,1,0,0,0,0,1,0,0,0,0,0,1,0,0,0,0,0,1,1,0,1,0,2,0,0,0,0,0,0,0,0,1,0,0,0,0,0,0,1,0,0,0,1,0,1,1,0,1,0,1,2,1,0,0,0,0,0,0,1,1,0,0,1,1,0,1,1,0,0,0,1,1,1,1,0,0,0,0,0,0,0,0,0,0,0,0,0,1,1,0,1,0,0,1,0,0,0,0,0,1,0,0,0,0,0,0,0,1,0,1,0,0,1,0,0,0,0,0,0,0,0,0,0,0,0,2,0,1,0,1,0,0,0,0,1,0,1,1,1,1,1,1,1,0,1,1,0,0,1,0,2,1,0,0,1,0,0,0
chr3:8188238,rs574,G/A,0,0,1,1,0,1,1,0,1,0,1,0,0,1,0,0,1,0,2,1,0,1,1,1,1,0,0,1,1,1,0,1,0,1,0,1,0,2,0,1,0,0,0,1,0,1,0,0,0,0,1,1,1,0,2,1,0,1,0,0,1,1,0,1,0,1,1,0,1,1,1,1,0,1,0,0,1,1,1,1,0,0,1,1,0,0,1,0,1,0,0,1,0,0,0,0,0,1,0,0,0,0,0,0,0,1,1,0,0,0,0,0,0,0,0,0,0,0,1,1,1,1,0,0,0,0,0,0,1,0,0,0,0,1,1,0,0,1,0,0,0,0,1,0,0,1,0,0,0,1,1,0,1,1,1,0,0,0,0,0,0,1,1,0,0,0,1,1,1,1,1,2,0,1,1,0,1,0,0,0,1,0,1,1,1,2,0,1,2,0,0,0,0,1,0,1,1,0,1,1
chr1:1258517,rs575,C/T,0,1,1,0,2,1,0,1,2,0,0,2,0,1,1,2,1,2,0,0,0,0,2,2,0,1,0,0,1,1,1,0,1,1,1,0,0,1,2,2,1,0,0,1,1,2,1,2,0,2,2,2,0,2,1,0,1,0,0,0,1,1,2,1,1,1,0,1,0,0,1,1,2,1,0,1,0,1,0,0,2,1,2,0,0,1,0,1,1,2,0,2,1,0,1,1,2,1,1,1,1,1,1,1,0,0,1,2,1,0,1,0,1,0,0,0,2,0,0,0,1,0,1,1,1,1,1,0,1,0,1,2,0,1,1,2,2,1,0,2,1,2,2,1,0,1,0,1,1,1,0,1,1,1,0,1,1,1,2,1,1,1,1,1,1,1,1,0,2,1,0,0,0,0,2,1,0,1,1,0,1,0,0,1,1,1,0,1,2,2,2,1,0,1,1,2,0,2,0,0
chr2:7428540,rs576,G/A,1,0,0,0,2,1,2,1,0,1,1,2,0,0,0,0,1,1,0,2,1,1,2,0,1,1,1,1,1,1,1,1,1,1,1,2,2,0,0,0,0,1,0,1,1,0,0,0,2,2,1,0,1,1,1,0,1,2,1,1,2,1,1,0,0,1,1,1,0,1,1,0,0,0,1,0,0,0,0,1,1,1,2,0,1,0,1,0,1,0,1,0,1,0,2,0,1,1,0,0,1,1,1,2,0,0,1,0,1,1,1,2,1,1,0,0,0,1,1,0,2,2,0,0,1,0,1,2,1,0,0,1,1,1,1,1,0,0,1,1,2,0,2,0,1,1,1,1,1,0,0,0,1,1,1,1,1,0,0,2,1,0,0,0,1,2,1,0,1,1,2,1,2,2,0,1,0,0,0,2,1,0,0,0,0,0,0,0,0,1,1,0,0,1,1,1,2,0,0,1
chr4:5338843,rs577,C/T,0,0,0,0,0,0,0,0,0,0,0,0,0,1,0,0,0,0,0,0,1,0,0,1,0,0,0,0,1,0,0,1,1,1,0,1,0,0,0,0,0,0,1,0,1,0,0,0,0,1,0,1,0,0,0,0,0,0,0,0,1,0,0,0,0,0,0,1,0,0,0,0,0,1,0,0,0,0,0,0,0,0,0,0,0,1,0,0,0,0,1,0,0,0,0,0,0,0,0,0,0,0,0,0,0,0,0,1,0,0,0,0,0,0,0,0,0,0,1,1,0,0,0,0,0,0,0,0,0,0,0,0,0,0,0,0,0,1,0,0,0,0,0,0,1,0,0,1,1,0,0,1,0,0,1,0,0,0,0,1,1,0,1,0,0,0,0,0,1,0,0,1,0,0,0,0,0,0,0,0,0,0,0,2,0,0,0,1,0,0,0,2,0,0,0,1,1,1,0,0
chr4:6613201,rs578,T/A,1,1,1,0,2,1,0,1,1,1,2,1,1,0,1,1,2,2,1,1,0,2,2,0,1,1,1,0,1,2,0,0,0,1,0,2,1,0,0,0,0,0,1,0,0,1,1,0,0,0,2,1,1,1,1,0,2,1,0,1,2,1,1,2,0,0,0,0,1,1,0,0,1,1,2,0,1,0,0,0,1,0,2,1,0,0,0,0,1,0,0,1,1,2,0,1,0,0,2,0,1,2,0,0,0,2,2,0,1,2,0,1,0,1,0,1,1,1,2,0,0,0,1,1,0,2,1,0,1,2,0,1,1,0,1,0,1,2,1,2,2,1,2,0,1,2,1,1,0,1,2,1,2,1,0,0,1,0,1,1,1,0,2,2,1,1,0,0,0,1,2,0,0,0,0,1,1,1,1,1,1,0,2,0,2,1,2,2,0,1,0,0,0,1,1,1,0,0,0,0
chr1:4403096,rs579,T/G,1,1,0,0,1,0,0,1,0,1,0,0,2,1,0,2,0,0,2,1,0,1,0,0,1,0,1,0,0,0,1,1,1,2,0,0,0,0,0,2,1,0,0,2,1,1,0,0,0,1,0,0,0,0,1,1,0,0,0,0,1,2,1,0,1,0,1,2,2,1,0,1,0,2,0,1,0,0,0,0,1,1,0,0,0,0,1,0,0,0,1,2,0,1,1,0,0,0,0,0,0,1,1,1,1,1,1,1,0,1,1,1,1,0,0,1,0,0,2,1,0,0,0,2,2,0,0,1,1,0,0,1,0,0,1,1,1,1,0,1,0,0,1,0,0,0,0,1,0,2,1,1,1,0,1,0,1,0,0,0,2,1,0,0,0,1,0,1,0,0,0,2,1,1,1,1,1,0,0,0,0,0,0,1,1,0,0,2,0,0,0,0,1,1,0,0,1,1,1,1
chr3:7143326,rs580,G/T,0,1,1,0,0,1,1,0,2,1,2,0,1,0,1,1,1,0,0,1,1,0,2,1,2,1,2,1,1,1,0,0,0,1,2,0,2,1,1,0,2,0,0,1,1,1,2,0,0,0,0,2,0,1,2,2,1,0,1,0,0,2,1,2,2,1,1,1,0,1,0,2,2,1,1,1,0,0,2,0,1,1,1,0,1,1,2,1,0,0,0,2,0,2,1,1,1,1,1,1,1,0,1,0,1,1,0,0,1,1,1,1,0,1,1,0,2,0,0,1,0,0,1,0,1,0,1,0,2,2,0,1,1,0,1,2,1,1,1,1,2,1,2,0,1,1,1,0,0,0,0,0,1,1,1,0,1,2,2,2,1,1,1,0,0,2,1,2,0,0,0,1,1,1,1,0,2,1,1,1,2,1,1,1,2,1,0,0,1,2,1,1,1,1,0,0,0,1,1,0
chr3:8412620,rs581,C/G,1,2,1,0,1,1,1,2,1,0,1,0,0,1,0,1,1,0,0,0,2,0,2,2,0,1,1,0,1,0,1,1,1,0,2,0,2,1,1,2,1,0,1,1,1,0,1,0,0,0,0,2,1,0,1,1,1,1,0,1,0,1,1,0,0,0,1,2,1,1,0,0,0,1,2,1,0,1,2,0,0,0,1,1,0,0,0,1,0,0,0,0,1,0,1,1,0,0,0,2,0,1,1,1,0,1,0,0,0,0,0,1,0,2,0,1,1,1,1,0,0,1,1,0,0,1,1,0,2,0,1,1,1,1,0,2,1,0,0,1,0,1,1,0,0,1,1,0,1,1,1,1,1,0,0,0,1,1,0,0,0,0,2,2,0,1,0,1,1,1,1,0,0,0,2,0,1,0,1,0,0,1,0,1,1,1,0,1,1,0,1,1,0,1,0,1,0,1,1,1
chr3:7048055,rs582,A/C,1,2,1,0,1,2,0,1,1,0,2,1,1,1,0,2,0,1,0,0,0,1,0,1,1,2,1,1,2,1,2,2,1,1,1,1,1,0,1,0,0,1,0,0,1,1,2,1,1,1,1,1,2,0,1,1,2,2,2,2,1,1,0,2,1,1,0,0,0,1,1,1,1,0,0,2,1,1,1,1,0,2,2,1,1,0,0,1,1,2,0,1,2,1,1,0,0,2,1,2,1,2,1,1,1,2,1,1,1,0,2,1,1,1,0,2,0,1,1,1,0,0,1,0,0,1,1,1,0,1,0,0,1,1,2,0,1,0,0,1,1,1,1,2,0,1,1,1,0,0,2,2,0,0,0,2,0,0,1,2,1,0,1,1,1,0,1,1,0,1,2,2,1,2,1,1,1,0,1,1,1,0,2,0,0,1,2,1,1,2,1,2,1,0,0,1,2,0,1,0
chr1:9544291,rs583,G/T,0,2,0,1,1,0,0,0,0,0,1,0,0,0,0,0,1,0,0,0,1,0,0,2,1,1,1,0,1,1,0,0,1,0,0,2,0,0,1,1,2,1,1,1,2,0,1,0,1,1,1,0,1,1,1,1,0,1,1,0,0,0,0,0,0,0,1,0,0,1,0,0,2,0,0,1,0,1,0,0,1,2,1,0,0,0,1,0,1,1,1,1,0,1,1,0,1,0,1,1,0,0,1,0,1,1,1,0,1,1,1,1,0,0,1,0,0,0,1,0,1,0,1,0,0,0,1,1,1,1,1,1,0,0,0,0,0,1,1,1,1,0,0,1,0,1,1,0,1,1,0,0,1,1,0,0,1,0,0,1,1,1,1,1,2,1,0,0,0,0,1,1,0,2,0,0,0,0,0,0,0,0,2,0,0,1,1,2,1,0,1,1,1,0,1,1,1,0,0,0
chr3:2906039,rs584,A/C,0,2,1,1,1,0,0,0,0,1,0,1,0,1,1,1,1,0,1,2,2,0,1,1,0,1,0,1,0,0,1,0,0,1,2,0,0,0,0,1,0,1,1,1,1,2,1,0,2,0,0,1,1,0,0,0,2,1,1,0,0,1,1,0,0,1,1,1,2,1,0,0,1,1,1,1,1,1,0,0,0,0,2,2,0,0,0,0,1,0,0,1,1,0,0,1,0,0,1,2,1,1,1,0,0,1,0,0,0,0,1,1,0,0,0,0,1,1,1,0,1,1,0,1,1,1,1,0,1,1,1,1,1,0,2,0,0,1,1,0,1,2,1,0,0,1,0,0,0,2,0,0,0,1,1,0,0,0,1,1,0,0,0,0,2,1,0,2,1,1,2,2,2,1,1,0,0,0,2,0,0,1,0,1,1,0,1,1,0,0,0,1,1,1,0,0,2,0,0,0
chr3:1211830,rs585,T/C,1,2,1,0,1,2,1,0,0,1,2,2,1,1,1,1,2,1,0,0,1,1,0,1,2,1,1,1,0,0,2,1,2,2,0,0,0,1,2,1,1,1,0,1,1,2,1,0,1,1,1,0,0,0,0,0,1,1,0,1,1,1,1,1,1,1,1,1,0,0,1,0,0,1,1,2,0,0,0,1,0,0,1,1,0,1,0,2,1,1,1,0,0,1,0,0,1,1,0,1,0,1,1,0,2,1,1,0,1,1,0,1,0,1,1,0,2,2,1,0,1,0,0,0,1,0,1,1,1,2,1,1,0,2,2,1,0,0,1,1,1,1,0,2,0,1,0,1,0,1,2,0,0,0,0,1,0,0,1,1,0,2,0,0,1,0,1,0,1,0,0,1,0,2,0,0,0,2,1,0,2,2,1,0,0,0,2,0,0,0,0,1,0,0,0,1,2,1,0,0
chr1:6987029,rs586,G/A,1,1,2,0,1,0,0,0,0,0,0,1,2,0,1,0,0,0,0,1,0,1,0,1,0,1,0,0,1,0,0,2,0,1,0,0,0,0,0,1,0,0,0,1,1,0,0,1,0,1,0,2,0,1,0,1,0,0,0,1,0,0,0,1,1,0,1,1,0,1,1,0,0,0,1,0,0,0,0,0,2,0,0,2,0,1,1,0,0,1,1,1,1,0,0,0,0,0,0,0,0,0,0,0,0,0,2,0,1,0,1,1,1,0,0,0,1,1,2,1,1,0,0,1,1,0,0,0,0,1,2,0,0,1,1,1,0,1,1,0,2,1,0,0,0,2,1,0,1,0,0,0,1,0,0,1,2,1,1,0,0,0,0,0,2,1,1,0,0,1,0,0,0,1,0,1,0,1,0,0,0,0,2,0,0,0,1,1,0,0,0,0,1,1,0,0,2,0,1,1
chr2:5755976,rs587,C/T,1,1,0,1,1,1,2,1,2,0,0,0,0,1,1,1,1,1,0,0,0,1,2,0,0,1,2,1,0,1,0,1,1,0,0,0,1,1,0,1,2,1,2,1,0,0,1,0,0,0,0,2,1,0,0,0,1,1,1,0,2,2,1,1,1,1,0,1,0,2,2,0,1,0,0,0,1,2,0,1,1,1,1,1,1,1,1,0,1,2,1,1,0,1,0,1,2,1,2,0,0,1,1,1,2,1,1,0,1,1,1,1,1,0,0,1,2,0,1,2,0,0,1,0,1,0,2,0,2,1,1,0,2,2,1,1,0,0,1,0,0,1,1,2,0,2,1,0,0,2,0,1,2,0,0,0,0,1,0,0,1,2,1,1,0,1,0,1,2,0,1,1,1,1,1,0,0,1,1,1,0,0,1,2,2,1,0,2,2,2,1,2,1,1,2,0,1,0,1,2
chr4:4746169,rs588,A/T,1,1,0,1,0,0,1,1,0,1,1,0,0,0,1,0,1,0,0,0,0,0,0,0,0,0,0,0,0,0,0,0,1,1,1,0,0,0,0,1,1,0,0,0,0,0,0,0,0,0,0,1,1,2,0,0,0,0,0,0,1,0,0,0,2,0,1,0,2,0,1,0,0,0,0,1,0,0,0,0,0,0,1,0,0,0,0,0,1,0,0,0,0,0,0,1,1,0,1,0,0,0,1,1,1,1,0,0,1,0,1,0,0,1,0,0,0,0,0,1,1,0,0,0,0,2,1,0,0,0,0,0,0,1,0,0,0,1,0,1,1,0,1,0,0,0,0,1,0,1,1,0,0,2,0,0,0,1,0,1,1,1,0,0,0,0,0,0,0,0,1,0,1,0,0,0,2,0,2,1,1,0,0,0,1,2,0,1,1,0,0,0,0,1,1,1,1,0,1,1
chr2:7810183,rs589,G/A,1,0,1,1,1,1,1,0,1,1,0,1,1,1,2,1,2,0,1,1,1,0,0,1,2,1,1,1,1,1,2,0,1,1,1,1,1,2,1,1,2,1,0,1,2,1,1,1,2,1,0,1,2,0,1,1,0,2,1,0,2,1,1,1,1,0,1,1,2,1,0,1,0,1,0,2,0,2,1,1,2,2,0,2,2,1,0,1,0,0,1,0,1,1,1,1,0,0,1,1,1,0,2,1,0,1,1,0,2,1,2,1,1,1,0,1,2,1,1,0,0,1,1,1,0,0,1,1,0,2,1,1,0,2,1,0,2,1,1,0,1,2,1,1,2,1,0,1,0,2,2,1,0,2,2,1,0,0,2,1,0,1,1,1,1,1,1,2,2,2,1,0,1,1,0,1,1,0,1,0,1,1,1,0,1,1,1,1,0,1,1,1,1,1,1,2,2,0,0,1
chr2:8467866,rs590,A/C,0,2,1,1,1,0,0,0,2,0,1,1,0,1,0,0,1,1,1,2,0,1,1,1,1,1,1,0,1,1,2,0,0,1,0,0,0,1,1,1,0,0,0,0,0,0,0,1,1,1,0,1,0,1,2,1,1,0,1,1,2,1,0,1,1,0,1,1,0,0,1,0,0,0,1,0,0,0,0,1,0,1,1,0,1,0,0,1,1,0,0,1,0,0,0,0,0,0,0,1,1,1,0,1,1,0,1,1,1,1,0,1,1,1,0,0,2,1,2,2,0,0,1,0,2,0,0,1,1,0,1,1,0,1,2,1,1,1,1,0,1,1,1,1,0,0,0,1,0,0,0,2,0,0,0,0,0,1,1,1,1,1,0,1,0,1,0,0,1,0,0,0,1,0,1,0,1,1,1,1,0,0,1,0,0,0,0,2,1,0,1,1,0,0,1,1,0,1,2,1
chr4:9002619,rs591,C/T,0,2,2,1,1,1,2,1,1,0,2,0,1,0,1,0,0,1,1,1,0,2,1,1,2,1,2,0,1,1,1,0,0,0,1,1,1,0,1,0,0,1,2,1,2,2,2,1,2,0,2,1,1,1,2,0,1,1,1,0,0,0,0,0,0,1,0,0,1,1,1,1,1,0,1,1,1,0,1,1,1,1,1,0,2,0,0,1,1,0,2,1,0,1,0,0,0,1,0,2,0,2,1,1,1,0,0,0,1,1,1,2,0,0,1,2,1,0,2,1,1,0,0,0,1,1,0,1,1,1,1,1,0,0,0,1,2,2,0,1,2,2,1,0,2,1,1,2,1,1,1,0,0,1,0,1,1,1,2,1,0,1,1,2,0,0,0,0,1,1,1,0,0,2,0,1,2,0,1,1,1,0,1,0,2,1,2,1,2,2,1,1,1,0,1,2,2,0,2,0
chr1:8667857,rs592,C/T,0,0,0,0,0,0,0,0,0,0,0,0,0,0,0,0,0,0,0,0,0,1,0,0,1,1,0,0,0,0,0,0,1,1,0,1,0,0,0,1,0,0,1,0,1,0,0,0,0,0,0,0,1,1,1,0,0,0,0,0,0,1,1,0,0,0,1,0,1,0,0,2,0,0,0,1,1,1,0,1,1,0,0,0,0,0,0,0,0,1,0,0,0,1,0,0,1,0,0,0,0,0,0,0,1,0,0,0,0,1,0,0,1,0,0,1,1,1,0,0,0,0,1,0,0,0,0,0,2,0,0,1,0,2,0,0,0,0,0,0,0,0,0,1,0,1,0,0,1,0,0,0,0,0,0,0,0,0,0,0,1,0,0,0,0,0,0,0,0,0,0,0,0,0,0,0,0,0,0,0,1,0,0,0,1,1,0,0,0,0,0,1,0,0,0,0,0,0,0,1
chr1:9889782,rs593,T/A,0,1,0,0,0,0,2,0,1,1,0,1,0,1,0,0,0,1,1,1,2,0,1,0,0,1,1,0,0,0,0,0,0,0,0,1,0,0,1,1,0,1,2,0,2,0,0,1,1,2,0,2,1,0,0,0,2,0,0,1,0,0,1,0,1,0,1,0,2,1,0,0,0,0,0,1,0,0,0,2,2,0,0,0,0,0,1,0,0,0,1,1,1,0,0,2,2,1,1,0,2,0,0,1,1,2,1,0,1,0,1,0,0,1,1,1,2,0,1,1,2,1,0,1,2,2,1,0,2,1,0,0,1,2,1,0,2,1,1,1,0,2,0,2,2,0,0,0,0,1,0,2,1,1,1,0,1,0,1,0,0,0,1,0,0,0,2,0,0,2,1,1,1,1,1,2,1,1,0,0,1,1,1,1,1,0,1,1,0,0,1,2,1,1,0,1,1,0,0,0
chr3:4696176,rs594,C/T,1,1,1,1,2,0,0,0,1,1,2,2,1,0,0,0,1,2,2,2,1,2,1,1,0,2,2,2,2,2,0,1,1,2,1,2,0,1,1,1,2,0,0,2,2,1,0,1,0,1,2,0,1,1,1,0,0,2,0,2,0,1,1,1,2,0,1,1,2,2,1,1,1,1,0,2,0,1,1,0,0,2,1,0,2,0,1,2,1,0,1,1,1,1,1,0,1,1,0,0,2,0,1,1,0,1,2,0,2,1,1,1,1,1,1,1,1,1,1,1,2,1,0,2,0,1,1,1,1,1,1,1,0,0,1,1,0,2,1,1,1,1,2,2,1,0,1,2,1,2,1,0,1,1,0,1,2,0,1,0,1,1,1,0,2,0,2,0,0,2,1,1,1,1,1,2,1,1,1,0,1,2,0,0,0,1,0,1,0,2,1,1,0,2,2,1,1,1,1,0
chr1:9143478,rs595,A/T,0,1,0,1,0,0,1,1,0,0,0,1,0,1,1,0,0,0,0,0,0,0,0,0,1,0,1,0,0,2,0,0,0,0,0,1,0,0,0,0,0,0,0,0,0,1,1,0,0,0,0,0,1,0,0,0,0,0,0,0,0,0,0,0,0,0,0,0,0,0,1,1,0,1,0,0,0,1,1,1,1,0,0,1,0,0,0,0,0,0,0,0,0,1,0,0,0,0,0,0,0,1,0,0,0,0,1,0,1,0,0,1,0,1,0,1,0,0,0,0,0,1,0,0,0,1,0,1,1,0,2,0,1,1,0,0,0,0,0,0,0,0,0,0,0,0,0,0,0,0,1,0,0,0,0,0,0,1,0,0,0,0,0,0,0,0,0,0,0,0,0,0,0,1,1,0,1,1,0,1,0,0,0,1,0,1,0,0,1,1,1,0,0,0,1,1,0,0,0,0
chr2:1863663,rs596,A/G,0,1,0,2,2,2,1,1,0,0,1,1,0,1,0,1,1,0,1,0,1,1,0,1,1,0,1,0,1,2,0,1,2,1,0,2,1,1,1,1,0,0,0,0,1,0,1,0,2,0,1,1,1,0,0,1,1,0,1,0,1,0,1,0,1,0,0,1,0,1,1,1,0,2,1,2,1,1,0,1,1,1,1,2,2,1,0,0,0,1,1,0,0,2,1,1,0,0,2,1,1,2,0,2,1,1,0,1,0,2,0,1,0,1,0,0,1,1,0,1,0,1,0,2,1,1,1,0,0,0,1,1,1,2,0,1,1,1,1,1,1,0,1,2,1,0,0,1,0,1,1,1,1,1,0,2,0,0,0,1,1,1,0,0,0,0,0,0,1,0,1,0,0,0,1,0,2,2,1,0,0,0,1,1,1,1,0,1,1,1,0,1,1,0,1,0,0,1,1,0
chr3:7980571,rs597,C/G,1,0,0,1,0,0,0,1,0,1,0,0,1,0,1,0,1,1,1,0,0,1,0,0,0,0,1,0,0,2,1,0,0,1,1,1,0,0,1,0,1,0,1,0,1,1,0,0,1,0,0,0,0,1,1,0,0,0,1,0,0,0,1,2,1,0,0,0,0,0,0,0,0,1,1,1,1,0,2,2,1,1,0,1,1,1,1,1,0,1,1,1,1,1,1,0,1,1,0,0,0,0,0,1,0,1,0,1,1,1,1,0,0,0,1,0,1,1,0,0,1,1,0,0,0,0,0,0,1,1,1,1,1,1,1,0,1,0,2,1,0,1,1,1,0,0,0,0,1,0,0,0,0,2,2,1,1,0,0,0,0,0,0,0,1,0,0,1,0,0,1,0,0,0,1,0,1,0,1,2,0,1,1,0,0,0,2,1,2,0,1,0,1,1,0,0,0,0,0,0
chr2:2206861,rs598,A/T,0,0,0,0,0,0,0,1,0,0,1,2,0,0,0,0,1,0,1,1,0,0,1,0,0,1,2,1,0,0,0,1,0,0,0,0,1,0,0,0,1,0,0,0,0,0,0,0,0,1,0,0,0,0,0,0,0,1,0,1,1,0,0,0,0,1,0,0,1,0,0,0,0,0,0,0,0,0,1,0,0,1,0,1,1,1,0,0,0,0,0,0,1,0,1,0,0,1,0,0,0,1,0,1,1,0,0,0,0,1,0,0,1,0,2,0,1,0,1,0,0,0,0,0,1,0,0,0,1,0,1,0,0,0,0,0,0,1,0,0,0,0,0,0,2,0,1,1,0,1,0,0,1,1,0,0,1,0,1,0,0,0,0,1,0,0,1,1,0,1,1,0,0,0,1,0,0,1,1,1,1,0,0,0,0,0,1,1,0,0,0,0,2,0,1,0,1,0,0,2
chr1:3891005,rs599,A/C,1,1,0,0,1,1,0,1,0,1,1,0,0,0,1,0,1,1,0,0,1,0,0,0,0,1,0,0,1,1,1,1,0,1,1,0,0,0,0,0,0,1,0,2,1,0,0,1,0,0,1,0,0,0,1,1,0,0,1,1,2,0,0,0,1,0,0,0,0,0,0,0,0,0,0,0,0,0,1,0,1,1,1,1,0,1,0,0,0,1,0,0,0,0,1,0,0,0,0,1,1,0,0,1,2,1,0,0,0,0,0,0,2,1,0,1,0,1,0,0,0,0,2,1,1,0,0,0,0,1,0,0,0,0,0,1,1,0,0,0,2,0,1,0,0,0,0,0,0,0,0,0,1,0,0,0,1,1,1,1,0,0,1,0,1,1,0,0,0,0,2,0,0,0,0,1,0,1,0,1,1,0,2,0,0,1,0,0,2,0,1,1,1,0,0,1,1,1,0,0
chr4:1257681,rs600,C/T,1,1,0,0,1,0,0,0,0,0,2,0,1,1,0,1,0,0,0,0,0,0,0,0,0,2,0,0,0,0,0,0,0,0,0,1,0,1,1,1,0,1,1,0,0,0,0,1,0,0,0,0,0,0,0,0,0,1,0,0,0,0,0,0,0,0,2,0,1,0,0,1,0,0,0,0,0,2,0,0,2,0,0,2,0,0,0,0,0,0,0,0,0,1,1,2,1,0,1,0,0,0,1,0,1,0,0,1,1,1,0,0,0,0,0,1,0,1,1,0,0,0,1,0,0,1,0,0,0,0,2,0,1,0,0,0,1,2,0,0,0,0,0,1,1,0,0,0,0,0,0,0,0,0,0,0,0,0,1,0,0,1,1,1,0,0,1,1,0,1,0,0,0,0,0,1,0,1,0,0,0,0,0,0,0,0,0,0,0,0,0,0,1,1,1,0,0,0,0,1
chr2:3054780,rs601,C/A,0,1,0,1,0,0,0,0,1,2,0,0,0,1,1,0,0,0,0,0,0,0,1,0,0,0,0,0,2,0,0,0,0,0,1,0,0,1,0,0,1,0,1,0,0,0,1,1,2,0,1,0,1,0,1,1,1,0,0,0,1,2,0,0,0,0,1,0,2,1,0,0,1,1,0,0,0,0,1,0,1,0,0,0,0,1,0,0,0,0,0,1,0,0,1,1,0,1,1,0,1,0,1,0,2,1,1,0,0,0,2,1,0,0,0,0,0,0,1,0,0,0,1,0,0,0,0,2,0,1,0,0,0,0,0,1,0,0,1,1,0,1,1,0,0,0,0,0,0,0,0,1,0,1,0,1,1,1,0,0,2,0,0,1,1,1,0,0,0,0,0,0,0,1,1,1,0,0,1,0,0,0,1,0,1,0,0,0,0,1,1,1,0,1,0,0,0,0,1,0
chr1:1842186,rs602,C/T,0,1,0,1,0,1,0,1,1,1,0,1,0,0,0,0,1,0,0,1,1,1,1,1,1,0,1,0,1,0,0,0,1,0,1,1,0,2,0,1,2,0,0,0,1,1,2,1,2,0,1,0,0,1,1,1,1,0,1,0,0,2,1,1,1,0,1,1,0,0,0,1,0,1,0,0,1,2,1,0,2,0,1,0,1,0,0,1,0,2,1,0,0,2,0,1,0,1,0,0,0,0,1,2,1,2,0,0,0,1,2,1,1,1,1,0,1,1,0,0,0,1,2,0,1,1,0,0,1,0,0,0,0,1,0,1,1,0,0,0,0,1,1,1,1,0,0,0,0,0,1,1,0,0,0,1,1,1,1,1,1,1,1,2,0,1,1,2,0,2,1,0,0,0,1,1,1,1,0,0,0,1,0,1,1,0,1,1,2,0,2,1,0,0,0,0,0,1,0,0
chr3:8116355,rs603,T/C,1,0,1,0,2,2,2,0,0,0,1,1,0,1,0,0,0,1,0,0,1,0,0,2,0,0,0,0,0,0,1,0,0,1,0,1,0,0,0,1,0,0,0,1,1,1,0,0,0,0,0,0,0,0,0,0,0,0,1,0,0,1,0,0,1,0,0,0,0,0,1,0,0,0,0,1,0,0,1,0,1,0,0,1,0,0,0,0,0,1,0,0,0,0,0,0,2,0,0,0,0,0,1,0,1,0,0,2,1,0,0,0,0,0,0,1,0,0,1,0,0,0,1,0,1,0,0,0,0,0,1,0,0,0,0,0,0,1,0,1,0,0,0,0,1,0,0,0,1,0,0,0,0,0,0,0,1,0,0,0,0,0,0,1,0,0,1,1,1,0,1,0,0,0,0,0,1,0,0,1,1,0,1,1,0,0,1,0,0,0,0,1,0,0,1,1,0,0,0,0
chr2:4105958,rs604,A/C,2,0,1,2,0,1,0,1,0,1,1,1,0,1,0,2,0,1,1,1,0,1,1,2,2,0,1,1,1,2,1,0,1,2,1,1,0,1,1,0,2,1,0,1,1,2,2,2,2,1,1,1,1,0,2,2,2,1,0,1,1,1,0,2,1,0,2,1,1,1,1,1,1,2,1,2,2,2,0,1,0,1,1,1,2,1,1,2,0,1,0,2,1,1,1,1,0,1,0,2,0,1,1,1,1,1,1,1,1,0,1,1,1,2,0,1,1,2,1,1,1,2,1,1,0,1,1,1,1,1,0,1,0,1,0,1,2,1,1,0,1,2,1,0,2,2,2,1,1,1,1,1,0,2,1,0,1,1,0,2,1,0,2,0,1,1,0,0,1,1,1,1,1,0,2,1,1,2,2,0,2,1,2,2,0,1,1,1,1,1,2,1,2,1,1,0,0,2,2,1
chr4:4258084,rs605,A/G,1,1,1,1,1,0,1,0,0,1,2,1,0,1,1,1,2,0,1,1,0,0,2,1,1,1,2,2,1,2,1,1,1,1,0,1,1,1,1,0,2,0,1,1,0,0,1,1,2,1,0,2,0,0,1,1,1,0,1,2,2,0,1,1,2,0,1,1,1,2,1,1,1,1,1,2,0,1,1,1,0,0,1,0,1,0,0,2,1,0,0,2,1,2,1,0,1,0,2,0,1,2,2,2,1,1,0,1,1,1,1,1,1,0,2,0,1,0,1,1,2,1,1,1,0,1,2,1,1,1,0,1,1,1,1,1,1,2,2,2,1,0,1,1,1,0,1,1,1,1,2,2,1,1,2,1,2,2,2,1,1,1,1,1,1,0,2,0,2,2,1,2,1,1,1,0,2,2,1,0,1,1,0,1,0,1,1,2,1,2,1,0,1,2,2,1,1,0,1,1
chr1:1403322,rs606,T/A,1,0,0,0,1,0,1,0,2,0,0,0,1,0,0,0,0,0,0,2,0,2,0,0,0,0,1,1,0,0,1,0,0,1,1,1,0,0,0,0,0,0,1,1,0,1,0,0,1,1,0,1,1,1,0,2,0,0,1,0,0,0,0,0,2,0,0,0,0,1,0,1,0,0,0,1,0,0,1,1,0,1,1,0,2,1,1,1,1,1,1,0,0,0,0,0,0,0,2,1,0,0,1,1,1,1,1,0,1,0,1,0,0,1,1,1,0,0,2,1,0,1,0,0,1,0,2,0,1,0,0,0,0,0,0,1,1,0,0,1,1,0,1,0,0,0,0,1,0,1,0,0,0,1,0,1,0,0,1,0,1,0,0,0,1,1,0,0,0,0,0,0,0,0,0,0,0,0,0,1,2,1,0,1,0,0,0,0,2,0,2,0,2,1,0,1,1,1,0,0
chr3:5310796,rs607,A/C,1,0,0,0,2,2,2,1,1,2,1,1,0,2,1,0,1,2,1,0,0,0,1,0,1,0,0,1,0,1,0,0,0,1,1,0,2,0,1,0,1,1,0,1,0,1,0,0,0,1,0,1,0,1,1,0,1,1,0,0,0,0,0,0,2,1,0,1,0,0,0,0,0,1,0,0,1,1,1,1,1,2,1,2,2,0,1,1,1,0,0,0,1,0,2,1,0,1,1,0,1,0,0,1,0,0,1,2,0,2,2,1,0,1,1,1,0,1,2,1,0,1,0,1,1,0,1,1,1,1,0,0,1,0,1,2,1,1,0,1,0,1,0,0,1,0,0,2,0,2,0,2,0,0,0,0,0,1,1,1,1,1,0,0,1,0,1,0,0,1,0,0,0,2,1,1,1,1,0,1,2,0,0,0,0,1,1,1,0,1,0,1,1,1,0,1,0,1,0,2
chr4:5077716,rs608,G/T,0,0,1,1,0,1,1,1,0,0,1,0,1,1,0,1,1,2,0,2,1,0,1,1,1,0,0,1,0,0,2,2,1,0,2,0,0,2,0,1,0,1,0,0,0,0,0,2,0,0,0,1,0,1,0,1,0,1,1,2,1,2,1,0,1,1,2,0,2,1,1,2,0,0,1,1,1,1,1,0,1,0,1,2,0,0,1,1,1,0,0,2,0,0,0,0,0,0,1,1,0,0,1,0,0,1,1,1,1,0,1,1,0,0,1,0,0,1,0,0,0,1,2,0,0,1,1,1,1,0,0,2,1,1,0,0,0,1,2,1,1,1,0,1,1,0,1,0,1,0,0,1,1,1,0,2,1,0,0,0,0,1,0,0,0,1,0,0,2,1,1,0,1,1,1,1,1,1,0,2,0,0,0,0,0,1,2,1,0,2,0,1,1,1,1,1,1,1,0,2
chr4:2908802,rs609,T/A,1,1,1,1,0,1,0,1,0,0,0,1,0,0,1,1,1,1,1,1,1,0,0,0,1,0,0,2,0,1,1,0,0,1,1,0,1,1,2,1,0,1,1,0,1,2,1,1,0,0,1,0,1,0,0,0,0,1,0,0,0,1,1,1,0,0,0,1,0,0,0,1,1,1,2,0,0,1,0,2,1,1,1,1,1,0,1,0,1,0,0,0,2,1,1,0,0,1,1,0,1,0,0,0,1,2,0,1,1,0,0,0,1,0,0,0,2,1,2,2,1,1,1,2,1,0,0,1,0,1,2,0,0,2,1,0,0,1,0,1,0,1,1,0,0,0,1,0,0,1,0,0,0,1,0,1,0,1,0,0,0,0,0,1,2,0,0,1,0,0,0,1,0,0,2,0,1,2,1,1,2,2,1,1,1,0,1,1,2,2,1,0,1,2,1,0,0,0,1,0
chr2:5168962,rs610,T/C,1,0,1,1,1,1,1,0,0,0,0,0,1,1,1,0,0,2,1,1,0,0,0,1,0,1,0,1,0,0,1,0,2,0,0,1,0,2,0,0,1,1,1,0,1,0,1,1,2,0,0,1,0,0,1,1,0,1,0,2,0,0,0,2,0,0,1,2,1,2,1,0,1,0,0,1,0,0,2,0,1,0,0,0,1,1,1,1,0,1,0,1,0,0,0,0,0,0,0,1,0,0,0,0,1,1,0,1,1,1,0,1,0,1,1,0,0,0,2,1,0,0,0,1,0,0,0,1,0,1,0,1,0,0,1,1,0,0,1,0,0,0,0,0,1,1,2,0,1,1,1,0,0,0,2,0,1,2,2,2,1,0,1,1,1,1,1,0,1,2,1,1,1,1,0,2,1,1,0,0,0,0,2,1,2,1,2,2,1,1,0,2,1,0,1,1,0,2,0,1
chr2:9383190,rs611,G/T,1,1,0,0,1,0,0,0,1,1,2,1,0,1,1,0,1,0,0,0,0,0,1,1,0,0,0,0,2,1,0,0,1,1,1,2,1,0,1,1,0,0,2,1,1,2,1,0,1,1,2,1,1,1,1,2,1,0,0,1,2,2,2,1,0,2,1,1,0,1,0,0,1,2,1,1,2,1,0,0,2,1,1,1,1,1,2,0,1,1,0,0,2,1,1,1,0,1,1,1,0,2,1,1,1,0,1,0,0,2,1,0,0,0,0,0,0,0,0,1,1,1,0,1,1,2,0,0,0,0,0,0,1,1,1,1,1,1,2,1,1,1,2,1,2,1,1,0,2,0,0,0,0,1,2,1,1,1,1,0,0,0,1,0,1,0,0,1,1,0,0,1,1,1,0,0,0,2,1,0,0,1,1,1,0,1,0,1,0,0,1,1,0,0,0,1,1,0,0,0
chr2:1780641,rs612,C/T,0,1,0,1,0,0,1,0,0,1,1,0,0,0,1,0,0,0,0,0,1,0,1,0,0,0,1,1,1,0,0,0,0,1,1,2,0,0,0,0,0,0,0,0,0,1,0,1,2,0,0,0,0,1,0,0,1,0,1,0,0,0,0,0,0,0,1,1,0,0,0,1,1,1,0,0,0,0,0,1,0,0,0,1,0,0,0,0,0,0,0,0,1,0,0,0,0,0,0,0,0,0,0,0,0,0,0,1,0,0,0,1,1,0,1,0,0,1,0,0,1,1,0,0,0,0,0,1,0,0,0,1,0,0,1,0,0,0,0,0,1,2,1,0,0,0,0,0,1,1,0,0,0,0,0,0,0,0,0,0,1,0,0,0,0,0,1,0,1,0,0,0,1,0,0,0,0,0,0,0,0,0,0,0,0,1,0,0,1,0,0,0,0,0,0,0,1,0,0,0
chr4:7651143,rs613,T/C,0,0,0,0,0,1,2,1,2,0,1,1,1,0,0,0,1,1,1,0,1,1,1,0,0,2,1,1,1,2,2,0,0,1,1,1,1,0,0,0,1,0,1,0,1,0,1,0,1,0,0,1,1,1,2,0,1,1,0,1,0,1,0,1,1,1,2,1,1,2,1,1,0,0,1,2,0,1,0,1,1,0,1,1,1,0,1,0,0,0,1,0,1,2,1,0,0,2,0,0,1,0,1,1,1,2,0,2,0,0,0,0,0,0,1,0,0,0,1,0,0,0,0,2,2,1,0,1,0,1,1,0,0,1,1,1,0,0,0,0,2,0,2,1,1,2,2,2,1,1,0,1,1,0,1,0,1,0,1,1,1,0,0,0,0,1,1,1,2,0,1,1,1,1,1,0,0,1,1,0,1,1,0,2,1,1,0,2,1,0,0,0,0,0,1,0,0,2,1,0
chr4:4127748,rs614,A/T,2,0,0,0,0,1,1,0,1,0,1,1,0,1,1,0,0,1,0,1,0,0,0,0,1,0,1,0,1,0,0,1,0,0,1,2,0,0,0,0,0,0,0,1,0,0,0,0,0,0,0,0,0,1,1,0,0,0,0,1,0,1,2,0,0,0,1,2,0,1,0,0,0,1,0,0,0,1,0,0,1,0,1,0,1,1,1,0,1,1,0,0,0,0,0,1,1,1,0,0,0,0,0,2,1,2,0,1,1,0,0,0,0,0,0,0,0,1,0,1,0,1,1,0,0,1,1,1,0,1,0,0,0,1,0,0,0,0,1,1,1,2,1,0,0,0,1,0,1,1,0,1,0,2,1,0,0,0,0,2,1,0,0,0,0,1,0,0,0,0,1,1,0,0,1,2,0,0,1,0,0,1,0,0,0,0,2,0,0,0,0,0,1,0,1,0,0,2,0,0
chr3:5001070,rs615,A/G,1,0,1,1,1,1,0,1,0,0,0,0,0,1,0,0,2,0,0,0,0,1,0,0,0,1,0,1,0,2,1,2,0,1,0,0,0,0,0,0,2,0,0,0,1,1,0,0,0,0,1,1,1,0,1,1,0,1,0,0,0,0,0,0,0,0,0,1,0,0,0,0,1,0,1,0,0,0,1,1,0,1,0,0,1,0,0,0,0,0,1,0,1,0,0,1,0,1,1,1,1,1,0,1,1,1,1,0,0,0,0,1,0,1,1,0,0,2,0,2,0,1,0,1,2,0,1,0,0,0,0,0,1,2,1,0,1,2,1,0,2,1,1,1,1,2,1,0,0,0,0,0,1,0,0,1,0,1,0,2,0,0,1,1,1,1,0,0,0,0,1,1,0,0,2,0,1,1,0,0,0,0,1,1,1,0,1,1,0,0,1,0,0,1,1,0,0,0,1,0
chr4:4496605,rs616,A/G,0,0,0,0,0,0,0,0,0,0,0,0,0,1,0,0,0,0,0,1,0,0,0,0,0,0,1,0,0,0,0,2,1,0,1,0,0,0,0,0,0,0,0,0,1,0,0,0,0,1,0,0,0,0,0,0,0,0,0,0,0,0,1,0,0,0,0,0,0,0,0,0,1,0,0,0,2,0,1,0,0,0,0,0,0,0,0,0,0,1,0,0,0,0,0,2,0,0,0,0,0,1,0,0,0,0,1,0,0,0,1,0,0,2,0,0,0,0,0,0,0,0,0,0,0,0,0,0,0,0,0,0,0,0,0,0,1,0,0,0,0,0,0,1,0,0,0,0,0,0,1,0,0,0,0,0,1,0,1,1,0,0,1,0,0,0,0,0,0,0,1,0,1,0,0,0,0,0,0,1,0,0,0,0,0,0,0,0,0,0,0,0,0,0,0,0,0,0,0,0
chr4:6311499,rs617,A/G,0,0,0,1,0,0,1,0,0,0,1,0,1,0,0,1,0,1,0,0,0,0,0,0,0,0,0,0,0,0,0,0,0,0,1,0,0,1,1,1,0,0,1,1,0,1,1,0,1,1,0,0,0,0,1,0,1,0,0,0,0,0,0,0,0,1,0,0,0,0,2,0,1,0,0,0,0,0,0,0,0,0,0,0,0,0,0,0,0,0,0,0,0,0,0,0,0,0,0,0,0,1,0,0,0,0,0,0,0,1,0,0,1,0,0,0,0,0,0,0,0,0,0,0,0,1,1,0,0,0,0,1,1,1,1,0,0,1,0,1,1,0,1,0,0,1,0,0,0,0,1,1,0,1,1,0,1,1,0,1,0,0,0,0,1,1,0,1,1,0,0,0,1,1,0,0,0,0,0,0,1,1,2,0,0,1,0,1,0,0,1,0,0,1,0,1,0,0,1,0
chr4:2147116,rs618,C/G,0,1,0,0,0,0,1,1,0,1,1,2,0,2,1,1,1,1,0,2,1,0,1,0,1,1,0,1,1,1,0,1,1,0,0,1,0,1,2,1,1,2,0,2,0,1,2,1,0,1,0,1,2,2,0,2,1,1,1,1,0,1,1,0,2,0,0,1,2,2,0,0,0,1,1,1,2,1,2,0,1,0,1,1,0,0,2,1,1,0,1,0,0,1,1,0,2,0,1,1,0,1,0,1,1,0,0,2,1,0,1,1,2,2,1,0,0,1,1,0,0,1,2,1,0,0,0,1,1,1,1,0,0,1,1,2,2,1,1,1,2,2,0,1,1,0,1,1,1,2,1,0,1,0,1,1,2,1,0,0,1,0,1,2,1,1,1,1,2,1,1,0,0,2,0,0,1,1,0,1,1,1,1,0,1,1,0,1,1,0,1,0,1,1,1,0,0,1,0,1
chr4:3126453,rs619,A/T,0,1,1,1,0,1,1,2,1,1,2,0,2,1,0,1,1,0,1,2,0,1,1,0,2,1,2,2,0,1,1,1,1,2,1,0,2,1,1,0,1,2,0,0,0,0,2,1,2,1,2,1,1,2,0,0,0,1,1,1,0,2,1,2,2,1,1,1,0,1,1,0,0,0,1,2,2,0,1,2,0,0,1,1,0,1,2,1,1,1,0,1,1,1,1,2,1,0,1,0,1,2,1,2,1,1,0,1,0,0,1,2,0,2,2,1,1,0,0,1,1,0,1,0,1,1,1,1,0,1,1,2,1,2,0,1,0,1,0,0,1,0,1,0,1,1,0,0,1,1,1,2,1,0,0,0,1,0,0,0,1,0,1,1,1,2,0,0,1,0,1,1,0,0,1,1,1,1,1,0,1,1,2,2,1,0,2,0,1,1,0,0,1,1,1,1,0,0,1,1
chr1:7127764,rs620,G/T,2,0,1,0,1,0,0,0,1,1,0,0,0,1,1,0,0,1,1,0,1,1,0,0,0,0,1,1,2,0,0,1,2,0,0,1,0,1,1,0,1,1,1,0,0,2,1,0,0,0,1,1,1,1,1,2,1,1,0,2,0,1,1,0,0,1,0,1,0,0,1,0,0,1,0,0,2,0,0,1,1,1,0,0,1,1,0,0,2,1,0,1,1,1,2,1,0,0,1,0,1,1,0,0,0,1,0,0,0,1,1,0,2,0,1,1,1,0,2,1,1,2,2,0,0,0,0,0,1,0,1,1,1,1,2,1,1,1,2,1,1,0,0,1,1,0,1,0,0,2,1,1,1,1,2,1,0,1,2,0,0,0,0,0,1,0,2,0,2,0,0,1,1,1,1,0,0,1,2,2,0,1,0,1,1,1,1,0,0,2,1,0,1,0,1,1,0,1,2,2
chr2:6859046,rs621,G/A,0,0,1,2,0,0,2,0,2,0,1,1,1,0,2,1,0,1,1,0,0,0,1,1,0,0,0,1,0,1,1,1,0,2,2,1,0,0,0,0,2,0,0,0,1,0,0,0,1,0,1,1,2,1,1,0,1,0,2,0,0,1,1,0,1,1,1,1,1,1,1,0,2,0,2,0,1,1,0,0,1,0,0,1,2,1,1,0,2,0,1,2,0,0,0,0,0,1,0,0,0,1,2,0,1,0,0,0,0,1,1,2,2,0,0,1,2,1,1,1,0,0,0,2,0,0,2,2,1,2,0,1,0,0,0,1,0,0,1,1,1,1,0,0,0,1,1,0,0,0,1,1,0,0,1,0,0,1,0,0,0,0,0,1,1,2,0,0,0,1,0,0,0,1,1,0,0,0,1,1,1,1,1,1,1,1,1,1,1,2,0,0,1,0,0,0,0,1,1,0
chr1:8940879,rs622,G/T,0,0,1,0,0,0,0,0,0,1,1,0,1,0,0,0,0,0,0,0,1,0,0,0,0,0,0,0,1,0,0,0,0,0,0,0,0,0,0,0,0,0,0,0,1,0,0,1,0,0,1,0,0,1,0,1,0,0,0,0,0,0,1,0,0,0,1,0,0,1,0,0,0,0,0,0,0,1,0,0,1,0,1,0,0,1,1,0,0,0,0,0,0,0,0,0,0,0,0,0,0,0,0,0,0,0,0,0,0,0,0,0,0,1,1,1,1,0,0,0,0,0,0,0,0,0,0,1,1,0,1,0,0,0,0,0,0,0,1,0,0,0,0,0,1,0,1,0,1,0,0,1,0,0,0,0,0,0,1,1,0,0,0,0,0,0,0,0,0,0,1,1,0,0,0,0,0,0,0,0,0,0,0,0,0,0,1,1,0,1,0,0,0,0,0,0,0,0,1,1
chr4:8359201,rs623,A/C,0,1,0,1,1,0,1,2,0,0,1,0,0,1,1,1,2,1,0,1,0,1,0,0,0,1,0,0,0,0,1,2,0,1,1,0,0,0,1,0,1,2,0,0,2,0,1,0,1,0,1,0,0,0,0,0,0,0,0,1,1,1,0,0,1,0,0,0,0,0,1,2,0,1,1,1,1,1,0,1,1,1,0,1,0,0,0,0,0,1,0,1,1,0,0,1,0,0,1,0,0,1,0,0,0,1,0,0,0,0,2,0,1,0,1,1,0,1,0,1,1,1,0,0,0,0,1,0,0,0,0,0,1,1,1,0,0,1,0,0,1,0,1,1,1,0,1,0,0,2,0,1,1,0,0,0,0,1,1,1,1,1,1,1,1,0,1,1,1,0,1,1,0,0,0,0,0,0,0,2,1,1,0,1,1,0,0,1,0,1,0,0,1,1,0,1,1,0,0,0
chr4:4413654,rs624,T/A,0,1,1,0,0,0,0,0,0,0,0,0,0,1,0,1,0,0,1,0,1,0,0,0,0,1,0,0,0,0,1,0,0,0,0,0,1,1,0,0,0,0,0,0,0,0,1,0,0,0,0,0,1,2,0,1,0,0,0,0,0,0,0,0,0,1,0,0,0,0,0,0,0,0,0,0,0,0,0,0,0,0,0,0,0,0,0,0,0,0,0,0,0,0,0,1,1,0,0,0,0,1,0,0,0,0,0,0,0,1,0,0,0,0,1,0,0,0,0,0,0,1,1,0,0,0,0,1,0,1,0,0,0,1,0,1,1,0,0,1,1,0,1,0,0,0,1,0,0,0,1,0,0,0,1,0,1,0,0,0,0,1,0,0,0,0,0,0,0,0,0,0,0,0,0,0,1,0,0,0,0,0,1,0,0,0,0,0,0,0,0,0,0,0,0,0,0,0,1,0
chr2:9604008,rs625,A/C,0,1,0,0,0,2,1,1,1,0,1,0,2,1,0,2,0,1,1,1,1,1,0,1,0,0,0,1,2,1,1,0,0,0,2,1,0,1,0,1,2,1,1,1,0,0,1,0,0,1,1,0,2,1,1,2,1,1,1,0,1,2,1,0,2,1,1,2,2,0,1,2,2,2,2,2,0,0,0,2,1,0,1,0,0,1,0,1,0,0,1,0,1,0,1,0,2,1,1,1,0,0,2,1,0,2,2,2,0,1,1,2,1,1,1,1,0,1,1,1,0,2,0,0,0,0,2,2,0,0,1,1,1,2,0,2,1,2,1,0,1,2,1,2,2,1,1,0,2,1,1,0,1,1,1,1,1,1,0,1,2,0,0,1,0,1,1,2,2,0,0,2,2,2,2,1,1,1,0,1,2,0,0,0,0,0,1,2,0,1,2,2,0,1,1,2,0,2,1,0
chr3:4324664,rs626,A/T,0,0,1,1,0,1,1,0,0,1,1,0,0,1,2,1,0,0,1,1,1,0,0,1,0,1,1,0,1,1,1,1,0,0,0,0,1,1,2,1,0,1,0,0,0,1,1,0,1,1,0,0,1,1,1,0,1,0,2,0,1,1,1,0,0,1,0,1,0,0,1,0,0,2,0,0,0,0,0,0,0,1,0,2,0,0,0,1,1,1,0,0,2,0,0,0,0,0,0,1,1,0,1,0,2,1,1,0,1,0,1,0,1,1,1,0,0,2,0,1,1,2,2,0,0,0,0,1,0,1,0,2,1,0,1,0,0,0,1,0,2,0,0,1,1,0,1,1,1,1,1,0,0,1,0,0,0,0,0,1,0,0,1,0,0,0,0,0,0,1,1,1,0,0,2,0,0,1,0,2,0,1,0,0,0,0,0,0,0,1,1,1,0,1,0,0,0,2,0,1
chr3:5584258,rs627,G/T,0,1,1,2,0,2,0,1,2,0,0,0,0,1,2,1,1,0,1,1,1,1,2,1,2,2,1,1,1,1,1,1,1,1,0,1,1,0,1,1,0,1,0,2,1,0,1,1,1,1,1,1,2,1,0,1,0,0,1,0,1,1,1,2,2,0,1,1,1,0,1,2,1,0,0,1,0,1,1,0,2,2,0,2,0,2,0,1,1,1,1,0,1,1,0,1,0,1,1,1,1,0,1,0,1,1,0,1,0,2,0,2,1,1,1,1,1,1,2,1,2,2,1,1,1,0,1,0,0,1,1,2,0,0,2,1,1,0,1,1,0,2,1,2,1,0,1,0,2,1,1,2,0,1,1,0,0,0,1,0,2,1,1,0,2,0,1,2,1,1,2,2,1,0,1,1,1,1,0,1,1,2,2,1,0,1,0,0,1,2,1,1,1,2,0,1,2,0,0,1
chr3:5212377,rs628,G/T,2,1,2,2,1,1,1,2,2,1,2,1,0,0,1,1,1,1,2,1,0,1,0,0,2,2,1,0,0,1,1,1,1,2,1,1,1,0,1,1,0,2,1,1,1,0,1,0,0,0,2,1,2,1,1,1,1,0,0,1,2,1,1,1,0,0,1,0,0,1,1,0,1,1,2,1,2,1,1,1,2,1,0,1,0,2,1,1,0,1,1,0,0,1,0,2,0,0,1,0,1,1,0,2,1,0,1,1,1,0,1,0,0,1,2,1,1,1,0,2,1,1,1,0,1,0,2,0,2,1,1,0,2,2,1,2,1,0,0,0,0,1,2,1,2,2,0,2,0,0,0,1,1,0,1,0,1,0,0,2,2,0,1,1,2,1,1,0,0,1,1,1,0,0,0,0,0,2,1,0,0,1,1,1,2,1,0,1,0,1,0,1,0,2,0,0,0,0,1,0
chr3:7906117,rs629,C/T,0,2,0,0,0,1,2,1,2,0,1,0,1,0,0,0,0,0,0,2,0,0,0,0,0,1,0,1,0,1,1,0,1,0,0,0,1,1,1,0,1,2,0,0,0,0,0,1,1,0,0,2,0,1,1,0,0,0,1,0,0,0,1,0,0,1,0,2,0,0,0,0,0,0,0,1,0,0,0,0,0,0,1,0,0,0,1,0,1,0,2,0,1,1,1,1,0,1,0,1,0,1,0,1,0,1,0,0,0,0,2,1,0,1,0,0,1,1,1,0,1,0,1,2,1,0,0,1,0,1,0,0,1,1,0,0,1,0,0,0,0,0,2,2,1,0,0,1,0,0,0,2,0,1,1,0,0,0,1,0,0,0,1,0,0,1,0,0,0,0,0,0,2,0,0,2,0,1,1,0,1,0,0,1,1,0,0,1,0,1,0,0,0,0,1,0,0,0,0,0
chr3:2583246,rs630,T/A,0,0,0,0,1,0,1,1,0,0,0,0,0,0,1,0,0,1,0,0,0,0,1,0,2,0,0,0,0,0,0,1,0,0,0,0,1,0,0,1,1,0,0,0,2,0,0,0,1,1,0,1,0,0,0,0,1,0,0,0,0,1,0,0,0,0,0,0,1,0,1,0,1,0,0,0,0,0,0,0,0,1,0,0,0,0,1,0,0,0,1,1,0,1,1,0,0,1,0,0,0,0,0,0,0,0,0,0,0,0,0,0,0,0,1,0,0,0,0,0,0,0,0,0,0,0,0,1,0,1,0,1,0,0,0,0,1,0,0,0,1,0,0,1,1,1,1,0,0,1,0,0,0,1,0,0,1,0,0,0,0,0,0,0,0,1,0,0,0,0,0,0,1,0,0,0,0,0,0,0,0,0,0,0,1,0,0,0,0,1,1,1,0,0,1,0,0,0,0,1
chr4:7353385,rs631,G/C,1,1,1,2,0,1,0,0,0,1,0,1,2,1,0,1,0,0,1,1,1,0,0,0,0,0,1,2,1,0,0,0,0,1,1,1,1,0,0,0,1,0,0,1,0,1,1,1,1,0,1,0,0,1,1,1,1,0,1,1,0,0,2,1,0,1,0,0,0,0,2,2,0,0,0,2,0,1,0,0,0,1,0,0,1,1,1,1,0,2,1,0,0,0,1,2,1,1,0,0,0,0,1,1,0,2,0,0,0,1,1,0,2,1,1,1,0,0,1,0,0,0,1,1,1,0,2,0,1,0,0,2,1,0,1,0,1,0,0,0,1,0,1,1,0,1,1,1,0,0,0,1,1,0,2,1,0,2,2,0,2,0,1,0,0,0,1,1,1,2,0,1,2,0,1,0,2,0,0,0,1,0,2,0,0,1,1,2,0,1,0,1,0,0,1,0,1,1,0,1
chr1:3878117,rs632,T/A,0,1,1,0,0,0,0,0,0,1,0,1,0,0,0,0,0,0,1,1,1,1,0,0,0,1,1,0,0,1,0,2,0,2,0,0,0,2,1,1,1,1,0,0,0,0,1,1,0,0,0,0,0,2,0,1,0,1,0,0,1,1,0,0,0,1,0,0,0,0,0,0,0,1,1,1,1,0,0,0,2,1,0,2,0,0,1,0,0,0,1,0,1,1,0,2,0,1,0,0,0,1,0,1,0,0,0,2,1,1,0,1,0,1,2,1,0,0,0,0,0,0,1,0,0,0,0,0,0,0,0,1,0,0,0,0,1,0,1,1,0,0,1,1,0,0,0,2,0,0,1,0,1,1,0,0,1,1,1,0,0,0,0,0,1,1,1,0,0,1,0,0,1,1,0,1,1,0,1,2,1,0,0,1,0,0,0,0,0,0,1,0,0,2,1,1,2,0,0,0
chr3:6287913,rs633,T/C,2,1,0,0,1,0,0,1,0,2,0,1,1,0,2,1,0,0,0,1,1,1,2,0,0,2,0,0,1,1,1,0,2,0,1,0,2,0,1,1,1,0,1,1,1,1,1,2,0,1,1,1,1,1,0,1,2,0,1,0,1,0,1,2,1,0,1,2,0,1,1,1,0,1,2,0,1,1,0,2,1,1,1,1,1,1,1,0,0,1,1,1,1,1,2,1,0,0,2,1,2,1,0,0,2,0,1,2,1,0,1,1,1,1,1,0,0,0,1,1,1,0,1,0,1,1,0,0,0,1,1,1,1,1,1,1,2,2,0,1,0,2,1,1,0,1,1,0,1,1,0,1,1,0,1,1,1,1,0,1,1,0,1,1,0,1,0,0,0,1,1,0,0,0,2,1,2,2,1,0,1,1,0,1,1,1,1,2,0,1,0,1,0,0,0,1,1,1,0,2
chr2:3804802,rs634,G/C,0,0,0,0,0,0,0,1,0,0,0,0,1,0,0,1,0,1,0,1,1,0,0,0,0,0,0,0,0,0,0,1,0,0,0,0,0,0,0,0,0,0,1,0,0,0,0,1,0,1,0,0,1,0,1,0,0,0,1,0,1,0,0,0,0,0,0,0,1,0,0,1,0,0,0,0,0,0,0,0,0,0,0,0,0,1,1,0,0,0,0,0,1,0,0,0,0,1,0,0,0,0,0,0,0,0,0,0,0,1,0,1,1,0,0,1,0,0,0,0,0,1,1,0,1,0,1,0,0,0,1,0,0,0,1,1,1,0,0,0,0,0,0,0,0,0,1,0,0,0,1,0,1,0,0,0,0,0,0,1,0,0,0,0,0,0,1,0,0,0,0,2,0,0,0,0,0,0,0,0,0,0,1,0,0,2,0,0,0,0,0,0,0,1,0,0,1,0,2,0
chr4:3733460,rs635,C/T,0,1,1,0,0,0,1,0,0,0,0,0,0,0,0,0,0,0,0,1,0,0,0,0,0,1,0,0,0,0,0,0,0,0,0,0,0,0,0,0,0,0,0,0,0,1,0,1,0,0,0,0,0,0,0,0,0,0,0,0,1,2,0,0,0,0,0,1,0,0,1,0,1,0,0,0,0,0,0,0,0,2,0,1,0,0,0,0,0,0,0,0,0,0,1,0,0,0,0,0,0,0,0,0,0,0,0,0,2,0,0,0,0,0,0,0,0,0,0,0,1,0,1,0,1,0,1,1,1,0,0,0,0,0,0,0,0,0,0,0,0,0,0,0,0,0,0,0,1,1,0,0,0,0,0,0,1,1,0,0,1,0,0,0,1,1,0,0,2,0,0,0,0,0,0,0,0,0,0,0,0,0,0,0,0,0,1,0,0,0,0,0,0,1,0,0,0,0,0,1
chr3:5115362,rs636,T/C,1,2,0,0,2,1,2,2,1,1,2,1,1,1,1,1,1,1,2,1,2,1,1,1,1,1,0,1,2,1,1,2,1,1,2,2,1,1,1,1,1,1,0,1,0,1,2,1,1,1,1,0,1,1,1,0,0,0,1,0,1,0,2,2,1,1,2,2,1,1,1,0,2,0,0,1,0,1,0,2,2,1,1,1,0,1,1,0,0,1,1,0,2,1,1,2,1,1,0,1,1,1,0,1,1,0,0,2,1,0,0,1,2,1,0,2,1,1,0,1,2,2,0,1,1,2,2,2,0,1,2,1,2,2,1,2,1,1,1,1,1,1,1,2,2,1,1,2,2,1,1,1,1,0,1,1,1,1,1,2,0,2,1,1,1,1,1,1,2,1,1,0,1,1,0,1,0,1,0,0,1,1,1,1,1,0,0,1,1,2,1,1,1,1,1,0,1,1,1,0
chr4:2490687,rs637,T/A,1,2,2,0,2,0,0,1,0,0,1,1,2,1,2,0,1,1,1,0,1,1,1,0,2,2,1,1,0,0,1,2,2,1,0,0,2,0,0,2,2,1,0,0,2,1,1,2,1,0,1,1,1,1,1,1,1,1,1,2,1,0,1,1,1,0,0,0,2,1,2,2,0,1,1,1,0,2,2,0,0,2,0,1,1,0,1,1,0,0,0,1,2,1,1,2,0,2,0,0,1,0,1,1,1,1,0,0,2,1,0,1,0,0,2,2,1,1,1,2,1,2,0,0,2,1,1,1,0,2,0,1,2,1,1,0,1,0,0,1,2,0,2,0,1,0,0,2,1,1,1,0,2,1,1,1,1,1,1,1,1,2,0,1,1,2,2,1,2,2,0,1,1,1,2,1,0,1,1,1,0,1,1,0,2,1,0,1,1,1,1,2,0,2,1,2,0,0,2,1
chr2:6272864,rs638,G/C,1,0,0,0,1,1,0,1,0,0,1,1,0,0,1,0,2,0,1,0,1,1,0,0,1,0,1,1,1,0,0,0,1,0,1,0,2,0,0,0,0,0,1,0,1,0,0,0,0,1,0,0,0,1,0,1,1,0,0,0,0,0,0,0,0,0,1,0,1,0,1,0,0,0,0,0,0,1,1,0,1,0,1,1,0,0,0,1,0,2,0,0,0,0,1,0,0,0,0,0,1,1,1,0,0,0,1,0,0,0,0,1,0,0,2,0,0,0,0,0,0,0,0,0,1,0,0,1,1,0,0,0,1,0,0,0,1,0,1,0,2,0,0,0,1,0,0,0,0,2,0,1,1,0,0,1,1,1,0,2,0,1,1,0,1,1,0,0,0,0,0,1,0,0,2,1,0,0,0,0,1,0,0,0,0,1,0,1,0,1,1,0,0,1,1,1,2,1,0,0
chr2:4368045,rs639,G/T,0,1,1,0,1,2,2,2,1,2,1,2,2,0,1,2,1,1,1,2,1,0,0,2,0,1,1,0,1,1,0,2,2,1,2,2,2,1,1,1,0,0,1,0,0,2,1,1,1,2,2,1,1,0,0,1,2,2,1,2,1,1,1,0,1,1,0,1,1,1,2,1,1,0,1,1,1,0,1,1,1,2,0,2,1,1,0,0,1,2,1,1,0,2,0,0,1,1,1,1,1,1,1,1,2,1,2,0,1,2,0,2,2,1,1,0,1,2,2,0,0,0,1,2,0,1,2,1,1,0,1,1,1,2,2,1,0,2,1,0,1,1,1,0,0,1,0,2,0,1,2,2,2,1,0,0,1,1,2,1,1,1,0,2,1,0,1,2,1,0,2,0,1,0,1,0,2,1,1,2,0,2,0,2,0,0,2,1,0,1,2,1,1,1,1,1,2,0,0,1
chr2:5832691,rs640,C/G,0,1,0,1,1,0,1,1,0,0,0,1,0,0,0,0,1,0,1,1,1,1,1,0,0,0,0,0,0,1,0,1,0,2,0,0,0,0,0,1,0,1,0,0,1,0,1,0,0,1,0,0,1,0,1,0,0,1,0,0,0,0,1,0,0,1,1,1,1,1,0,0,1,0,0,0,0,0,1,1,0,0,0,1,1,0,1,0,0,0,0,0,1,1,1,0,0,1,0,1,1,1,0,1,0,0,0,0,1,1,1,0,1,1,0,1,0,1,1,0,0,2,1,0,0,2,0,1,2,0,1,0,0,0,0,1,1,0,1,0,0,0,1,0,2,2,0,0,0,1,0,0,1,0,1,1,0,0,0,1,0,0,0,1,1,0,0,1,0,0,1,1,0,1,0,0,0,1,1,1,2,0,2,1,0,0,0,0,1,0,1,0,0,0,1,1,0,0,0,1
chr1:5217733,rs641,A/T,1,2,0,0,0,0,2,1,1,0,1,0,0,0,0,1,0,1,1,0,1,0,1,2,0,1,2,0,0,0,1,0,0,0,0,0,0,0,2,2,0,1,1,0,1,0,1,0,0,0,0,1,1,1,0,1,0,1,0,1,1,0,0,1,1,1,1,0,1,2,1,0,1,0,0,0,0,1,1,0,0,1,2,0,1,1,0,0,1,2,1,1,0,1,2,0,0,2,0,0,1,0,0,1,1,0,1,1,1,0,1,1,1,1,0,0,0,0,0,0,0,0,0,2,0,1,2,1,1,2,1,1,1,0,0,1,1,1,1,1,0,0,1,1,1,1,0,2,1,1,0,0,0,0,1,1,0,0,0,0,0,0,0,0,1,1,1,0,2,1,0,0,0,0,1,0,1,0,0,2,0,0,0,0,0,2,1,0,0,1,1,1,0,0,0,1,0,1,1,0
chr1:3869729,rs642,G/A,0,0,0,0,1,0,1,0,1,1,0,0,1,0,0,2,0,1,0,0,1,0,1,0,0,0,0,0,1,0,1,1,0,0,0,1,0,0,2,2,0,1,0,1,0,1,1,0,0,1,0,2,0,0,0,0,1,2,0,1,0,0,0,1,1,1,0,0,0,0,1,1,1,0,2,0,1,0,0,1,0,0,0,0,2,0,0,1,1,0,0,0,2,0,0,0,1,0,0,1,2,2,0,0,0,0,0,2,1,0,0,0,0,0,1,0,0,0,1,1,0,1,0,0,0,0,0,0,1,0,2,1,1,1,0,0,0,0,2,0,0,0,0,1,0,0,1,0,1,1,2,0,0,0,0,0,1,1,1,0,1,0,1,1,1,1,0,0,1,0,1,2,0,0,0,1,1,0,1,0,0,1,0,0,1,1,1,2,0,1,1,1,0,0,0,0,0,1,1,1
chr2:9944718,rs643,G/A,2,1,1,1,0,1,0,1,2,1,1,2,1,1,1,1,0,1,1,2,0,1,2,0,1,0,2,0,2,2,0,0,2,0,0,0,0,1,1,2,0,1,0,1,1,2,2,2,2,0,2,0,1,0,2,0,1,1,1,1,2,1,1,2,1,2,1,2,1,1,2,1,1,1,0,1,1,1,1,1,1,1,1,2,2,1,2,1,0,0,0,2,1,2,1,1,0,0,1,2,1,1,2,1,1,1,1,2,1,2,2,0,1,2,1,1,1,2,2,1,2,1,1,0,1,2,1,1,0,1,0,0,0,0,0,2,2,0,0,1,2,2,1,1,1,1,2,2,1,0,1,1,2,0,1,2,1,1,1,1,1,1,2,1,1,0,0,0,2,2,1,0,1,1,2,0,1,2,2,1,0,0,0,0,2,2,0,0,1,2,2,0,1,1,2,1,1,1,2,1
chr4:5202271,rs644,G/A,1,1,0,1,0,1,2,0,1,1,1,0,1,1,0,1,0,0,0,1,0,0,0,0,1,1,0,1,2,1,1,0,0,0,1,1,0,0,1,0,1,0,0,0,0,0,1,0,1,1,0,0,0,1,0,0,0,0,0,0,1,0,1,1,0,1,1,1,1,0,0,0,1,1,1,0,0,0,2,0,0,0,0,0,1,0,1,1,1,0,2,1,0,0,0,1,0,1,1,0,0,0,0,0,1,0,1,2,0,0,1,0,0,0,0,0,0,0,2,1,0,1,0,0,1,0,1,0,0,0,1,1,0,0,0,0,0,0,1,0,2,0,0,0,1,0,0,0,1,0,1,0,1,0,1,0,0,1,0,0,0,0,0,2,0,1,0,1,0,1,0,1,0,1,0,0,1,0,0,2,0,1,0,0,1,1,0,1,0,0,0,2,0,0,1,0,1,0,1,0
chr3:5746771,rs645,T/A,2,1,0,0,1,0,1,2,2,2,0,2,0,2,0,2,1,1,0,0,1,1,2,1,1,1,1,1,2,1,0,1,1,1,1,1,2,1,2,0,1,1,2,1,2,2,0,1,0,0,0,1,1,1,0,1,1,2,2,1,1,1,0,0,0,1,2,0,0,0,1,1,0,0,1,1,1,2,1,1,1,1,1,1,2,0,1,0,0,1,1,1,0,0,1,0,2,1,1,0,0,1,1,0,0,2,1,1,0,1,0,0,1,1,1,1,2,1,1,2,2,1,0,1,1,2,0,1,1,2,1,0,2,0,0,1,0,2,1,1,1,0,2,1,0,2,2,1,2,1,0,2,1,1,1,0,1,1,1,0,2,2,1,1,1,2,2,2,0,2,1,1,0,0,1,1,1,1,2,1,1,1,1,2,0,2,1,1,0,0,0,1,1,1,2,0,0,2,0,0
chr4:1864645,rs646,G/A,1,2,2,2,1,0,1,1,0,0,1,0,1,2,0,2,1,1,0,2,1,0,1,1,1,1,1,1,1,1,2,0,1,1,1,1,1,0,1,1,2,0,1,1,0,1,1,0,2,1,2,0,0,0,1,2,1,2,1,0,2,1,1,0,1,1,2,1,1,2,1,0,1,0,2,1,1,0,0,1,0,1,1,1,2,0,1,2,0,1,1,2,2,2,1,0,0,2,1,0,1,2,2,0,0,1,0,0,0,1,2,2,1,1,1,2,0,1,2,1,2,0,1,2,1,2,0,0,1,2,0,1,1,1,1,0,1,1,1,2,1,1,1,1,2,0,1,0,0,1,1,0,0,1,0,0,2,1,1,1,0,1,0,2,2,1,1,1,1,2,0,2,2,1,0,1,1,0,2,1,1,1,1,0,2,0,2,0,1,1,1,1,1,1,1,0,1,0,1,0
chr3:5254849,rs647,G/C,1,1,1,1,2,1,1,0,1,0,0,1,2,2,1,2,2,1,0,0,1,1,0,2,0,1,1,1,1,1,1,1,1,2,0,1,1,2,1,2,1,0,1,0,1,0,1,1,0,1,1,2,1,1,0,1,2,2,1,1,1,1,2,1,0,1,1,2,1,0,0,0,1,1,1,2,0,1,1,2,2,0,2,2,2,1,2,1,1,1,0,1,1,2,1,1,0,1,0,0,0,1,2,0,0,2,0,0,1,0,1,1,1,0,1,1,0,0,1,2,2,2,0,1,2,1,1,0,1,1,0,1,1,0,2,0,2,0,1,2,0,1,1,1,1,1,1,1,2,2,1,1,1,0,1,1,1,2,1,2,0,1,2,0,1,2,2,1,1,0,2,0,1,0,2,1,2,1,1,1,2,0,1,1,2,1,1,1,1,0,2,0,1,1,2,1,2,1,0,0
chr3:9336900,rs648,C/T,0,0,0,0,1,0,0,0,0,0,0,0,0,0,1,0,0,0,1,0,0,1,0,1,1,0,1,1,0,0,0,1,1,0,1,0,0,1,1,0,0,1,0,0,0,0,0,0,0,1,0,0,0,0,0,0,2,0,0,1,0,1,1,0,0,0,0,1,0,1,0,1,0,0,2,0,1,0,0,0,0,0,0,0,0,0,0,1,1,0,1,0,0,0,0,0,0,0,2,0,0,1,0,0,0,1,1,0,1,0,0,1,0,0,1,0,0,0,1,0,0,0,0,1,0,1,0,0,0,0,0,1,0,0,0,0,0,0,0,0,0,0,0,0,0,0,0,0,0,0,0,0,0,0,1,0,0,0,0,1,0,0,0,1,0,1,1,0,2,0,1,0,1,0,0,0,0,1,0,0,2,0,0,0,0,0,0,0,1,0,0,0,1,1,1,0,0,1,0,1
chr2:4512664,rs649,T/C,0,0,0,0,0,0,0,0,1,1,1,0,0,0,1,0,0,0,0,1,0,0,0,0,0,0,0,2,0,0,1,0,0,0,0,0,0,0,0,0,0,0,0,0,0,1,0,0,1,0,0,0,0,0,1,1,0,0,0,0,0,2,1,0,0,1,0,0,0,0,0,1,0,0,0,0,0,0,0,0,0,1,0,0,0,0,0,0,0,0,0,0,0,1,1,0,1,0,0,0,0,0,0,0,0,1,0,0,1,1,0,1,0,1,0,1,0,1,0,0,0,1,0,0,1,0,0,0,0,0,1,1,0,0,0,0,0,0,0,0,0,0,0,0,1,0,0,1,0,0,0,0,0,0,1,0,2,0,1,0,1,0,0,0,0,0,1,0,1,0,0,0,0,0,0,0,0,0,0,1,0,0,1,0,0,0,0,0,0,1,0,0,1,0,1,0,1,0,0,0
chr3:2491633,rs650,A/G,1,0,1,0,0,0,2,1,1,0,0,1,0,1,1,0,0,0,1,1,0,1,0,0,0,1,0,0,0,0,0,0,0,0,1,1,0,0,2,0,1,1,2,0,0,1,0,0,0,0,0,0,0,2,1,0,1,0,0,0,0,1,0,0,0,0,0,0,0,0,0,0,0,0,0,0,1,1,0,0,0,0,0,0,0,1,1,0,1,0,0,0,1,1,1,0,0,0,0,1,0,0,1,0,1,0,1,2,0,0,0,0,0,1,1,2,0,0,0,1,0,0,0,2,0,1,0,0,1,1,0,1,0,1,1,1,0,0,1,0,1,0,0,0,0,2,0,0,1,0,1,1,0,0,1,0,0,1,0,1,0,2,0,1,0,0,0,1,1,0,0,0,0,0,0,1,0,1,0,0,0,0,0,2,0,0,1,0,0,0,0,0,1,0,0,0,0,0,1,1
chr4:3061774,rs651,A/G,0,1,1,1,0,0,0,0,0,0,0,1,0,0,0,0,0,1,0,1,0,0,0,0,0,0,0,0,0,0,0,1,1,0,0,0,0,0,0,0,0,0,0,1,1,0,0,1,0,0,0,1,1,1,0,1,1,0,1,0,1,1,0,1,0,0,0,0,0,1,0,0,0,2,0,1,1,0,0,1,0,0,0,0,0,0,1,1,0,0,0,0,0,0,0,0,0,1,0,0,0,1,1,1,0,2,0,1,0,0,0,0,1,0,1,0,0,0,1,0,2,1,0,1,0,0,0,1,0,1,1,0,1,0,0,1,0,0,1,0,0,0,1,2,0,1,0,0,0,1,1,0,0,0,1,0,0,0,2,0,0,0,0,0,1,2,0,0,0,0,2,0,0,1,1,0,0,0,0,0,0,0,0,0,0,0,0,0,0,0,0,0,0,1,1,0,0,0,0,1
chr3:7976610,rs652,A/T,0,1,2,0,0,0,0,0,0,1,1,0,2,0,1,0,0,2,1,0,1,1,2,2,1,0,0,0,0,0,0,0,1,0,2,2,1,0,2,1,1,1,0,1,1,0,0,0,2,1,2,0,2,2,1,1,0,0,0,2,1,1,0,0,1,0,1,1,1,1,2,0,1,0,1,2,0,2,0,2,0,0,1,2,0,2,0,2,2,1,2,0,2,1,0,0,1,0,0,1,0,2,0,1,1,1,0,2,1,1,2,2,1,1,0,0,1,0,1,0,0,1,0,2,0,1,1,0,0,1,0,1,0,1,0,0,0,2,2,0,1,0,1,0,1,0,0,2,0,2,0,1,0,0,1,1,0,2,1,2,2,1,1,1,1,0,0,0,1,1,0,0,1,0,1,0,0,0,0,1,1,1,2,1,0,1,1,2,0,2,2,2,2,2,2,0,1,2,1,2
chr4:9526086,rs653,G/A,2,1,1,0,1,0,0,0,0,0,2,1,1,1,1,0,2,0,0,0,2,1,1,0,2,1,0,0,1,0,0,2,1,0,0,0,1,2,2,0,1,0,0,1,1,2,2,0,1,1,1,1,0,1,2,2,2,1,1,0,0,1,1,1,1,1,0,0,0,1,0,0,2,0,1,0,1,0,0,0,1,2,2,0,2,0,2,1,0,0,0,0,1,1,2,1,1,0,1,0,1,1,1,0,2,0,1,1,1,2,0,0,0,1,1,0,1,1,1,1,2,0,1,1,0,0,0,1,0,1,2,2,1,1,1,0,1,1,1,1,1,1,2,2,2,0,1,0,0,1,2,0,1,1,2,0,1,0,1,0,1,1,2,1,0,1,1,2,1,1,2,0,1,1,1,0,1,0,0,0,0,0,1,0,0,2,1,1,1,1,1,0,1,0,0,1,1,2,1,1
chr4:2619715,rs654,C/A,0,0,0,2,0,1,2,0,1,1,0,0,0,0,1,1,0,1,1,1,1,1,0,1,1,1,0,1,1,0,1,1,0,0,1,0,1,0,0,1,2,0,1,0,1,1,0,0,1,0,0,1,0,1,0,1,0,1,0,1,1,0,0,1,0,0,1,1,0,1,1,0,1,0,0,0,1,1,0,0,1,1,0,0,2,0,2,0,1,1,2,0,2,0,0,1,1,0,1,2,1,1,1,0,1,1,0,0,1,0,1,0,1,0,1,1,1,0,1,0,1,1,0,2,0,1,0,2,1,1,0,1,2,1,1,1,0,2,1,1,0,0,0,0,0,1,0,1,1,1,1,1,1,0,1,0,2,0,0,0,2,1,0,0,0,0,1,2,2,2,0,2,0,1,1,1,2,0,0,0,0,1,0,1,0,0,1,1,0,1,0,0,0,1,1,1,2,0,1,1
chr1:9324454,rs655,G/A,0,2,1,0,0,0,1,0,0,0,0,0,0,0,0,1,2,0,0,1,1,0,0,0,0,0,0,0,1,0,1,0,0,0,0,0,0,2,0,0,0,1,0,0,0,0,0,0,0,0,0,0,0,0,0,0,0,1,0,0,0,0,1,0,0,0,0,0,0,1,0,2,1,1,0,2,1,0,1,0,0,1,1,1,0,0,1,0,0,1,0,0,0,1,0,0,1,0,1,0,0,0,1,0,0,0,1,0,0,0,0,0,1,0,0,0,0,0,0,0,0,0,0,1,0,1,1,0,0,0,1,0,0,0,1,0,0,1,0,1,1,0,0,0,0,1,0,1,0,1,0,2,1,0,1,1,1,1,0,0,0,0,0,1,0,0,0,1,0,0,0,0,0,1,2,0,1,0,1,1,2,0,0,1,0,0,0,0,0,1,0,0,1,0,0,0,1,2,1,0
chr4:2544613,rs656,C/T,0,1,2,0,0,1,0,0,0,0,0,1,0,0,0,1,0,0,1,0,0,0,0,0,0,0,0,0,0,0,1,0,0,0,0,2,0,1,0,1,0,0,0,0,0,1,1,0,0,0,1,0,0,0,0,1,1,0,0,1,1,0,1,1,2,0,0,0,1,0,0,0,1,0,0,1,0,1,0,0,0,1,0,1,0,0,0,0,0,1,0,0,0,0,0,0,0,0,0,0,1,1,0,0,0,0,0,0,0,1,1,0,1,0,1,0,0,0,0,0,0,0,0,0,1,0,0,0,0,1,0,0,0,0,0,0,0,0,0,1,1,0,0,0,0,0,0,0,0,0,1,0,1,0,1,1,0,1,0,0,0,1,0,0,0,0,0,0,0,0,0,0,0,0,0,0,0,1,1,1,0,0,0,1,0,1,1,1,0,0,0,0,1,1,0,0,1,0,1,1
chr3:3430525,rs657,G/A,0,1,1,0,0,0,0,0,1,0,1,0,1,0,1,1,0,0,1,0,0,0,0,1,0,0,0,1,1,1,0,1,1,0,1,0,1,0,0,1,0,0,1,1,0,1,0,0,0,0,0,1,0,1,0,1,1,0,0,0,1,0,0,1,0,2,0,0,0,0,0,1,0,0,1,1,0,0,0,1,0,0,2,0,1,2,0,1,1,1,0,0,0,0,0,0,1,0,0,2,0,0,1,0,0,0,0,0,0,0,0,1,1,0,1,0,0,0,0,0,0,0,0,0,0,1,0,1,0,0,1,0,1,0,0,0,0,0,1,0,0,0,0,0,1,1,0,1,1,0,0,1,0,1,1,1,0,1,1,0,0,0,1,0,0,0,0,1,1,1,0,1,1,0,0,0,1,0,0,0,0,1,1,1,1,0,0,0,0,0,0,1,0,0,0,0,1,0,0,0
chr3:3456070,rs658,C/T,1,1,2,2,1,0,0,1,1,2,2,2,1,1,1,0,2,2,0,1,1,0,1,1,1,0,1,0,2,1,0,1,1,1,2,1,0,0,0,1,2,1,0,0,1,1,2,1,2,0,0,0,0,1,1,0,1,0,2,1,1,2,1,0,2,0,1,1,1,0,1,1,0,1,2,1,0,1,0,1,0,1,2,1,2,1,1,1,0,1,1,1,0,0,1,0,1,1,0,1,0,2,1,1,1,1,0,0,0,1,2,1,1,1,0,2,2,2,1,0,1,1,1,2,0,2,2,1,1,1,2,1,1,2,2,1,2,0,1,0,1,1,1,0,1,1,1,1,0,1,1,1,1,2,0,1,1,1,1,1,1,1,1,1,2,1,1,1,0,2,1,1,0,1,2,2,0,0,1,1,0,2,2,1,1,1,0,2,1,0,1,1,0,1,0,2,1,1,1,1
chr2:5749766,rs659,A/T,1,0,1,0,0,1,0,0,1,0,1,0,0,0,1,2,1,0,0,1,1,0,0,1,0,0,0,0,1,1,2,1,0,0,1,0,0,0,1,0,0,0,0,0,0,1,1,0,0,1,0,0,0,1,0,0,1,1,0,1,1,1,1,0,0,0,0,0,1,0,1,0,0,0,2,1,1,1,0,0,2,1,0,1,1,1,0,1,0,1,0,0,0,0,2,1,1,0,0,0,1,0,0,1,1,1,0,1,1,2,0,0,0,0,1,0,1,1,1,0,0,1,0,1,1,0,0,1,0,0,0,0,1,1,1,1,0,0,0,0,1,0,0,1,0,0,1,0,1,0,1,1,0,1,1,2,0,0,0,0,0,1,0,2,0,0,0,0,1,1,1,0,0,2,1,1,0,1,1,0,1,0,1,1,1,0,1,1,0,1,0,0,0,2,1,2,0,2,0,0
chr2:9982913,rs660,T/G,0,1,1,0,0,0,2,0,1,0,1,0,1,0,1,0,0,0,0,0,0,0,0,1,0,1,1,0,0,1,0,0,0,0,0,0,0,1,1,1,0,1,0,1,0,2,1,0,1,0,1,0,0,0,0,0,1,0,0,0,0,0,0,2,1,1,0,1,1,0,0,0,1,1,1,2,1,0,0,0,1,0,1,0,0,1,0,0,0,1,0,1,1,0,1,0,1,1,1,0,1,0,2,0,1,0,0,0,0,0,0,0,0,0,0,0,0,0,1,0,2,0,1,0,0,0,0,0,1,1,0,0,1,1,0,0,0,0,1,0,0,0,0,1,0,0,1,0,0,0,1,0,1,0,0,2,0,2,0,1,0,0,1,0,1,0,1,1,0,1,2,0,0,0,1,1,0,1,0,0,1,1,0,0,0,0,0,1,0,0,1,0,1,0,0,1,1,0,0,1
chr1:6477093,rs661,C/A,0,0,0,0,1,0,0,0,0,0,2,0,0,0,0,0,0,1,1,1,1,0,1,0,1,0,0,0,0,1,0,0,0,1,0,1,2,1,1,1,1,0,0,1,1,0,0,0,0,0,0,0,0,0,0,1,2,0,0,1,1,0,0,1,0,1,0,0,0,1,2,1,1,0,0,1,1,2,1,0,1,0,1,1,0,1,1,1,1,0,0,1,1,1,0,1,0,0,0,0,0,0,1,0,0,0,0,0,0,1,0,1,1,1,1,1,1,0,1,1,0,0,1,1,0,0,2,0,1,2,0,0,1,0,0,1,0,0,0,0,0,1,1,0,0,0,1,0,0,0,0,0,1,0,0,0,0,0,0,0,0,1,0,0,1,1,0,0,1,0,0,0,1,1,1,1,0,1,0,0,1,1,0,1,0,0,0,0,0,1,0,0,2,0,0,1,0,0,0,1
chr2:6529046,rs662,T/G,0,0,2,0,2,1,2,0,1,1,1,0,0,0,0,2,1,1,1,1,0,1,1,0,1,1,0,1,0,1,0,0,0,0,0,1,1,2,1,2,0,1,0,1,0,0,1,1,1,0,1,1,2,0,2,1,0,1,1,0,1,1,1,2,0,0,1,1,1,1,1,2,2,0,0,0,1,1,1,1,1,0,2,1,0,1,1,0,1,1,1,1,0,2,1,1,0,1,1,2,0,1,1,1,1,0,2,0,0,1,0,0,0,1,2,2,1,1,2,1,1,0,1,2,0,0,0,1,0,0,2,2,2,1,2,0,2,0,0,1,1,1,0,2,2,0,1,0,2,0,0,1,0,2,0,2,1,0,1,1,1,2,1,0,0,1,1,2,2,0,1,0,2,1,0,2,0,0,1,0,1,1,0,1,2,1,1,0,1,0,1,2,0,0,1,1,1,1,0,2
chr1:2538112,rs663,A/T,0,0,2,0,1,1,1,1,0,1,1,1,1,1,2,1,1,0,0,0,0,0,2,0,0,1,1,2,0,1,0,1,1,2,1,1,2,1,0,1,0,1,1,2,1,1,1,2,2,0,1,1,0,0,1,1,2,2,2,1,0,0,0,0,1,0,1,2,1,1,1,2,0,2,1,2,1,0,2,0,2,0,0,1,0,2,1,1,0,0,2,0,2,1,2,1,1,1,1,0,1,0,1,1,2,1,1,1,1,0,1,0,1,2,2,1,1,2,2,1,1,0,1,1,2,2,1,1,0,2,0,2,1,0,1,0,1,2,1,0,1,2,2,1,1,2,2,2,2,1,1,1,1,1,2,0,1,0,1,0,1,1,0,1,0,1,1,0,1,1,2,1,2,0,0,2,1,1,1,1,2,1,0,2,1,2,1,1,0,1,0,2,0,2,1,1,2,1,1,0
chr2:2685996,rs664,A/T,1,1,0,0,0,1,1,0,0,0,0,1,0,2,1,2,0,0,1,1,1,1,0,0,0,0,1,0,1,1,1,2,1,1,0,0,1,1,0,1,0,0,0,0,2,1,2,1,2,1,1,2,1,0,1,0,1,2,2,0,2,1,0,0,0,1,1,0,1,2,0,1,0,2,1,0,2,0,0,0,2,1,0,2,2,0,1,1,1,1,0,2,1,1,0,1,2,0,0,0,1,0,0,1,1,1,1,1,1,2,1,2,2,1,0,1,0,1,1,1,0,1,1,0,1,1,1,0,1,1,1,1,1,2,1,1,0,0,0,1,0,2,1,0,1,2,0,0,2,1,1,2,0,2,2,0,1,0,1,1,1,1,1,1,1,0,0,1,1,0,1,2,1,1,1,1,0,0,1,0,0,0,1,0,0,0,0,1,1,1,1,0,1,1,1,1,1,1,2,0
chr2:2352144,rs665,C/A,0,0,1,1,1,1,1,0,0,0,0,1,0,0,0,0,0,1,0,0,1,0,0,0,0,0,0,0,0,1,0,0,1,1,1,0,0,0,0,1,1,0,0,0,1,0,0,0,0,1,0,0,1,0,0,1,0,1,1,0,0,0,1,0,0,1,0,0,1,0,0,0,1,0,0,2,0,0,0,0,0,0,0,0,0,0,0,0,0,0,0,2,1,0,0,0,0,1,0,0,0,0,0,0,0,0,0,1,0,0,0,0,0,0,0,0,0,1,0,0,1,0,0,0,1,0,0,0,0,0,1,0,0,0,0,0,0,0,0,0,0,1,0,1,0,1,0,0,0,0,0,0,0,0,1,1,0,0,0,0,1,0,0,0,1,0,0,0,0,0,0,0,1,0,2,0,0,0,1,0,1,0,0,0,1,1,1,0,0,0,1,0,0,0,0,0,0,1,0,0
chr4:7695306,rs666,C/A,0,1,0,1,0,1,0,2,0,0,0,1,1,0,0,0,0,0,1,1,0,0,0,0,0,0,0,0,0,1,0,1,1,1,0,1,0,1,1,0,1,0,0,2,0,1,1,1,0,1,1,2,1,1,0,0,1,0,2,1,0,1,0,1,1,0,0,0,1,0,0,1,0,1,1,1,1,0,1,1,0,0,1,0,1,1,0,0,1,0,1,0,1,2,1,1,0,1,0,1,1,1,0,0,1,1,1,1,1,1,2,0,0,1,0,0,0,0,0,0,1,0,0,1,2,0,0,1,0,0,0,1,0,2,0,0,1,0,0,0,0,1,0,1,1,1,0,0,1,0,1,0,1,0,0,0,0,1,1,1,2,1,1,0,0,1,0,1,0,1,0,1,0,0,0,0,2,0,0,1,0,0,0,0,0,2,0,0,0,0,1,1,1,0,1,0,0,0,0,1
chr4:2693439,rs667,C/A,2,0,1,0,0,0,0,2,0,0,1,0,1,0,1,1,0,1,0,0,1,1,1,0,0,1,1,1,1,1,0,1,0,0,0,0,1,0,0,0,1,1,0,1,1,0,0,0,0,0,1,1,1,0,1,0,1,1,0,2,0,0,1,0,1,0,0,1,0,0,0,0,0,0,1,1,0,2,0,1,0,0,1,0,0,2,0,0,1,0,1,2,1,0,0,0,1,1,0,1,1,0,0,0,1,0,2,0,1,0,0,0,0,2,1,0,0,0,1,1,1,2,1,0,0,1,0,0,2,1,0,0,2,1,0,1,1,1,0,1,1,0,1,1,1,1,1,1,0,1,1,1,1,0,0,0,1,0,1,0,1,0,0,0,0,0,0,0,1,1,1,2,0,0,0,1,1,0,1,0,0,1,0,1,0,0,0,1,1,1,0,1,0,1,1,1,1,1,1,1
chr2:7919875,rs668,T/C,0,0,0,1,0,0,1,0,0,0,0,0,0,0,1,0,0,0,0,2,0,0,0,0,0,0,0,0,0,0,1,0,0,0,0,0,0,1,0,1,0,0,0,0,0,1,0,0,1,0,0,0,0,0,1,0,0,0,2,0,0,1,0,1,0,0,0,0,0,0,0,1,0,1,0,0,1,1,1,0,1,0,0,0,0,0,0,0,0,0,0,0,0,0,0,0,1,1,0,0,0,1,0,0,0,0,0,0,0,0,0,0,0,0,0,0,0,0,0,0,0,0,0,1,0,0,0,0,0,0,0,0,0,1,0,0,0,1,1,0,1,1,0,0,0,0,1,0,0,0,0,0,0,0,0,0,0,0,0,0,0,0,1,0,0,2,0,0,1,0,0,0,1,0,0,0,0,0,0,0,0,0,0,0,1,0,0,0,0,1,1,0,1,0,0,0,1,0,1,0
chr4:9985826,rs669,A/T,0,1,0,0,0,0,0,0,0,0,0,0,1,0,2,0,0,0,1,1,0,1,1,0,0,0,1,1,0,0,0,1,0,0,0,0,0,1,0,0,0,1,0,2,1,0,1,0,0,0,0,0,1,0,0,0,0,1,0,0,0,1,2,1,0,1,0,1,0,0,0,1,0,1,0,0,1,0,0,0,0,1,1,0,0,0,0,1,0,1,0,0,2,1,0,0,1,2,0,0,2,0,1,1,0,1,0,1,0,0,0,0,0,0,0,1,1,0,1,1,1,0,1,0,0,0,0,1,0,0,0,0,1,1,1,0,0,0,0,0,0,0,1,0,0,1,0,0,1,0,2,0,0,1,0,0,0,0,1,1,0,1,0,1,1,2,0,1,0,0,0,1,1,0,1,1,0,0,1,1,0,1,0,0,0,0,0,1,1,0,0,1,2,1,0,1,0,0,1,0
chr4:1817052,rs670,T/C,0,1,0,1,1,1,0,1,0,0,1,1,1,0,1,0,0,1,0,2,1,0,0,1,0,0,1,0,0,1,0,2,0,0,1,1,0,1,1,0,0,0,0,0,1,1,0,0,1,2,0,0,1,0,0,2,0,0,0,2,1,1,0,1,1,1,1,1,0,1,1,0,1,0,0,0,0,1,1,1,0,1,0,0,0,0,0,0,1,1,2,1,2,0,0,1,1,0,1,0,0,1,1,1,0,0,0,1,1,0,0,0,1,0,0,1,2,1,1,0,0,0,1,0,0,1,0,2,2,2,1,0,1,1,0,0,1,1,1,0,1,0,0,0,2,1,1,1,0,0,2,1,1,2,0,1,0,1,0,1,1,1,0,1,0,1,2,1,0,0,0,0,1,0,1,1,2,1,1,1,0,0,1,0,1,1,1,0,0,0,0,1,1,1,1,0,1,0,0,1
chr1:7269324,rs671,A/T,1,1,2,0,0,0,0,0,1,0,1,1,0,1,0,1,0,1,0,1,0,1,1,1,0,1,0,0,0,1,1,0,0,1,1,1,0,0,0,0,1,0,0,0,1,1,0,0,0,1,0,2,0,0,1,0,0,0,0,1,0,1,0,0,0,1,0,0,2,1,1,0,0,0,1,0,1,0,1,0,1,1,0,1,0,0,0,0,0,2,0,0,1,2,0,0,0,0,2,0,1,0,0,0,1,0,0,1,0,0,1,0,0,1,0,0,1,1,1,1,0,0,0,0,0,0,1,0,1,1,2,0,2,0,1,0,0,0,1,0,1,2,0,0,0,0,0,1,0,0,0,1,0,0,1,0,0,0,0,1,0,1,1,0,2,0,1,2,0,1,0,1,0,1,1,1,1,1,0,0,0,0,1,0,0,0,0,0,0,0,1,0,1,1,0,0,1,0,0,0
chr4:8503888,rs672,G/A,0,1,0,1,2,1,1,1,0,1,1,2,2,1,1,2,2,2,1,1,1,1,1,0,2,1,2,2,0,0,1,0,1,0,1,2,0,1,1,2,1,0,1,2,1,1,2,1,1,1,2,1,0,2,1,2,0,0,1,1,2,1,1,2,2,0,0,1,1,0,2,1,1,2,1,1,1,1,1,2,2,0,2,0,0,2,0,2,1,0,0,1,1,1,1,1,0,1,0,1,1,1,1,0,1,0,0,1,2,1,1,0,1,1,1,1,1,0,1,1,0,1,1,1,1,2,1,2,0,2,0,1,1,0,1,0,2,0,2,1,1,1,1,1,0,2,0,1,0,1,1,2,0,0,2,0,0,1,0,0,2,0,1,1,2,1,1,1,0,1,1,0,0,2,0,0,0,0,1,1,0,0,1,1,1,1,2,2,0,0,0,2,1,0,1,1,2,1,1,0
chr1:3726016,rs673,T/A,0,0,0,0,0,2,1,0,0,1,0,0,0,0,0,0,0,0,0,0,0,0,1,0,1,1,0,0,1,0,1,0,1,0,0,0,1,0,1,1,0,0,0,0,0,0,1,0,0,0,1,0,0,1,0,0,1,1,0,0,1,0,1,0,0,0,1,0,0,2,0,0,0,0,0,0,0,0,0,1,0,1,1,0,1,0,0,0,0,0,0,0,0,1,0,0,0,0,0,0,0,0,1,0,0,0,0,0,0,0,1,1,0,0,0,1,0,0,0,0,0,0,0,0,0,0,0,0,0,0,1,0,0,0,0,0,1,0,0,0,0,1,1,0,0,0,0,0,0,0,1,0,1,0,0,0,0,0,1,0,0,0,1,0,1,1,0,0,0,1,1,0,2,0,0,0,0,0,1,0,0,0,0,0,1,0,0,0,1,0,1,0,0,0,1,0,0,0,0,2
chr1:5414473,rs674,T/C,1,0,2,1,2,0,0,1,0,0,2,0,0,0,1,1,0,1,1,1,1,1,0,0,2,2,1,1,1,0,0,0,1,0,2,1,1,1,2,1,0,0,0,1,1,0,2,1,0,1,1,1,0,0,2,1,0,1,1,1,0,0,1,1,1,0,1,2,2,2,0,0,2,0,2,1,1,0,2,0,2,0,0,0,0,1,0,1,1,0,1,1,2,1,1,0,2,1,1,0,1,1,1,0,0,1,1,1,1,0,0,0,0,2,2,1,1,2,0,0,2,0,2,1,2,0,1,0,1,1,2,1,1,2,0,1,2,1,0,0,1,0,0,1,1,1,0,1,1,1,0,1,1,2,1,0,1,1,0,1,1,0,1,1,0,1,0,0,2,1,1,0,0,1,1,2,0,1,1,1,1,0,1,1,1,1,1,1,0,0,1,0,0,0,2,1,2,0,1,1
chr4:3319124,rs675,G/C,1,1,2,0,2,1,1,1,1,0,1,0,1,1,0,1,2,2,1,1,1,1,1,1,1,1,1,2,0,2,1,0,0,2,1,0,1,2,2,0,1,1,1,0,1,0,1,1,0,2,1,1,0,1,0,0,2,1,1,1,1,2,2,1,0,2,1,2,1,2,1,1,2,1,2,0,1,1,0,1,2,0,2,0,0,0,1,0,0,1,1,0,2,1,1,2,1,0,0,1,0,2,2,1,1,0,1,2,0,0,1,2,0,1,0,2,0,1,1,0,1,1,2,2,2,1,2,2,0,1,2,2,1,1,1,2,1,1,0,1,0,1,0,0,1,1,0,1,1,0,1,0,1,0,1,1,1,2,2,1,2,1,0,1,1,0,2,2,1,2,2,1,1,2,1,0,1,1,0,2,0,2,1,1,0,2,0,2,0,2,2,1,1,2,1,0,2,0,0,0
chr3:3518970,rs676,T/A,0,1,1,1,2,0,2,1,0,2,0,1,0,0,1,1,1,1,1,1,1,0,1,0,2,0,0,1,0,0,1,1,1,1,1,2,0,1,1,0,1,0,1,0,1,1,1,1,0,0,0,0,2,1,0,1,1,0,1,0,1,0,1,0,0,1,0,0,2,1,0,1,2,1,1,1,0,1,1,1,1,0,1,1,2,0,1,1,1,1,1,1,0,0,1,1,0,1,1,0,0,1,1,0,1,0,0,1,2,1,1,2,0,1,1,1,0,2,1,0,1,1,0,1,1,1,2,1,0,1,0,0,1,1,1,2,0,1,1,0,0,1,0,1,1,0,1,0,1,1,1,1,1,1,1,0,0,0,0,2,0,1,1,2,1,1,1,0,1,1,0,0,0,0,0,1,1,2,0,1,1,1,1,2,1,2,0,0,0,0,0,2,1,1,1,0,0,1,1,1
chr3:2055675,rs677,C/A,0,1,1,0,1,1,2,0,0,2,0,2,0,0,0,0,0,1,1,2,0,0,0,1,1,0,2,0,0,0,1,2,1,0,1,1,1,0,0,0,0,1,0,0,0,1,0,2,1,0,0,0,1,0,1,0,0,0,1,1,2,0,1,0,2,0,0,2,0,1,1,0,0,0,0,0,1,1,1,2,1,2,0,0,0,0,1,0,1,0,0,0,1,1,0,0,0,0,0,0,0,1,2,1,0,1,0,1,1,0,0,1,0,0,0,0,0,1,1,0,1,0,0,0,1,0,1,0,1,1,0,2,1,1,0,2,0,1,1,1,1,0,0,1,0,1,0,1,0,0,0,0,1,2,1,0,1,0,0,2,0,1,1,1,1,0,1,0,0,0,0,1,0,1,1,1,1,0,1,0,1,0,1,0,1,0,0,1,0,1,1,1,0,0,1,0,0,1,0,0
chr3:1965188,rs678,G/A,2,0,2,1,1,0,1,0,1,0,1,0,0,2,0,0,1,1,0,1,0,1,1,0,1,1,1,1,0,0,1,1,1,1,0,0,0,0,1,0,0,1,0,0,2,2,1,0,1,2,1,0,0,0,0,1,0,1,1,0,0,1,1,0,1,1,0,2,1,1,0,0,1,2,1,0,1,2,1,1,1,0,1,0,0,0,0,0,0,1,0,1,1,2,0,1,1,0,1,1,0,1,0,1,0,0,1,0,0,0,0,0,1,1,1,1,0,1,2,1,1,0,0,1,1,1,2,1,1,0,1,1,1,0,0,0,0,1,1,1,1,2,1,1,1,0,2,0,0,1,0,1,2,1,1,1,0,1,1,1,0,1,1,0,0,1,0,1,1,1,1,1,2,1,0,1,1,1,0,1,2,0,0,0,2,1,0,0,2,0,0,0,0,0,1,2,0,1,0,1
chr3:3320484,rs679,G/A,1,2,1,2,1,1,0,0,1,0,0,0,1,1,1,0,0,2,1,0,1,1,1,1,1,1,1,1,1,1,0,1,1,1,0,0,1,1,0,1,2,2,2,1,2,1,1,1,1,1,1,1,0,1,0,1,1,0,0,1,1,2,1,1,1,0,2,1,1,1,0,2,0,2,0,0,2,0,0,1,0,1,1,1,1,0,2,0,1,1,1,2,1,2,0,1,0,2,1,1,1,1,1,1,1,2,0,1,2,2,1,0,1,1,1,0,0,1,2,1,1,0,0,0,0,1,0,0,0,2,0,1,0,1,0,1,0,1,0,1,1,1,2,0,0,0,0,0,0,0,0,0,1,2,2,0,1,0,1,1,2,1,1,2,0,1,0,0,1,1,0,1,2,0,0,1,0,1,2,0,0,1,1,1,1,1,0,1,0,1,2,2,1,0,1,0,1,2,2,0
chr4:1487510,rs680,C/A,2,1,2,1,1,0,0,0,0,1,1,0,0,1,0,1,0,0,1,2,1,0,1,1,1,0,0,0,0,2,1,0,2,1,0,0,0,0,1,0,1,2,0,1,0,0,2,0,1,1,1,2,1,2,1,0,0,2,0,0,0,1,1,1,2,1,0,2,1,0,1,1,1,2,0,1,0,2,2,1,0,1,0,1,0,1,2,0,2,0,1,0,0,1,0,0,1,0,0,1,2,2,1,1,1,0,2,1,0,2,0,0,1,1,1,0,0,0,0,1,0,0,2,0,1,0,0,0,1,0,0,0,0,1,1,1,0,1,0,1,2,1,1,0,1,0,1,0,1,1,1,1,1,2,1,0,1,1,0,0,0,0,0,0,2,1,2,0,0,1,1,1,1,1,1,0,1,1,0,0,1,2,1,1,0,1,1,2,2,1,0,1,1,1,0,1,2,0,1,1
chr1:6795250,rs681,G/C,0,2,1,0,0,0,1,0,1,0,1,1,1,0,2,1,0,0,1,0,1,0,1,0,0,1,0,1,0,1,0,1,0,0,1,0,0,0,1,1,0,0,0,1,1,2,0,0,0,0,0,0,1,0,1,0,2,1,0,0,0,2,0,1,1,0,0,0,0,0,2,0,0,1,1,0,0,0,0,1,1,0,0,1,0,1,1,1,2,0,1,0,1,0,0,0,0,0,0,0,0,0,1,0,2,1,1,0,1,2,0,1,0,0,1,0,0,1,1,1,0,1,0,1,0,0,1,1,1,0,0,0,1,1,0,1,0,0,0,0,0,0,0,2,0,2,1,0,0,0,0,0,1,0,0,1,1,0,0,2,1,1,0,0,2,2,0,1,1,2,1,0,1,0,0,0,1,0,1,2,0,1,0,1,1,0,0,0,1,0,1,0,1,0,1,0,0,0,1,1
chr4:2780752,rs682,A/T,0,0,1,0,0,1,0,1,0,0,0,1,1,0,0,0,1,0,0,0,1,0,0,1,1,0,0,1,0,0,0,0,1,0,1,0,0,0,0,0,0,0,1,1,1,0,1,2,0,0,1,0,0,1,0,0,0,1,1,0,0,1,0,0,0,0,0,0,0,0,0,0,2,0,0,1,0,1,1,0,1,1,0,0,0,1,0,1,1,0,0,0,0,1,0,1,1,1,0,0,1,0,1,0,0,0,1,0,1,0,0,0,0,0,1,1,0,0,0,1,1,1,0,2,0,0,1,1,0,1,1,0,0,1,0,1,0,2,0,0,1,0,0,0,1,0,1,0,0,1,0,0,0,0,0,0,1,1,0,0,1,0,0,0,2,0,1,0,0,1,0,0,1,0,0,0,0,0,0,0,1,1,0,0,0,0,1,0,0,0,0,1,0,0,0,0,2,0,1,1
chr4:8253817,rs683,C/T,0,0,1,1,0,1,1,1,0,1,1,2,1,1,1,2,2,1,1,0,0,2,0,1,1,1,2,0,1,1,2,2,0,0,2,1,0,0,0,0,1,2,1,1,2,2,1,1,0,0,1,0,1,1,1,1,1,0,1,1,1,1,0,1,1,1,1,0,1,1,0,1,0,1,1,1,1,2,2,1,0,0,1,1,0,0,0,1,0,0,0,1,0,0,0,0,0,0,1,1,0,1,2,1,2,2,1,1,1,0,1,0,1,0,1,1,1,0,1,1,0,2,0,0,0,2,0,1,0,1,2,2,0,1,1,1,0,0,1,2,0,2,1,1,0,1,0,1,1,2,2,0,2,0,0,2,1,0,0,1,2,2,1,0,1,1,1,2,2,1,2,1,1,1,2,0,1,1,1,1,1,0,0,1,1,0,1,1,0,1,1,0,1,2,1,0,2,0,0,0
chr4:9791690,rs684,G/C,1,1,1,1,0,2,1,1,0,0,1,0,1,1,1,1,0,0,0,0,0,0,1,1,0,1,1,0,1,0,1,2,2,1,0,1,2,1,0,1,1,1,2,1,2,2,1,1,1,1,0,1,0,1,0,0,0,2,2,1,0,1,2,2,1,1,0,1,1,0,2,2,1,1,0,1,1,1,1,2,2,1,0,0,1,1,1,0,0,0,0,1,0,2,1,1,1,1,1,1,0,1,1,2,1,0,1,0,0,2,0,0,2,1,1,1,0,0,0,1,2,1,2,1,1,0,1,1,1,1,0,0,1,0,0,0,1,0,1,0,1,1,1,0,1,0,0,0,1,1,2,0,0,0,0,1,1,1,0,1,1,1,1,0,1,0,1,0,1,0,1,0,1,1,0,2,1,0,1,0,1,2,0,1,1,1,1,0,2,2,1,0,1,0,0,1,1,1,0,1
chr3:6215622,rs685,C/G,1,0,0,1,0,0,0,0,1,0,0,0,0,0,1,0,1,0,0,0,0,1,0,0,0,1,1,0,0,0,0,0,0,0,0,2,1,1,0,0,1,1,0,0,0,0,0,0,0,1,1,0,0,0,1,0,0,1,1,1,0,0,0,1,0,1,1,0,1,1,0,0,1,0,0,1,0,1,1,0,0,1,0,0,0,1,0,1,0,1,0,1,0,0,0,0,1,0,0,1,1,0,0,0,0,0,0,0,2,0,0,0,0,0,0,1,0,1,0,0,0,1,0,0,0,1,0,0,0,1,0,1,0,0,1,0,0,0,0,1,0,0,0,1,1,0,0,0,0,0,0,0,0,1,0,0,1,1,1,0,0,0,1,1,0,0,0,1,0,1,0,0,1,0,0,0,0,0,0,1,0,0,1,0,1,0,0,0,1,1,0,1,0,0,0,0,0,0,0,0
chr3:9481209,rs686,A/T,0,0,0,2,1,2,1,1,1,1,1,1,1,2,1,2,1,1,0,0,1,1,1,0,1,2,1,1,1,0,1,1,1,0,1,2,0,1,0,1,2,1,1,0,0,1,1,0,1,0,0,1,1,1,1,2,1,0,0,1,0,1,2,1,1,2,0,1,1,1,0,1,1,1,1,1,0,0,1,1,1,2,0,1,0,0,1,1,1,1,0,2,0,0,1,1,1,1,2,1,0,1,1,1,0,1,1,1,1,1,1,1,1,1,1,0,0,0,1,1,2,2,1,2,0,1,0,0,1,0,1,0,0,0,1,0,1,0,1,0,2,1,1,1,1,0,1,1,2,0,1,2,1,1,1,1,1,2,1,2,2,1,2,0,0,1,0,1,0,1,1,0,0,1,1,1,0,1,1,0,0,1,2,1,1,1,0,1,0,2,0,2,0,2,1,0,0,0,2,0
chr2:7071845,rs687,C/A,2,1,1,2,0,2,1,1,2,2,1,0,2,0,1,2,2,0,1,1,2,1,0,0,1,0,1,1,0,1,0,1,1,0,1,1,0,1,1,1,1,1,1,2,0,0,1,2,1,0,2,0,2,2,1,0,1,1,0,2,2,1,2,2,1,1,1,1,2,0,1,0,2,1,1,1,0,1,1,0,0,1,1,2,1,1,1,1,1,2,2,0,0,1,1,2,0,2,1,1,1,0,2,0,0,2,1,0,1,1,2,1,0,1,1,2,2,1,0,0,0,1,1,0,1,2,1,1,1,1,2,2,1,0,2,0,1,1,2,1,1,2,2,2,0,2,1,1,1,2,1,2,1,0,1,2,2,2,1,2,0,0,1,1,1,1,1,1,1,0,0,1,1,1,1,0,1,1,2,1,1,0,2,1,1,2,0,1,0,1,1,2,0,1,2,2,1,1,1,0
chr3:6303943,rs688,G/A,0,0,0,0,0,0,0,0,0,0,0,0,1,0,1,1,0,0,1,1,0,1,0,0,0,0,1,0,0,1,0,0,1,0,0,0,0,0,0,0,0,0,0,0,0,0,0,0,1,0,0,0,0,1,0,0,0,1,0,0,0,1,2,1,0,0,0,1,1,0,1,1,1,1,0,0,0,0,0,0,0,0,1,0,0,1,1,1,0,0,1,0,0,0,0,0,0,0,1,0,1,0,0,0,1,1,1,0,0,0,0,0,0,0,0,1,0,0,0,0,0,0,0,0,0,0,0,1,0,0,0,0,0,0,0,1,2,1,0,0,0,0,0,0,0,0,0,0,0,0,0,1,0,0,0,0,0,0,0,0,0,0,1,0,0,0,0,1,0,1,0,1,1,1,0,0,0,0,0,1,0,0,0,0,0,0,1,0,0,0,0,0,0,1,0,0,0,0,0,0
chr1:2257008,rs689,G/T,0,0,0,1,2,2,1,0,0,1,0,0,0,1,0,1,0,0,1,1,1,1,0,0,1,0,0,1,0,2,1,0,0,1,0,0,0,1,0,0,0,0,0,1,2,1,0,0,0,2,1,1,0,0,0,0,0,1,0,0,1,0,0,0,0,1,0,1,1,2,0,0,2,0,0,1,1,0,1,1,1,1,0,1,1,1,1,0,1,0,1,0,0,1,0,1,1,0,0,0,1,0,1,1,2,1,2,0,1,0,2,0,0,0,0,1,0,1,0,2,0,1,2,1,0,0,0,0,2,1,1,2,1,1,1,0,1,0,0,0,1,0,0,1,0,1,0,1,0,0,0,0,1,1,1,1,0,0,0,0,1,0,1,0,1,2,0,1,1,0,0,0,0,1,0,1,0,1,0,0,0,1,1,1,1,1,0,0,0,1,0,0,0,0,0,0,1,0,1,0
chr4:6137997,rs690,A/T,0,2,1,2,1,0,0,0,1,1,0,0,2,2,1,1,1,1,1,1,1,2,2,2,0,1,1,1,0,0,2,1,0,1,1,0,0,2,1,1,1,1,1,2,1,2,1,0,1,1,1,1,0,1,1,1,1,2,0,1,2,1,0,1,1,1,2,0,1,1,1,1,1,1,1,1,1,0,0,0,2,0,1,0,1,1,1,0,0,2,2,0,0,2,1,0,1,1,1,1,0,0,2,1,1,2,0,1,0,1,0,2,2,1,0,1,2,1,2,2,1,2,2,0,0,0,1,1,1,0,0,1,0,0,0,0,1,1,1,2,1,1,2,1,1,1,1,1,0,1,1,0,1,1,0,0,0,1,0,1,0,2,1,0,1,2,2,1,2,1,1,1,0,1,0,0,0,1,1,1,1,1,0,0,2,2,1,1,0,1,1,1,2,2,2,0,1,1,0,2
chr1:8270518,rs691,T/G,1,0,0,1,0,1,0,0,1,0,0,1,1,0,1,0,1,1,0,0,2,0,1,0,1,2,0,1,0,1,1,0,1,0,0,0,1,1,1,1,2,0,1,1,1,0,0,1,0,0,1,0,2,0,2,0,0,1,1,1,0,0,0,1,1,1,0,1,2,1,0,0,0,1,0,1,1,0,0,0,0,1,1,0,1,0,0,1,0,0,1,2,0,1,1,0,2,2,1,1,1,1,1,1,1,1,2,1,0,0,1,1,0,1,0,0,2,1,0,1,0,1,0,2,1,1,1,1,1,0,0,1,1,1,0,1,1,2,1,0,0,0,1,0,0,2,1,0,0,1,2,1,2,2,0,0,1,2,1,0,0,0,0,0,0,1,0,1,1,1,2,0,0,1,0,1,1,1,0,0,1,0,1,0,1,0,1,1,1,2,1,0,1,0,2,1,0,1,2,1
chr2:9173321,rs692,A/G,1,1,1,1,0,1,0,2,1,0,0,1,2,0,1,1,1,1,0,0,0,0,0,1,0,1,0,0,0,0,1,0,1,0,1,1,1,1,0,1,1,0,1,1,0,0,1,1,0,1,1,0,0,0,0,0,0,2,0,0,0,1,2,2,0,0,1,0,0,0,0,1,1,0,0,0,0,0,1,1,0,1,2,0,0,1,0,0,0,1,1,2,1,0,1,0,1,0,0,0,0,0,0,0,0,0,0,0,1,2,0,0,1,1,0,0,0,2,1,0,1,0,0,1,1,1,0,1,1,0,1,0,1,0,0,1,1,0,0,0,0,0,0,0,0,1,0,0,1,1,0,1,1,0,0,1,2,0,0,1,0,1,0,0,1,0,0,0,2,0,0,1,1,1,1,0,1,0,1,0,1,0,0,0,0,1,0,0,0,0,1,0,0,1,0,0,1,0,1,1
chr4:3900737,rs693,T/A,1,1,1,1,2,1,1,0,0,1,1,1,1,1,1,1,2,1,0,0,0,1,0,1,1,1,1,1,1,2,1,1,2,1,2,0,1,2,0,0,0,0,1,1,0,0,0,2,0,1,1,1,1,1,1,1,2,1,1,0,1,0,0,1,0,0,0,2,1,0,1,2,1,1,0,0,0,0,1,0,2,1,0,1,2,0,0,1,0,1,0,0,0,2,0,2,1,1,0,2,1,1,1,1,1,0,0,0,0,2,0,1,2,0,1,0,1,2,0,0,1,2,0,0,1,1,1,0,2,1,2,1,0,0,1,0,0,0,2,2,1,2,0,0,0,0,0,1,1,1,1,0,1,1,2,0,1,0,1,0,2,2,2,0,0,0,2,1,1,0,2,1,1,1,0,0,0,1,1,2,2,0,1,1,1,2,0,1,0,1,0,1,1,0,0,1,1,0,0,0
chr1:9501598,rs694,G/T,0,0,0,0,0,0,0,0,1,0,0,0,1,1,1,1,1,0,0,0,1,0,0,0,0,1,0,0,1,0,1,0,0,0,0,0,1,1,1,0,0,0,1,0,0,1,0,0,0,0,1,0,0,0,0,0,0,1,0,0,1,0,1,0,0,0,1,0,0,0,0,0,1,0,0,0,1,0,0,0,1,0,1,1,0,0,0,1,0,0,0,0,0,0,0,0,0,0,0,0,0,2,1,1,0,1,2,0,1,0,0,0,0,0,0,0,0,0,0,0,1,1,0,0,1,0,1,0,0,0,0,0,1,0,0,0,0,0,0,1,0,0,0,0,0,1,0,0,0,0,0,0,0,0,1,1,1,2,0,0,0,1,0,0,0,0,0,1,0,0,1,0,0,1,0,0,0,0,0,1,0,0,1,1,0,0,0,0,0,0,0,1,0,0,0,0,0,1,0,0
chr3:4293705,rs695,C/A,0,0,0,0,0,0,0,1,0,0,1,0,0,0,0,0,0,0,0,0,0,1,1,0,1,1,0,0,1,0,0,0,0,0,0,1,0,1,0,0,1,1,1,0,1,1,0,0,0,0,0,0,0,0,0,0,0,2,0,1,1,1,0,0,0,0,0,0,0,2,0,0,0,0,0,0,0,0,0,0,1,0,0,0,0,1,1,2,1,0,0,0,0,0,0,0,0,1,0,0,0,0,0,0,0,1,0,0,0,0,1,0,1,0,0,1,1,0,1,0,0,0,0,0,0,1,0,1,0,0,0,0,2,1,0,0,1,0,0,1,0,1,0,0,0,1,0,1,0,0,1,0,0,1,1,0,0,0,0,0,0,0,0,0,0,0,1,1,0,0,1,1,0,1,0,0,0,0,0,0,0,0,0,0,1,0,1,0,0,1,1,1,1,0,0,0,0,0,0,0
chr4:4759505,rs696,C/A,1,1,1,0,1,2,1,0,0,1,0,0,1,1,1,1,1,1,0,1,1,1,1,0,2,1,2,0,1,1,1,0,0,1,0,0,1,0,2,2,2,1,1,1,0,0,1,1,1,0,0,0,0,1,2,1,0,0,1,1,2,1,0,1,1,0,2,1,0,1,1,1,1,1,1,0,0,1,0,1,0,2,0,1,0,1,0,0,1,0,1,1,2,2,0,1,0,1,0,0,0,1,0,1,1,1,0,0,1,2,0,0,1,0,0,0,0,1,1,2,1,0,0,0,0,0,1,0,1,1,1,0,1,0,1,1,1,0,0,1,1,1,2,0,0,2,1,0,0,1,1,1,0,1,1,0,0,1,0,0,1,1,1,1,0,1,1,1,1,1,1,1,0,1,0,1,1,2,0,2,1,1,2,1,0,1,0,1,2,1,1,0,1,0,1,1,2,2,0,1
chr1:5264423,rs697,C/T,0,0,0,0,0,0,1,0,0,0,0,0,1,0,0,0,1,0,0,0,0,0,0,0,0,1,0,0,1,0,0,0,0,0,0,0,0,0,0,0,0,1,0,0,0,1,0,0,0,0,1,0,0,2,0,0,0,0,0,0,0,0,0,0,1,0,0,1,0,0,0,0,1,0,0,0,0,2,0,0,0,0,1,0,1,0,0,0,0,1,0,1,0,0,0,0,0,0,0,0,0,0,0,0,0,0,0,1,0,2,0,0,0,0,0,1,0,1,0,1,0,0,0,0,0,1,1,1,0,0,0,1,1,0,1,0,0,0,0,0,1,0,0,1,1,0,0,0,0,0,1,0,2,0,0,0,0,1,1,0,1,0,0,2,0,0,0,1,0,0,0,0,1,0,1,1,0,0,0,0,0,1,0,1,1,0,0,0,0,0,0,1,0,0,0,0,0,0,0,0
chr4:9306681,rs698,A/C,0,0,0,0,0,2,0,0,0,0,2,2,0,0,0,1,0,0,1,0,0,0,0,0,0,0,1,0,0,0,0,0,0,1,0,0,1,0,0,1,0,1,0,0,1,0,0,0,0,1,0,1,0,0,0,0,0,0,0,0,0,0,0,2,0,1,0,0,0,0,0,0,0,1,0,1,2,0,0,1,0,1,0,0,0,0,0,1,0,0,0,1,0,0,1,1,0,0,0,1,0,0,1,0,0,1,0,0,0,1,1,0,0,1,0,0,0,0,1,0,0,0,0,0,0,1,0,0,0,0,1,0,0,0,0,0,0,0,0,0,0,0,1,0,0,0,0,0,1,1,0,0,0,0,1,1,1,0,1,1,0,0,0,0,0,0,0,0,0,0,0,0,0,0,0,0,0,2,0,0,0,0,1,0,1,0,0,0,1,0,0,0,1,1,0,0,0,0,0,0
chr2:2519603,rs699,T/A,0,1,1,0,1,0,1,0,0,1,0,1,1,0,1,0,1,1,1,1,0,2,2,0,0,2,2,2,0,1,0,1,2,1,0,1,0,0,0,0,0,2,0,1,0,1,1,2,0,1,1,1,0,0,1,1,1,0,0,2,1,0,1,0,0,0,0,1,1,2,1,0,1,0,0,1,1,0,0,0,0,2,1,0,2,1,1,2,1,1,2,0,1,0,1,0,0,0,1,1,0,1,1,0,0,0,0,1,0,0,1,2,0,2,0,0,1,1,2,1,0,0,1,1,1,1,1,0,0,1,0,0,1,0,0,1,2,0,1,1,1,1,0,0,1,1,1,1,0,1,2,0,1,1,0,0,0,1,1,0,1,1,1,1,1,2,1,1,1,1,1,1,1,1,1,0,1,1,1,0,1,1,0,1,2,0,0,1,1,0,1,0,1,0,0,0,1,0,1,1
chr4:1885421,rs700,A/T,0,0,0,2,1,2,1,0,0,1,1,1,0,1,1,1,1,0,0,0,0,2,0,1,0,0,1,0,1,1,0,0,0,0,0,1,1,0,1,0,2,0,1,1,1,2,0,0,0,1,0,0,2,2,1,0,0,1,1,2,0,1,0,1,2,0,0,0,0,0,1,1,2,0,0,0,0,1,1,0,0,0,0,0,0,1,1,0,1,0,0,0,1,0,0,0,1,1,0,0,1,0,0,1,0,0,1,1,0,1,0,0,0,1,0,0,1,1,2,0,0,2,0,1,2,1,0,1,0,0,1,2,0,1,0,2,1,1,1,0,0,1,1,0,0,2,0,0,0,2,0,0,0,1,1,1,1,1,1,1,1,2,1,1,0,0,2,1,0,0,0,0,2,1,1,1,1,0,2,1,0,2,0,1,1,0,1,1,0,0,1,2,0,1,0,1,1,1,0,1
chr3:3217181,rs701,C/G,1,0,0,0,0,0,0,1,0,1,0,2,1,0,1,0,1,0,1,0,0,0,0,1,1,0,0,0,0,1,0,1,0,0,0,0,0,1,1,1,1,0,1,1,1,1,1,0,0,0,1,0,1,0,0,1,0,0,1,1,0,1,1,1,0,0,1,1,1,1,2,0,1,0,0,0,2,2,2,1,0,1,0,0,1,1,2,0,1,0,0,2,2,0,1,0,1,0,1,1,1,0,0,1,0,1,0,2,0,1,1,0,1,2,1,0,2,2,0,0,0,0,1,0,0,0,0,0,0,1,1,0,1,0,0,0,1,0,1,0,0,0,1,0,0,1,1,1,1,2,1,0,0,1,1,0,1,1,0,0,1,1,0,0,1,0,0,0,1,0,0,1,0,0,1,0,0,0,1,0,1,0,0,1,0,0,0,0,0,1,1,1,1,0,1,1,0,0,2,1
chr1:3659083,rs702,A/G,1,1,0,1,0,0,0,1,1,0,1,1,0,0,0,0,0,0,0,1,0,1,1,0,0,0,0,0,1,0,0,1,0,0,0,0,1,0,0,1,0,1,0,0,0,1,2,0,0,0,0,0,0,0,0,0,0,0,1,0,0,0,0,0,0,0,1,0,0,0,0,0,0,0,0,0,1,0,0,0,0,0,0,0,0,1,1,0,1,1,0,1,0,0,0,1,1,0,1,0,1,0,0,0,0,0,1,1,0,1,0,0,0,1,0,0,1,1,0,0,0,0,1,0,1,0,1,0,1,0,1,0,0,0,0,0,0,0,0,1,0,1,1,0,0,0,1,1,1,0,1,0,0,0,1,0,1,0,1,0,0,0,0,1,1,1,0,0,2,0,0,0,0,1,0,0,0,0,0,0,0,1,1,0,1,0,0,0,0,1,1,0,0,1,0,0,0,1,0,1
chr2:5877708,rs703,T/A,1,2,0,0,0,1,1,1,0,0,1,0,0,1,1,0,1,0,1,2,2,2,1,0,0,0,1,1,1,0,1,0,0,0,0,0,2,1,1,1,0,0,1,0,1,1,2,0,0,0,0,1,1,1,0,0,1,1,0,1,0,1,0,0,1,0,0,1,1,2,2,0,0,1,0,0,0,2,0,1,0,0,1,1,1,0,1,1,2,0,0,1,1,1,0,0,0,0,1,0,1,0,1,0,1,1,0,0,0,0,0,2,0,0,0,0,1,1,0,0,1,2,0,0,1,0,1,0,1,0,0,0,0,0,0,1,0,0,0,0,0,1,0,0,1,0,1,0,1,1,1,1,1,0,0,1,1,1,1,0,1,1,1,1,0,1,1,0,1,1,0,0,0,1,2,0,1,0,0,1,1,1,1,1,0,2,1,1,0,1,1,1,1,0,0,0,1,0,2,0
chr2:9281447,rs704,T/G,1,1,1,2,1,2,0,0,2,1,1,1,2,1,1,2,0,1,1,1,0,0,0,1,1,0,0,1,0,0,2,2,0,0,1,0,2,0,1,1,1,1,0,1,2,1,1,0,1,1,2,0,0,1,0,2,0,2,1,2,1,1,0,0,1,2,1,2,2,0,1,1,0,1,1,1,0,0,1,0,0,2,1,1,0,1,2,0,1,1,1,0,2,1,0,1,2,2,2,0,1,1,1,1,2,2,0,2,1,0,0,2,1,2,2,2,1,0,0,0,2,1,2,2,2,1,1,1,1,1,1,1,0,0,0,2,1,2,1,1,2,2,2,2,1,1,2,2,0,0,1,0,2,1,1,1,1,0,1,2,1,1,0,0,1,2,1,0,1,2,0,2,2,1,0,1,2,1,1,0,1,0,1,2,1,0,1,1,1,1,0,1,2,2,1,1,1,1,1,1
chr3:8076042,rs705,G/T,0,1,0,0,0,0,2,0,0,0,1,1,1,0,0,0,2,0,0,0,0,1,0,1,2,0,0,2,0,2,0,0,1,1,0,0,0,1,0,1,0,0,0,0,0,0,1,0,0,1,1,0,0,0,0,0,0,0,0,0,1,0,0,0,1,0,0,0,1,0,0,0,0,0,0,1,0,0,0,0,0,0,0,1,1,1,0,1,1,0,0,0,0,1,0,0,0,0,2,0,0,1,1,1,0,1,0,0,0,0,0,1,1,0,1,1,0,1,1,0,1,0,1,0,1,1,0,0,0,0,0,0,0,0,0,0,0,0,0,0,1,0,0,0,0,0,0,1,2,1,0,1,0,0,0,0,0,1,0,0,0,0,0,0,1,1,0,0,1,1,0,0,0,0,1,0,0,0,1,0,1,0,0,0,0,1,1,0,0,0,0,1,1,0,1,1,0,0,0,0
chr2:2265898,rs706,A/C,0,2,0,1,1,0,1,1,2,1,1,0,1,1,1,1,2,1,1,1,2,2,2,1,1,1,0,0,2,1,0,1,0,2,1,1,2,0,2,1,0,0,2,0,2,0,2,2,0,1,1,0,1,1,1,0,2,1,1,1,0,2,2,2,2,1,1,2,1,1,0,0,1,1,1,1,0,2,0,1,1,0,2,1,0,1,1,0,0,0,1,1,1,1,1,1,2,2,1,2,2,1,0,1,0,2,0,1,2,2,0,1,1,0,0,1,1,0,2,1,1,1,0,0,2,2,1,1,0,1,0,2,1,1,1,1,1,1,1,1,2,1,2,2,0,2,1,1,1,2,0,2,1,0,1,0,0,0,1,1,2,2,0,2,0,1,0,1,2,0,2,2,2,1,1,0,1,2,1,0,1,2,0,0,0,2,2,1,1,2,0,1,2,2,1,2,1,1,2,1
chr4:1880412,rs707,A/C,2,1,0,0,0,1,2,1,0,1,2,0,1,1,1,2,0,2,2,1,1,1,2,1,0,1,1,2,0,1,2,1,1,1,0,2,1,1,1,1,1,1,1,2,1,1,2,1,0,0,0,1,1,0,1,0,1,0,1,2,0,2,1,0,1,2,1,2,1,0,2,0,1,2,0,0,1,2,1,0,1,2,0,2,0,0,0,0,2,2,1,0,1,0,1,2,1,0,0,1,2,2,1,1,0,0,1,0,0,0,0,1,2,2,2,2,1,1,0,0,1,1,0,1,0,1,2,0,1,0,1,1,0,1,1,2,1,0,1,1,0,1,0,0,1,1,1,1,0,0,2,1,2,1,1,0,2,1,2,0,1,1,1,1,2,2,0,1,1,1,1,1,0,1,0,2,1,1,2,2,0,2,1,1,1,2,1,1,1,2,0,0,0,0,1,1,1,1,0,2
chr2:8319764,rs708,C/G,1,0,0,1,0,0,1,0,1,2,0,0,0,0,0,0,1,0,0,0,0,0,1,1,2,2,0,0,1,0,1,1,0,1,0,0,0,0,0,1,0,1,0,0,1,0,0,2,1,0,0,0,0,1,0,0,1,0,1,1,0,1,1,1,1,0,0,0,1,0,0,1,0,1,0,0,1,1,0,0,1,1,0,0,1,2,0,0,0,0,0,0,0,0,1,1,0,0,1,1,0,1,0,1,0,1,1,0,1,0,1,0,0,1,2,0,0,0,0,1,1,0,0,1,0,0,0,1,1,1,0,0,1,1,0,1,0,2,1,1,0,0,1,0,0,1,0,0,1,0,0,0,1,1,1,0,1,1,1,1,0,1,0,0,1,2,0,0,0,0,1,1,1,0,0,0,0,2,1,0,1,0,1,0,1,0,2,0,0,1,0,2,0,0,1,2,0,1,0,0
chr2:1484814,rs709,C/G,0,1,1,0,1,1,0,2,0,0,1,0,2,2,1,1,2,0,1,2,0,2,1,1,1,1,2,2,0,2,1,1,1,1,1,1,1,0,1,1,0,1,1,2,0,0,0,1,1,0,1,2,1,1,0,2,1,1,1,1,1,1,0,0,0,1,1,1,0,0,1,0,0,0,0,0,0,2,1,0,0,0,2,0,2,0,2,1,2,1,0,1,1,0,1,1,0,1,2,2,1,1,1,0,1,0,0,1,2,1,0,1,1,2,1,1,1,1,0,1,1,0,2,1,0,0,2,0,0,0,2,0,0,1,2,1,0,1,1,0,1,0,0,1,1,0,1,1,1,0,0,1,1,1,0,0,1,0,1,0,2,2,0,0,1,2,2,0,1,1,1,1,1,1,2,0,1,2,1,0,0,1,1,1,0,2,2,0,2,2,2,0,1,1,1,0,1,0,1,1
chr4:2599908,rs710,A/T,0,0,0,0,2,0,1,0,0,0,0,0,2,1,0,0,0,0,2,1,0,0,1,0,1,0,1,1,0,1,1,1,0,0,0,0,1,0,0,1,0,0,1,0,1,0,1,1,0,0,1,0,1,1,2,1,2,1,2,1,0,0,0,0,2,0,0,0,1,1,0,1,0,0,0,0,0,0,0,1,1,1,0,1,1,0,0,1,1,0,0,1,1,1,1,1,0,1,1,1,1,1,1,0,0,1,2,1,0,2,1,0,2,1,1,0,0,1,1,1,1,1,0,2,0,0,1,0,1,1,0,0,1,0,1,0,0,0,0,1,0,0,1,1,0,1,0,1,1,0,0,1,0,0,0,0,1,0,2,0,0,1,0,0,0,1,1,2,0,1,0,1,0,1,1,0,1,1,1,1,0,1,1,0,2,0,1,0,0,2,1,0,1,0,1,0,0,0,0,0
chr4:3892478,rs711,T/G,2,2,1,0,1,2,0,0,1,0,1,1,1,0,0,1,2,0,0,0,1,0,1,1,0,2,1,1,1,1,2,1,2,1,1,1,2,2,1,1,2,1,2,1,2,1,0,0,1,1,1,1,2,0,1,1,1,0,1,1,0,1,1,1,1,0,1,0,2,1,2,1,2,1,2,0,1,1,1,0,1,1,2,0,0,0,1,2,1,1,1,1,0,1,2,2,1,1,1,1,1,0,2,0,0,1,1,2,1,1,1,1,0,2,0,0,2,0,0,0,2,1,1,0,1,2,1,0,1,1,0,1,1,2,1,2,1,2,0,1,0,1,0,0,1,1,1,1,1,0,1,1,2,2,2,0,1,2,0,2,2,1,2,2,0,1,0,1,1,1,1,1,1,0,1,2,1,2,2,2,0,1,2,2,1,1,1,0,0,1,0,2,1,1,1,1,2,1,1,1
chr3:6949852,rs712,T/G,1,0,0,1,1,0,0,2,0,2,0,1,1,0,2,1,1,1,0,0,0,1,0,0,0,0,0,1,1,1,1,1,0,1,2,0,1,0,0,2,0,1,2,1,0,1,1,1,0,1,0,0,1,1,2,2,1,0,0,1,0,0,0,0,0,1,0,0,0,2,2,1,0,2,2,0,1,1,0,0,0,1,0,1,0,1,0,0,1,0,1,0,1,1,1,0,0,0,1,1,0,2,2,0,0,1,1,1,1,1,1,1,0,2,1,1,2,0,0,1,0,0,1,0,0,1,1,0,0,0,0,1,1,1,2,1,1,1,2,2,0,2,0,0,1,1,0,1,2,1,1,0,1,2,2,1,1,0,0,1,1,0,1,1,0,1,0,1,0,2,2,1,1,0,1,0,2,0,1,1,1,1,1,2,2,1,1,0,1,0,2,1,1,0,1,1,0,1,2,1
chr4:1888036,rs713,C/T,2,1,0,1,1,1,0,1,1,1,1,0,1,2,1,0,0,1,0,1,0,1,0,1,1,1,1,1,1,0,1,2,2,2,2,2,1,0,1,0,1,2,2,0,1,1,1,1,1,2,1,2,0,1,2,1,1,1,1,2,1,2,1,0,1,1,1,1,1,2,0,2,2,1,1,1,1,1,1,0,1,2,1,2,0,1,1,1,0,1,1,1,0,1,1,1,2,1,1,1,1,1,0,2,2,1,2,2,1,0,1,2,1,1,1,0,0,0,1,1,1,0,0,1,1,0,1,2,0,1,0,1,2,0,2,0,0,2,1,1,1,1,0,2,1,1,2,1,1,1,2,2,2,0,0,1,1,1,1,0,1,2,1,0,0,1,1,0,0,0,1,1,0,1,0,1,1,0,0,1,0,0,1,0,2,1,1,0,1,2,1,0,0,1,2,0,2,2,0,0
chr2:7524559,rs714,G/A,0,2,0,2,1,1,1,0,1,0,1,1,0,0,0,1,0,0,0,1,1,1,1,0,1,1,0,2,0,0,0,1,0,0,1,0,0,1,0,1,0,0,0,0,0,0,0,1,1,0,0,0,0,1,1,0,2,2,1,1,0,0,1,0,1,0,0,0,1,1,0,0,0,0,0,1,1,0,0,1,1,1,0,1,1,0,1,1,1,0,0,1,0,0,1,1,2,1,1,0,1,1,1,0,1,0,0,2,2,0,0,1,0,0,2,0,0,1,1,0,0,1,0,1,1,0,0,1,0,0,0,1,1,0,1,1,0,0,1,0,1,1,1,1,1,0,0,2,1,0,0,0,1,0,1,0,1,0,0,1,0,1,2,1,1,0,0,2,0,0,1,0,1,0,0,1,1,1,0,1,0,0,1,0,1,0,1,0,0,0,1,0,1,1,0,0,1,0,1,1
chr4:3398083,rs715,G/C,1,2,0,1,1,1,2,0,0,0,0,1,1,0,2,0,1,2,1,0,1,2,1,1,0,0,1,1,0,1,2,0,1,0,0,0,1,1,0,2,0,0,0,2,1,0,1,1,0,2,1,2,1,1,0,0,0,0,0,0,0,1,0,1,1,2,1,1,1,1,1,1,1,2,1,2,1,0,0,2,1,0,1,1,2,1,2,0,1,1,2,1,2,1,1,0,1,2,1,0,0,0,1,1,1,1,2,1,1,0,2,2,0,0,1,0,0,2,1,0,1,0,1,0,0,2,1,0,2,0,1,0,0,1,1,1,1,1,2,1,1,2,0,1,1,1,0,0,2,0,1,1,0,1,2,1,2,1,1,0,2,0,0,1,0,1,2,0,2,0,1,1,1,0,1,1,0,1,1,2,0,1,1,1,0,0,1,0,2,1,0,1,2,0,0,0,1,1,1,1
chr4:4909439,rs716,T/C,0,1,0,1,1,1,2,2,0,2,2,2,0,1,2,0,1,1,0,1,0,2,1,0,1,0,2,0,0,0,1,1,0,0,1,1,1,1,0,1,0,1,0,2,1,2,2,1,1,2,0,0,1,1,1,2,1,1,0,0,1,2,1,1,1,1,0,1,0,1,1,1,0,1,1,0,1,0,2,1,1,0,1,0,0,1,2,1,0,2,1,2,1,1,0,0,2,0,1,0,2,1,0,0,1,0,1,0,2,0,0,2,0,1,0,0,1,0,1,1,1,0,0,1,2,2,1,0,1,0,2,1,0,1,2,1,0,1,1,2,2,2,1,1,1,0,2,0,1,1,1,1,1,1,1,1,0,1,2,1,2,1,0,0,2,0,0,2,0,1,2,1,2,0,0,1,2,1,1,0,1,1,1,1,1,0,2,1,1,1,2,2,0,0,1,0,0,2,1,1
chr3:2707017,rs717,A/C,0,0,0,0,1,1,2,0,0,1,0,1,1,2,0,0,0,0,2,0,1,0,0,0,0,0,1,0,1,1,1,0,0,1,1,0,1,0,0,0,0,0,0,1,1,1,1,2,1,0,0,0,1,1,0,1,0,0,2,0,0,1,0,0,1,0,1,1,0,1,1,0,0,1,1,1,1,1,1,0,0,0,0,0,1,0,0,0,0,0,1,0,0,0,0,0,1,1,1,2,0,0,1,1,1,1,0,0,0,0,0,0,1,0,0,0,0,1,0,1,1,1,1,1,0,0,0,0,1,0,0,0,1,0,1,1,0,0,0,1,0,1,0,1,1,0,1,1,1,1,0,0,0,1,1,0,1,0,0,1,0,0,1,0,0,1,1,1,1,0,0,2,0,1,0,0,0,0,0,0,0,2,0,1,0,1,0,0,2,0,1,0,0,0,1,0,1,1,1,0
chr3:8288538,rs718,C/T,0,0,1,0,1,0,0,0,0,0,0,0,0,0,0,0,0,0,0,0,0,0,0,1,0,1,0,0,0,0,0,1,0,0,0,0,0,0,0,0,0,0,0,0,0,1,1,0,1,0,0,1,0,1,0,1,1,0,1,0,0,0,1,0,1,0,1,0,0,0,1,0,0,0,0,0,0,0,0,0,0,0,0,1,0,0,1,0,1,0,1,0,0,0,0,0,0,0,0,0,0,0,0,1,0,1,0,1,0,1,0,1,0,1,0,0,0,0,0,1,1,1,2,0,0,0,1,0,0,0,0,0,0,0,0,0,1,0,0,0,2,1,0,1,0,0,1,0,0,1,0,0,0,0,0,0,1,0,1,0,0,1,0,0,0,0,1,0,0,0,1,0,0,0,0,0,0,1,0,1,0,0,0,0,0,0,0,0,0,0,0,0,1,0,0,0,1,0,0,0
chr1:2116271,rs719,A/T,0,0,0,0,0,1,1,1,2,0,0,0,1,0,0,1,1,0,1,0,1,1,0,1,0,1,1,2,0,0,1,1,0,0,2,0,1,1,1,0,0,0,1,1,1,1,0,1,0,1,1,0,2,0,0,0,1,0,1,0,0,1,2,0,0,0,0,2,2,0,0,0,1,1,0,0,0,1,1,0,0,0,1,1,1,0,0,0,0,2,0,0,0,0,0,0,1,0,1,0,1,0,0,1,0,0,1,1,1,0,0,1,0,0,0,0,0,1,1,0,1,0,1,0,0,2,1,0,0,0,1,2,1,0,0,0,0,1,1,2,0,0,1,1,0,1,1,1,0,1,0,1,0,1,0,1,0,0,0,1,0,0,0,0,2,0,1,1,0,1,1,0,1,0,0,2,0,1,1,1,2,1,1,0,0,0,0,0,1,1,1,1,1,1,1,1,0,1,0,2
chr4:4099555,rs720,T/C,2,0,0,0,1,1,0,0,1,0,0,0,0,0,0,0,0,0,0,0,0,0,0,0,1,2,0,0,0,0,0,0,0,1,0,0,0,0,0,1,0,1,1,0,1,0,0,0,1,1,0,0,0,0,0,0,0,0,0,0,0,0,0,0,0,1,0,1,0,1,0,0,1,0,0,0,0,0,0,0,0,0,0,1,0,0,0,0,0,2,0,0,0,0,0,1,0,0,0,0,0,1,0,0,1,0,1,1,1,0,0,2,0,0,0,0,1,1,0,1,2,0,0,1,1,0,0,0,0,0,0,0,0,0,0,0,1,1,0,0,1,0,1,0,0,1,1,1,0,1,0,1,1,0,0,0,0,0,1,0,0,2,0,1,0,0,0,1,0,0,2,0,0,0,0,0,1,1,0,0,0,0,0,0,0,1,1,0,0,0,0,0,2,0,1,0,0,0,0,1
chr2:1516409,rs721,T/A,2,1,0,1,0,0,0,1,1,1,1,1,1,0,0,1,1,1,1,0,1,0,1,1,1,1,1,2,0,0,0,0,1,1,0,2,1,2,1,1,0,2,1,2,0,2,1,2,1,1,1,1,2,1,1,2,1,1,1,0,1,0,2,2,2,2,2,0,0,1,0,0,1,2,2,1,1,1,0,2,1,0,0,1,1,1,2,1,2,2,0,1,0,0,1,1,1,1,1,1,1,1,1,1,0,0,0,0,0,0,1,1,1,1,2,0,1,1,2,0,1,0,0,2,1,1,0,0,1,1,0,1,0,2,2,1,1,1,0,0,1,1,2,1,2,0,2,1,0,0,0,1,0,2,1,0,1,0,1,1,0,2,2,1,1,1,0,2,1,1,1,1,1,0,1,1,2,1,1,2,2,0,2,1,0,0,1,1,1,2,2,0,2,1,1,1,1,1,1,0
chr2:5476321,rs722,A/T,0,0,1,1,1,1,1,1,2,0,1,1,1,2,2,0,1,2,2,2,2,0,0,0,0,1,0,0,0,1,0,1,2,1,0,1,1,1,1,0,0,0,2,0,1,0,2,0,0,0,0,1,2,0,0,1,0,0,2,0,0,2,1,1,1,1,1,1,1,1,2,1,0,0,0,1,0,1,0,1,0,0,0,0,0,2,0,1,1,0,2,1,1,1,2,1,0,1,2,1,2,0,1,1,0,1,1,1,1,0,0,0,0,0,2,1,2,1,0,2,2,1,0,0,1,0,0,0,0,1,1,2,1,2,1,0,1,2,0,0,0,1,1,1,1,2,1,1,0,1,1,1,1,0,0,1,1,1,1,0,1,2,0,2,0,0,1,1,0,1,2,0,0,0,1,1,1,2,0,1,0,1,1,2,1,1,0,1,0,2,0,0,0,1,1,1,1,2,0,1
chr4:2935090,rs723,C/G,1,0,1,0,2,1,0,1,1,0,0,1,1,2,1,1,1,1,1,1,1,0,2,1,1,1,0,2,0,0,1,2,1,0,1,1,1,1,0,1,1,1,1,1,1,0,0,1,0,2,1,1,1,1,1,0,0,0,1,1,2,0,1,0,2,0,0,1,1,0,0,1,1,1,1,0,1,0,1,1,0,1,1,0,1,2,1,2,2,1,0,0,1,2,1,1,1,1,2,0,2,2,0,0,2,0,1,1,1,2,0,2,2,0,1,1,0,1,2,0,2,1,0,1,0,0,0,1,2,0,1,1,0,0,0,0,0,1,1,2,1,0,1,1,1,1,0,1,1,2,0,2,2,0,0,1,1,0,0,2,1,2,1,1,1,2,2,1,1,1,0,0,0,0,1,1,0,1,1,1,1,2,2,1,2,1,0,0,0,0,0,0,1,0,1,0,2,1,0,0
chr2:8089975,rs724,C/A,1,2,1,0,1,1,1,0,2,0,1,2,1,1,1,1,1,1,0,1,2,1,2,0,1,1,1,1,0,1,2,0,0,0,2,1,1,0,1,0,2,0,0,1,2,1,1,1,2,0,2,1,2,1,1,1,1,0,2,1,1,2,0,1,1,1,1,1,1,1,1,1,1,0,1,0,1,1,1,1,2,0,0,1,0,2,2,1,1,1,1,0,1,0,0,2,2,2,1,0,1,0,1,1,1,0,1,2,0,1,0,1,0,0,2,1,0,0,1,1,1,0,0,1,2,1,1,1,1,2,1,1,1,0,0,1,2,0,2,2,0,1,1,0,1,2,2,1,0,1,1,1,1,2,1,1,1,0,2,1,2,0,1,0,0,0,2,1,1,2,2,1,0,0,1,1,1,1,2,1,2,2,1,0,1,1,1,0,1,1,0,1,1,1,1,2,2,2,0,2
chr2:5819075,rs725,C/A,0,1,0,2,0,0,0,0,0,1,0,1,0,1,0,1,0,0,0,0,1,1,1,1,0,1,0,2,1,0,1,1,0,0,0,1,1,0,1,0,0,0,0,0,2,0,0,0,0,0,0,1,0,1,0,0,1,0,0,0,0,1,0,0,0,0,0,2,2,0,0,2,0,0,2,1,1,1,0,0,0,1,0,1,0,1,1,0,0,1,1,0,0,2,0,1,0,1,1,0,1,0,0,0,1,0,2,1,0,1,1,0,0,0,0,0,0,1,0,0,1,0,0,0,1,0,2,1,1,0,0,0,0,1,2,0,0,1,1,2,1,0,1,0,1,0,1,0,0,0,0,1,0,1,0,1,0,1,1,0,2,0,0,2,0,0,1,2,0,1,0,1,1,0,1,0,1,1,1,0,0,0,0,1,1,1,2,0,0,1,0,1,1,1,1,0,1,1,1,0
chr4:5742297,rs726,A/C,0,0,1,0,0,0,1,1,0,1,0,0,1,1,0,0,0,0,0,0,2,0,1,1,1,0,2,0,0,0,0,1,0,0,0,1,0,1,0,1,1,1,1,1,1,0,0,1,1,0,0,1,0,0,0,2,0,1,0,1,1,0,1,0,1,0,0,1,1,1,0,0,0,0,0,0,2,0,0,1,1,0,1,1,0,0,0,0,1,0,0,0,0,1,0,2,1,0,0,0,1,1,0,2,0,0,2,0,2,2,0,0,0,1,0,0,1,1,1,0,1,0,1,0,1,0,1,0,1,0,0,2,0,0,0,1,0,0,0,0,1,1,0,0,1,0,0,1,1,2,0,1,1,0,0,0,0,0,0,0,0,0,0,0,1,0,0,0,0,0,0,0,0,0,0,1,0,1,0,1,1,0,0,1,0,1,0,0,0,0,0,2,1,1,0,1,1,1,1,1
chr1:9074037,rs727,G/C,0,0,1,0,0,0,0,1,0,0,1,0,1,0,1,0,0,0,0,1,1,2,1,1,0,0,0,1,1,0,0,0,0,0,0,0,0,2,0,0,0,0,1,0,1,0,1,0,0,0,0,0,0,0,0,0,1,0,0,0,0,0,0,0,1,0,0,1,2,0,0,1,0,1,0,1,1,1,1,0,0,0,1,1,0,0,0,0,0,1,0,0,1,0,1,0,2,0,0,0,0,0,0,0,0,0,0,0,0,1,0,0,2,0,0,0,0,1,0,0,1,0,1,0,0,0,1,1,0,1,1,0,0,1,0,1,1,0,0,1,0,0,0,0,0,0,0,1,0,0,0,0,0,0,0,0,0,0,0,0,1,0,1,0,0,0,0,1,1,0,1,0,2,1,0,0,1,0,0,0,0,0,0,0,0,0,0,0,1,1,1,1,0,1,0,0,1,0,0,0
chr1:8420105,rs728,T/C,0,0,0,1,1,1,0,1,0,1,1,0,0,0,0,1,0,0,1,0,0,0,0,1,0,0,1,0,0,0,1,1,0,1,1,0,2,0,0,1,0,0,0,0,0,0,0,0,1,0,0,0,1,1,0,0,0,0,0,0,0,0,0,1,1,0,0,0,0,1,1,1,0,0,1,0,0,1,0,0,1,0,0,1,1,0,0,0,0,0,0,0,0,0,0,0,1,1,0,0,1,0,0,0,0,1,1,0,1,0,0,0,0,0,0,0,0,0,0,1,0,0,1,1,0,1,0,0,1,0,0,2,1,0,0,0,0,0,0,0,0,0,0,1,1,0,0,0,0,0,1,0,0,0,0,0,0,0,1,1,0,0,0,0,0,0,0,0,0,0,1,0,1,0,0,0,0,1,0,0,0,0,1,1,0,0,0,0,1,0,0,0,0,0,0,0,0,1,0,0
chr4:8008443,rs729,A/T,0,1,0,0,1,1,0,0,0,1,1,0,1,0,0,0,2,0,1,1,0,0,1,0,0,2,0,0,0,1,0,2,0,2,1,0,0,0,0,1,1,0,0,0,1,0,1,1,0,1,1,0,1,1,1,1,0,2,0,1,1,0,1,0,1,1,1,1,0,1,1,1,1,0,1,1,2,0,0,1,1,0,1,0,0,0,1,0,1,1,1,0,0,0,0,1,1,2,0,0,1,1,0,0,0,0,1,1,1,1,0,1,0,0,1,1,0,0,1,1,1,1,1,2,2,1,1,0,1,1,1,2,2,0,0,1,1,1,0,1,0,0,0,0,0,1,0,0,0,1,1,0,1,1,2,0,1,0,0,1,1,1,1,1,1,0,0,2,0,1,1,1,0,0,1,0,2,0,1,0,0,0,1,0,1,1,1,1,0,1,0,2,0,1,0,0,1,0,2,0
chr4:3165251,rs730,A/C,0,1,1,1,2,2,1,0,1,1,1,0,1,0,1,1,0,2,2,1,0,1,1,1,1,1,0,1,1,1,1,1,1,1,0,0,1,0,1,1,1,1,2,0,1,0,1,1,0,0,1,1,2,1,1,0,1,1,0,0,0,0,2,1,2,1,0,0,0,0,0,0,2,1,0,1,0,1,2,0,1,0,1,0,1,1,1,1,1,0,1,2,1,2,0,1,1,1,1,1,1,1,2,1,0,0,0,1,1,2,2,2,1,0,1,0,1,0,2,0,1,0,1,2,1,1,1,1,0,0,0,0,1,1,1,0,0,1,1,0,1,0,0,0,0,0,2,0,0,1,0,0,0,1,1,1,1,2,1,0,1,1,1,0,1,1,1,1,0,1,0,1,0,1,1,2,0,1,0,0,0,0,1,0,1,0,1,0,1,1,2,0,1,1,0,0,1,0,0,1
chr3:8983439,rs731,T/G,0,1,2,0,1,1,0,0,1,1,1,1,1,0,1,0,1,0,1,1,0,0,0,1,1,1,0,0,2,0,1,1,1,1,0,0,1,1,1,1,1,1,1,1,1,0,0,0,2,1,0,0,0,0,0,0,1,1,2,1,0,0,0,0,1,1,1,0,0,1,0,0,1,0,0,1,0,1,0,2,1,1,0,1,0,1,1,0,2,0,1,1,0,1,0,2,0,2,1,0,0,0,1,0,1,1,0,0,1,2,2,0,0,0,1,2,0,0,1,1,0,0,0,0,0,1,1,0,0,0,0,1,1,0,0,0,1,1,1,1,2,1,0,1,1,1,0,1,0,1,0,0,0,1,0,1,1,0,0,1,0,0,1,1,0,1,0,0,0,1,1,0,1,0,0,1,1,0,0,1,1,0,0,0,1,0,1,0,1,0,0,1,0,0,0,0,2,1,2,1
chr4:9874883,rs732,G/T,0,1,2,0,1,1,0,2,0,2,1,0,1,1,1,1,1,1,1,1,0,0,1,1,0,2,2,1,2,1,1,1,1,1,0,2,0,1,2,0,2,0,0,1,0,0,1,1,1,2,2,1,1,1,1,2,1,1,1,0,1,0,1,2,1,2,1,0,2,0,1,1,1,0,1,2,1,1,1,1,0,1,0,2,0,2,1,0,0,1,1,0,0,0,0,0,1,1,1,1,0,2,0,1,0,1,2,0,2,0,1,2,1,0,0,1,0,1,1,1,0,1,0,1,1,2,1,1,1,0,0,1,1,1,1,1,0,0,2,1,0,0,1,1,1,1,0,0,1,0,0,1,1,2,1,1,0,2,1,2,1,0,1,2,1,1,0,1,0,1,1,1,1,0,1,0,0,0,1,2,0,0,1,0,1,0,1,1,0,1,2,0,2,1,0,0,1,1,0,0
chr4:3949281,rs733,T/C,0,0,0,0,0,0,0,0,0,1,0,0,0,0,0,0,1,1,0,0,0,0,0,1,0,0,0,0,0,0,0,1,0,0,0,1,1,1,0,0,0,0,0,0,0,0,0,0,1,1,1,1,1,0,0,1,0,0,0,0,0,0,0,0,0,1,0,1,1,2,0,0,0,0,0,0,0,1,0,0,0,0,0,0,1,0,0,0,0,0,1,2,1,1,0,0,0,0,0,0,0,0,0,0,0,1,0,0,0,0,0,0,0,0,0,0,0,0,1,0,0,1,0,0,0,0,0,0,0,0,0,1,0,0,0,0,0,0,1,0,0,1,1,0,0,0,1,1,1,0,1,1,0,0,0,0,0,0,0,0,0,0,0,1,1,0,0,0,0,1,0,1,0,0,0,1,0,0,0,0,0,1,1,0,0,0,1,0,0,1,1,0,1,0,0,0,0,1,0,0
chr3:2243294,rs734,G/C,0,1,0,0,1,0,1,1,0,0,0,0,0,0,1,0,1,2,0,1,0,0,1,0,0,0,0,0,0,1,0,1,1,0,1,1,0,1,0,1,2,0,1,0,0,0,0,1,0,0,0,0,0,1,2,0,1,0,1,0,0,0,0,0,0,1,0,1,0,0,0,2,0,0,1,0,1,0,1,1,2,2,0,0,1,0,0,2,0,0,0,1,1,1,1,0,1,2,1,1,1,1,1,0,2,0,0,1,1,0,0,0,1,1,0,0,0,0,0,0,0,1,0,1,0,1,1,1,1,1,2,0,0,0,1,1,2,1,0,0,0,0,0,1,1,1,0,0,0,1,1,0,0,1,0,2,0,0,1,0,0,0,1,0,0,1,0,0,0,0,0,0,1,1,0,0,1,0,0,1,1,1,0,1,0,0,0,0,1,0,1,0,0,1,0,1,0,0,0,0
chr1:3414802,rs735,T/A,0,0,2,0,1,1,1,0,0,1,1,0,0,1,1,1,1,1,1,1,0,0,0,0,1,1,1,1,0,1,1,1,1,0,0,1,0,2,2,0,2,1,1,0,2,0,1,1,0,1,1,1,1,0,1,1,1,0,0,0,1,0,0,1,1,1,0,0,1,2,0,1,1,1,0,1,0,0,1,0,1,2,1,1,1,1,0,1,0,0,1,1,2,0,0,2,1,1,0,0,2,0,1,0,2,1,0,1,1,0,0,1,0,0,1,0,0,0,1,1,1,1,0,1,1,0,1,1,1,0,1,0,0,1,0,2,1,1,2,0,0,1,1,1,1,1,0,2,0,0,1,0,1,0,0,1,0,1,0,1,0,0,1,1,1,1,2,0,0,1,1,0,0,2,0,1,1,2,0,0,1,1,1,1,0,1,1,1,2,1,1,0,2,1,0,0,1,0,0,0
chr4:7444345,rs736,T/A,1,2,2,1,2,0,1,2,1,1,2,2,1,1,0,0,1,0,2,2,0,2,1,1,0,2,2,1,2,1,1,0,0,0,2,0,2,1,1,1,0,1,2,2,1,2,2,1,0,2,0,1,2,0,2,2,1,1,1,1,1,0,1,1,1,2,1,2,1,2,0,0,1,0,2,0,1,2,1,1,1,0,1,2,0,1,1,2,0,1,2,0,0,1,0,0,0,0,1,1,1,2,1,2,1,1,0,1,2,2,2,1,1,1,1,1,2,1,0,2,1,1,1,0,1,1,0,1,0,2,1,1,2,0,1,0,1,1,1,1,0,1,0,0,2,1,0,2,1,0,0,1,2,1,0,1,0,1,0,1,0,1,1,0,1,1,1,1,0,1,2,2,1,2,0,1,1,1,0,0,1,1,1,1,0,2,1,1,1,1,2,1,0,1,1,0,2,0,0,2
chr3:4916643,rs737,G/C,1,0,0,1,1,0,1,1,1,1,0,1,1,0,0,0,1,2,2,1,0,1,2,2,0,1,0,0,0,1,1,0,2,0,1,1,0,0,2,1,0,0,0,2,0,1,0,1,0,2,1,1,0,0,1,0,2,0,1,0,1,2,0,0,1,0,2,2,1,1,1,0,1,0,1,0,2,1,1,0,0,1,2,2,2,2,1,0,0,1,1,1,0,0,1,1,0,1,0,2,1,0,1,0,1,0,0,0,1,1,1,0,1,0,1,2,1,0,1,0,2,2,1,1,0,1,1,1,1,1,0,1,0,0,0,1,1,0,0,1,0,1,0,0,1,1,0,1,1,0,1,0,0,1,1,1,2,2,1,1,0,2,0,1,1,2,1,1,2,1,0,0,1,1,1,0,0,2,2,0,2,1,1,1,0,1,0,1,0,1,0,1,0,0,1,2,2,2,0,0
chr4:6510493,rs738,C/A,0,2,1,1,1,1,1,1,1,1,0,1,0,0,1,2,0,1,2,2,1,1,0,1,1,1,2,1,1,1,1,0,1,1,1,1,1,0,1,1,2,0,1,1,0,0,2,1,1,1,1,2,1,1,2,1,0,0,2,0,0,1,0,2,0,0,1,1,1,1,0,1,1,1,0,0,1,2,1,1,0,0,2,0,0,1,2,0,0,1,1,1,1,2,2,1,1,1,1,0,1,1,0,1,1,1,0,1,0,1,1,1,1,1,1,1,2,1,1,0,2,2,0,0,0,1,1,0,1,1,0,2,1,2,2,0,2,1,0,1,0,0,2,1,2,0,1,0,2,0,2,0,1,1,1,1,1,0,1,0,1,0,1,1,1,2,1,1,1,1,1,1,0,1,1,1,1,1,1,1,1,1,1,0,2,1,2,2,0,1,1,1,0,2,0,0,0,0,1,0
chr3:7367712,rs739,T/G,1,1,1,1,1,1,0,1,0,0,1,1,1,2,0,1,1,0,0,1,1,0,1,0,0,0,2,1,1,2,0,2,0,1,1,0,1,1,1,0,1,0,0,0,0,2,0,1,0,1,0,0,0,1,2,0,0,1,0,1,0,2,2,1,0,0,0,1,1,2,0,0,1,0,0,1,0,0,1,1,0,1,2,0,1,2,0,1,1,0,0,1,1,0,0,1,1,0,0,0,0,1,2,0,0,0,0,0,1,1,1,0,1,2,2,0,0,1,1,0,1,0,1,1,0,0,1,2,1,0,1,0,0,0,1,1,0,1,1,1,0,1,0,1,0,0,1,0,0,0,1,0,1,1,0,1,0,1,0,0,0,2,1,0,2,1,1,0,0,1,0,0,1,1,1,0,2,1,0,0,0,0,1,1,1,0,2,1,1,2,1,1,1,0,1,0,0,1,1,1
chr4:1181360,rs740,C/G,0,1,2,0,0,0,1,1,0,0,0,1,0,0,0,1,0,0,1,0,1,1,0,1,0,0,0,2,1,2,0,0,1,1,0,0,0,1,0,1,1,0,0,0,0,1,1,1,0,1,0,1,1,0,0,1,0,0,1,1,0,0,1,0,0,0,0,0,2,2,1,1,0,1,1,1,0,1,1,1,1,1,1,1,0,0,1,0,1,0,1,1,1,0,0,0,0,0,1,1,2,0,0,0,1,0,0,0,0,0,0,0,0,0,0,0,0,0,1,1,1,0,1,0,1,1,2,0,1,1,0,0,0,0,1,0,1,2,2,1,1,0,1,1,0,0,0,1,1,0,1,2,1,0,0,2,0,1,0,1,0,1,0,2,1,0,0,0,2,0,0,1,0,0,1,0,0,0,0,0,0,1,0,1,0,0,1,1,0,0,0,1,0,2,0,0,1,0,1,0
chr3:9333100,rs741,A/T,0,0,2,2,0,1,0,0,0,0,0,1,1,1,1,1,1,0,2,1,0,1,2,1,0,1,0,1,1,0,0,1,0,2,0,0,1,1,0,0,0,2,1,2,1,0,1,2,0,1,0,1,0,1,0,1,1,0,0,1,0,2,1,2,2,0,1,0,2,1,0,0,1,1,0,1,1,0,0,0,0,1,0,0,0,1,0,1,2,0,2,1,0,1,0,0,1,1,1,0,1,1,2,1,0,1,2,1,1,2,2,1,0,1,0,0,0,0,0,1,1,1,0,0,0,1,0,0,1,0,1,0,0,1,1,0,1,2,1,1,0,1,1,2,1,2,2,0,1,0,0,0,1,0,0,1,0,0,1,0,0,0,1,0,0,0,0,0,2,0,1,0,1,2,1,2,1,0,0,2,0,1,0,2,0,0,0,2,0,0,0,0,2,1,1,1,1,0,2,0
chr2:1311955,rs742,G/C,0,0,1,0,1,1,2,1,0,2,1,1,0,0,1,0,2,0,2,1,1,0,1,1,0,1,1,2,0,1,0,0,1,2,1,0,0,2,1,0,1,0,1,0,0,1,0,2,1,1,0,1,1,0,1,2,0,1,1,1,1,1,0,0,1,0,1,1,1,1,1,2,1,1,2,2,0,1,0,1,1,2,0,0,1,0,0,1,1,1,0,1,0,1,1,0,1,1,1,1,2,0,0,1,0,1,0,0,2,1,1,1,2,2,2,1,1,1,1,0,1,1,0,1,1,2,2,2,1,1,0,0,1,1,1,1,1,0,0,1,0,0,1,0,0,2,1,1,2,1,1,1,0,1,1,0,1,1,1,2,0,0,2,2,2,2,1,2,1,1,0,1,1,1,0,1,1,0,1,1,1,1,1,0,0,1,1,1,1,0,1,1,0,0,0,0,1,0,2,2
chr3:5835451,rs743,C/G,0,1,2,0,2,1,1,1,1,2,0,0,0,1,1,1,1,1,1,2,2,2,0,2,0,2,1,2,1,2,2,2,1,2,1,2,1,1,0,2,1,0,1,0,1,2,1,0,1,1,1,1,1,2,2,1,1,0,0,2,2,1,2,1,0,1,2,0,0,1,1,1,1,0,1,0,1,2,2,1,1,1,0,1,2,1,2,1,1,0,2,0,1,1,1,1,1,0,0,2,1,1,1,0,0,2,0,1,1,0,1,2,2,1,0,2,2,2,2,0,1,1,0,2,1,0,1,0,2,1,1,1,1,1,0,2,0,2,1,1,0,0,0,0,1,2,0,0,1,1,1,0,2,0,1,1,0,0,0,2,0,1,2,1,0,0,2,2,0,1,1,1,0,0,2,1,1,2,1,0,2,2,0,0,0,0,1,0,0,2,1,1,1,1,1,2,2,2,2,2
chr1:5698713,rs744,G/A,0,0,1,0,0,1,0,1,1,0,1,2,1,0,0,0,1,1,0,2,1,0,0,1,1,0,0,1,0,1,2,0,2,0,1,1,0,0,1,0,1,0,1,0,0,0,0,0,1,1,0,2,0,1,1,1,1,1,0,1,1,1,0,0,0,0,0,1,2,0,0,0,1,1,1,1,1,0,1,0,1,0,0,1,0,0,0,2,0,1,0,1,0,2,0,0,2,0,1,0,1,0,0,0,0,1,1,0,1,0,0,0,0,0,1,1,1,1,0,2,0,1,1,0,1,0,0,0,2,1,1,0,0,1,1,1,2,0,1,1,0,0,2,0,0,1,1,0,0,0,1,0,1,0,1,1,1,0,0,0,0,0,0,1,0,1,1,1,2,0,0,0,0,0,0,0,1,1,1,0,0,1,0,0,1,1,1,1,1,1,1,0,1,0,0,2,1,0,1,0
chr1:6289730,rs745,A/G,1,1,1,2,0,0,0,0,0,1,0,0,0,1,0,0,2,1,1,0,0,0,0,0,0,0,0,1,0,0,0,0,0,0,0,0,0,0,1,1,1,0,1,0,0,0,1,2,0,1,0,0,1,0,1,1,1,0,0,1,2,0,1,1,1,0,1,0,0,0,0,1,1,0,1,1,0,2,0,0,0,1,1,1,1,1,1,0,0,0,2,0,0,1,1,0,2,0,0,0,0,2,0,0,2,0,1,0,1,0,0,0,1,1,1,0,0,0,1,1,1,1,1,0,0,0,2,0,1,0,0,0,2,0,0,0,2,0,2,0,0,0,0,0,1,0,0,0,1,0,0,1,0,0,0,0,0,1,1,0,0,1,1,0,0,1,1,1,0,0,0,1,0,0,0,0,0,2,1,0,0,1,1,1,0,1,0,0,0,1,0,1,1,0,1,1,0,1,1,0
chr1:3326133,rs746,A/C,1,1,0,0,0,1,1,0,1,0,0,0,0,0,1,1,1,0,1,1,0,1,0,1,0,1,0,2,0,0,0,0,1,0,1,0,0,1,0,1,0,0,0,0,0,1,1,1,0,0,0,0,0,0,0,1,0,0,0,0,0,0,0,1,0,0,0,0,0,0,0,1,1,0,0,0,1,1,0,0,1,0,1,1,1,0,0,1,0,0,1,1,0,0,0,0,0,1,0,1,0,1,0,1,0,1,1,1,0,1,0,1,0,0,1,1,0,1,0,0,1,1,0,1,1,0,1,1,0,0,0,2,1,0,1,0,1,1,1,0,0,1,0,1,1,0,0,1,0,0,0,1,2,0,0,2,0,0,0,0,0,1,0,0,0,0,0,0,0,0,0,1,0,0,0,0,1,1,1,1,0,1,1,0,0,0,2,0,0,1,1,0,1,1,0,0,1,0,0,0
chr1:8948140,rs747,C/A,0,1,1,1,0,1,2,1,0,1,1,0,0,1,0,0,0,1,1,1,1,1,1,0,0,1,0,1,1,1,1,0,1,1,0,1,0,1,1,0,1,1,0,2,1,0,1,1,0,1,0,1,1,2,1,0,1,2,0,1,1,1,1,1,1,0,0,2,0,1,1,0,1,1,0,0,0,1,1,0,1,0,1,1,0,0,1,0,1,1,0,1,0,1,1,0,1,1,0,0,0,0,1,1,1,2,1,1,1,0,1,0,1,0,1,0,1,1,0,0,2,1,0,0,0,0,0,1,1,1,0,0,1,0,0,0,1,2,0,1,0,0,0,0,0,0,0,1,0,0,2,1,1,1,0,0,0,1,1,1,1,0,1,1,0,1,1,1,1,0,0,0,1,0,0,0,1,1,0,1,0,1,1,0,1,1,2,1,0,1,0,1,2,2,1,2,2,1,0,0
chr3:7374825,rs748,C/T,0,1,0,1,0,0,0,0,1,0,0,1,1,0,1,0,0,0,0,1,0,0,1,0,0,2,1,0,0,0,0,1,0,0,1,1,1,1,1,1,0,1,2,0,0,0,1,0,0,0,2,1,0,1,0,1,1,1,0,0,0,1,0,0,0,0,0,1,1,1,0,1,0,0,0,1,1,0,0,0,0,1,1,1,0,1,0,0,0,0,0,1,1,1,0,0,0,1,0,0,0,0,1,0,0,0,0,0,0,0,0,0,0,1,0,0,0,0,0,1,1,0,1,0,0,1,0,1,0,0,0,0,0,0,0,0,0,1,0,0,0,0,0,1,0,0,0,2,1,0,0,0,1,0,0,0,0,0,0,0,0,0,0,1,1,1,0,0,1,0,0,0,0,1,0,0,0,0,0,0,0,0,1,0,0,1,0,0,0,0,1,0,0,1,2,0,0,0,1,0
chr2:8028722,rs749,A/T,1,0,1,2,0,2,1,2,1,1,2,0,1,1,1,1,2,0,1,1,1,2,2,1,1,2,0,1,1,0,2,0,0,1,1,0,1,0,2,2,1,1,2,1,2,2,2,1,2,1,0,0,2,1,2,1,1,2,2,1,1,2,1,1,0,2,0,0,0,0,2,1,1,2,0,0,1,1,0,1,0,2,2,1,1,1,1,0,1,1,1,1,1,1,1,0,1,0,2,0,1,2,2,2,1,1,0,0,0,1,1,0,0,1,0,1,0,1,1,2,0,1,1,0,1,1,1,1,1,1,0,2,1,2,2,2,2,1,0,1,1,0,1,1,0,1,1,0,2,2,1,2,1,0,2,1,1,2,2,1,1,0,1,1,0,1,1,1,0,0,2,0,2,1,2,2,1,1,1,2,1,1,1,2,1,1,1,1,0,1,0,1,1,1,0,1,2,1,2,0
chr4:2877971,rs750,A/T,0,1,0,0,1,1,2,1,0,0,0,0,1,0,0,0,0,2,2,0,1,0,2,0,0,0,1,1,2,0,0,0,1,0,2,1,0,0,1,0,1,0,1,0,0,1,1,0,0,0,0,1,0,1,0,0,1,1,0,1,0,0,0,0,0,1,0,0,1,1,1,0,0,0,1,2,0,1,1,0,1,0,0,1,1,1,0,1,0,0,0,1,0,0,0,1,0,2,1,0,0,1,0,0,1,0,0,0,0,1,0,0,0,0,0,2,0,0,1,0,0,0,0,0,0,0,1,0,0,0,0,0,1,1,1,2,0,0,0,0,0,0,1,0,0,1,1,0,0,0,0,2,1,2,0,0,1,0,1,1,0,1,0,0,0,1,0,0,0,0,0,0,0,0,0,0,1,1,0,1,0,0,0,1,1,0,0,1,0,0,0,0,0,0,0,1,2,2,2,1
chr2:3866757,rs751,T/C,1,0,1,0,1,1,1,0,0,1,0,0,0,1,1,1,0,0,1,1,0,0,0,0,0,0,2,0,1,0,0,1,2,1,0,1,2,2,1,1,1,0,0,0,0,1,1,1,0,0,1,1,1,1,1,1,0,0,2,0,0,0,1,1,1,0,2,1,1,1,0,1,0,0,1,2,1,0,1,2,0,1,0,1,1,0,1,0,1,1,0,1,0,1,1,1,1,0,0,0,1,0,0,0,0,0,1,0,0,0,1,1,0,2,2,0,1,2,1,1,1,1,1,0,0,1,0,0,1,0,1,1,0,1,1,1,1,2,0,0,0,1,0,1,2,1,0,2,0,0,0,1,0,0,2,1,0,0,1,0,1,1,1,0,1,1,0,0,0,0,0,1,1,1,1,1,1,1,0,1,0,1,1,1,0,2,1,2,0,1,1,0,2,0,1,1,0,0,1,1
chr3:7741286,rs752,T/G,1,2,1,1,1,1,1,2,1,0,1,0,1,0,0,1,1,0,1,0,1,1,2,0,0,0,1,2,1,1,0,1,2,1,0,0,1,0,2,2,1,2,0,0,0,0,1,1,1,1,0,0,0,0,1,1,1,0,1,0,0,2,0,2,1,2,0,2,1,1,1,1,0,2,2,0,0,2,0,2,1,2,1,2,0,1,1,1,0,1,1,0,1,1,1,0,0,0,0,1,1,0,2,1,1,1,2,0,1,1,2,1,1,1,0,1,1,0,1,1,1,2,1,1,1,2,1,2,1,1,1,0,0,0,0,0,1,1,1,1,0,2,2,1,1,1,0,0,1,1,1,1,1,2,2,1,0,1,1,0,2,0,0,1,0,1,2,1,2,1,1,1,0,0,1,0,0,1,1,1,2,0,1,0,1,0,1,2,1,1,1,1,1,1,0,1,1,0,0,1
chr1:4651387,rs753,G/A,1,0,1,0,1,0,1,0,1,0,0,1,1,1,0,0,1,1,1,0,1,2,2,0,1,0,2,0,0,0,0,0,0,0,0,0,0,0,0,1,0,1,0,1,0,0,0,0,1,0,0,0,0,1,0,0,0,1,1,0,0,0,0,0,0,1,0,0,0,0,0,0,0,0,0,1,0,0,0,0,2,1,0,0,1,1,1,1,0,0,0,0,0,1,0,0,1,0,1,0,0,1,1,1,0,0,1,0,0,0,1,0,1,0,1,0,0,1,0,0,1,0,1,1,1,0,0,1,0,0,1,0,0,1,0,0,0,0,2,1,1,1,0,1,0,2,0,1,1,0,0,2,0,2,1,1,0,0,1,1,0,1,0,2,0,0,0,1,0,1,0,0,1,0,0,0,0,0,0,0,0,0,1,1,1,0,0,0,0,1,1,0,0,1,1,1,0,0,0,0
chr3:4212883,rs754,G/A,0,0,0,1,0,1,1,0,0,0,0,0,0,1,0,0,0,0,0,1,1,0,0,1,1,0,0,0,1,1,0,0,2,0,0,1,1,1,0,0,0,0,0,1,0,1,1,0,0,1,0,1,1,1,0,0,0,0,0,0,1,1,0,1,0,0,0,0,1,0,0,0,1,0,0,0,0,0,1,1,0,1,0,1,0,1,2,0,0,0,0,1,0,0,0,0,1,0,0,0,0,0,1,0,0,0,0,1,0,0,1,0,1,0,0,0,0,0,0,0,0,0,1,1,0,0,1,0,0,0,0,2,0,0,1,1,0,0,1,0,0,1,0,0,0,1,0,0,1,0,1,0,1,0,1,0,0,0,0,2,1,0,2,0,0,0,2,0,0,0,0,1,0,0,0,0,0,2,1,0,1,0,0,0,0,0,0,1,0,1,0,2,0,0,1,0,0,1,0,0
chr4:8232212,rs755,T/C,0,1,2,0,2,0,0,1,1,2,0,2,1,1,0,2,1,1,0,1,0,2,2,1,1,1,0,0,0,1,1,0,0,0,0,1,1,0,1,1,1,1,2,0,2,2,0,2,1,0,1,0,0,0,1,0,1,1,0,0,1,0,2,0,1,1,1,2,1,0,0,2,1,0,2,1,1,1,1,0,1,1,1,1,0,1,1,2,0,0,0,0,2,2,1,0,1,2,1,1,1,1,1,1,1,1,0,1,1,0,0,0,0,0,0,1,0,1,1,0,1,0,1,0,2,0,1,0,2,1,0,0,0,1,2,1,0,1,0,2,2,2,2,0,2,1,0,1,0,0,1,0,0,1,0,0,1,2,1,1,0,0,0,0,1,2,0,1,2,0,0,1,1,1,1,1,1,1,2,1,1,0,1,0,1,1,2,0,1,1,1,2,0,1,0,1,0,1,1,2
chr2:5859221,rs756,G/C,1,1,0,1,1,2,1,2,1,1,0,2,0,2,1,1,1,0,1,2,1,0,1,0,0,1,0,1,1,0,1,2,0,0,1,2,1,1,1,1,0,1,0,0,2,1,1,1,0,1,0,1,1,2,0,2,2,1,1,2,1,0,0,0,1,0,0,2,0,2,1,1,1,2,0,1,1,2,1,1,2,1,0,1,1,0,1,2,1,0,1,2,1,1,1,2,1,1,1,1,0,0,0,1,1,1,0,0,1,1,0,0,2,1,2,2,1,2,2,0,2,2,1,2,1,2,0,0,2,1,2,0,1,1,1,2,1,1,0,2,1,1,2,1,1,1,1,2,1,1,0,2,2,0,1,1,0,0,1,2,1,2,1,2,2,0,0,0,0,1,1,2,1,0,0,0,0,1,0,2,2,1,2,2,1,0,1,1,0,2,1,2,1,0,0,1,0,0,1,1
chr3:1019675,rs757,T/C,1,0,1,0,0,0,0,0,1,1,0,1,0,0,0,0,0,0,0,1,0,0,0,0,0,0,0,0,1,0,1,1,0,0,0,0,0,1,0,0,1,1,0,2,1,1,1,0,0,2,0,1,0,0,0,2,0,0,1,0,0,0,0,0,1,1,1,2,0,0,1,2,1,1,0,0,2,1,0,1,1,1,0,2,1,1,0,1,1,1,0,0,0,1,1,1,0,0,1,0,0,1,1,0,1,0,1,0,1,1,0,0,1,0,0,0,0,0,2,1,0,0,0,0,0,1,0,0,1,1,1,1,1,2,0,0,1,0,0,0,0,1,0,1,2,1,0,1,1,0,0,0,0,0,1,2,0,2,1,0,1,1,1,0,1,1,0,1,0,1,1,0,0,2,1,0,0,0,0,1,0,0,0,0,1,0,0,2,1,1,0,1,1,0,0,2,0,1,0,1
chr4:1486799,rs758,T/G,1,2,2,2,2,0,0,2,2,0,1,1,0,1,1,1,0,2,0,1,2,2,1,0,2,0,1,1,2,1,1,0,1,1,2,2,2,0,2,1,0,1,1,0,0,2,1,0,1,1,1,0,0,2,1,0,2,1,1,0,2,0,1,0,1,1,0,0,1,2,1,1,0,2,1,0,0,1,1,1,1,1,1,2,2,1,0,1,2,1,0,1,0,2,1,0,1,0,2,1,0,2,0,0,0,1,0,1,0,1,1,0,0,0,0,1,1,1,0,1,0,1,0,0,2,1,0,0,0,1,2,2,0,1,2,0,1,2,1,1,1,1,2,0,0,1,0,1,0,1,1,1,1,2,2,2,2,1,0,0,1,1,1,1,0,1,1,1,1,1,0,1,1,0,1,1,2,2,0,2,1,2,1,2,0,1,1,1,1,0,2,1,2,1,1,0,0,1,0,1
chr2:5464344,rs759,A/C,1,0,0,2,0,0,1,1,1,0,1,1,0,0,0,0,2,1,0,0,0,0,0,0,1,1,1,0,0,1,1,1,1,1,0,0,2,1,0,0,0,0,0,0,1,1,1,1,1,0,0,0,0,1,2,0,1,1,0,0,1,0,1,1,0,0,0,1,0,0,0,0,0,1,0,1,1,0,1,1,1,1,0,0,1,0,1,0,0,1,2,1,0,1,0,2,1,1,0,1,1,0,2,0,0,0,0,0,0,0,1,1,0,0,0,0,0,0,0,1,0,0,0,1,0,0,0,2,0,0,1,1,0,0,0,0,0,1,0,0,2,0,0,0,0,0,0,0,0,0,1,1,0,0,0,0,0,1,0,0,1,0,0,0,2,1,1,1,0,1,0,1,1,2,0,1,0,1,0,1,0,1,2,0,1,0,1,0,2,0,0,0,1,0,0,0,0,1,0,1
chr4:1566088,rs760,A/G,1,0,1,1,2,0,0,0,0,1,1,0,2,0,1,0,0,1,1,0,1,2,1,0,1,1,0,1,0,0,0,0,0,2,1,2,0,1,1,0,2,0,0,0,1,0,1,1,0,1,0,0,1,2,1,1,1,1,1,0,2,1,2,1,0,2,0,0,0,0,0,0,2,1,0,1,1,0,1,1,1,1,0,1,1,1,2,2,0,2,0,0,2,1,1,0,0,2,0,1,1,1,1,1,0,1,1,0,2,1,1,0,1,0,0,1,1,2,0,0,0,1,1,1,2,1,0,2,0,1,2,1,1,2,1,2,0,0,0,2,0,1,0,2,0,0,1,1,1,1,1,1,1,1,1,0,1,1,2,0,0,1,0,2,1,1,2,1,2,0,1,1,1,1,1,1,1,2,1,0,0,2,1,0,1,1,1,2,1,2,2,1,1,2,0,2,1,1,2,0
chr4:1805113,rs761,C/A,0,0,0,2,0,0,0,1,0,0,0,0,0,1,0,0,0,0,0,0,1,0,0,0,0,1,0,0,0,0,0,0,0,0,0,1,0,0,0,1,1,1,0,0,0,0,0,0,0,0,0,0,0,0,0,0,0,1,0,0,1,0,0,0,0,0,0,2,0,0,0,0,0,0,0,1,0,0,0,0,0,0,0,0,1,1,1,0,0,0,1,0,0,0,0,0,1,1,0,1,1,0,0,1,2,0,1,0,0,0,0,1,0,0,0,0,1,1,0,0,0,0,0,0,0,2,0,0,0,0,1,0,0,0,0,0,0,0,1,0,0,1,0,0,0,0,0,0,1,0,1,0,0,1,0,0,0,0,0,0,1,0,1,0,0,1,0,0,0,0,0,1,0,0,0,0,0,0,0,0,0,1,0,0,0,0,0,2,0,0,0,0,0,0,0,0,0,0,1,1
chr1:6028035,rs762,T/A,1,1,0,1,1,1,0,1,1,0,0,0,1,0,0,0,0,0,0,0,1,0,0,0,0,2,0,0,0,1,0,0,2,0,1,0,1,1,1,2,0,0,0,0,0,0,0,0,0,1,1,1,1,2,1,1,1,1,0,0,0,0,0,1,2,1,1,0,0,0,0,1,0,0,2,0,1,0,1,1,2,0,0,0,0,1,1,1,1,1,2,1,1,1,1,1,0,1,2,1,1,0,0,0,1,1,0,0,0,2,0,1,1,1,0,0,2,0,0,0,1,1,1,1,1,0,2,1,0,1,1,0,2,1,1,1,1,2,1,0,1,1,0,1,1,0,0,2,0,1,1,0,1,1,0,0,1,1,1,1,1,1,0,0,2,2,0,2,0,1,1,2,2,1,2,0,1,0,1,1,1,1,0,1,0,0,0,1,1,1,1,1,1,1,1,1,0,1,1,1
chr3:3092101,rs763,C/G,1,0,1,0,0,0,0,0,0,1,0,0,0,0,0,0,0,0,0,0,0,1,0,0,0,0,0,0,1,0,0,0,1,0,1,0,0,0,0,1,0,1,1,1,1,0,1,0,2,1,0,1,0,1,0,1,1,0,0,0,0,0,1,0,0,0,0,1,1,1,0,0,0,0,1,0,0,0,0,0,1,0,0,0,0,0,0,1,0,1,1,0,0,0,0,0,0,0,1,0,0,0,0,1,0,0,1,0,0,0,0,0,1,1,0,0,0,0,0,0,0,0,0,1,0,1,0,0,0,1,0,0,0,0,1,1,0,0,1,0,0,1,0,0,1,0,0,0,1,1,1,0,0,0,0,0,0,0,1,0,0,0,0,0,0,0,1,0,0,0,0,0,0,1,0,0,1,0,0,0,0,0,0,0,0,0,0,1,1,1,0,0,0,0,1,0,0,0,1,0
chr2:9503967,rs764,G/C,1,2,2,0,1,0,1,1,0,2,0,1,1,1,0,1,0,1,0,1,1,1,1,0,2,2,1,1,1,2,2,2,0,0,1,0,1,0,1,0,0,0,1,0,1,2,1,0,1,1,1,0,1,0,2,1,2,0,1,1,2,0,1,2,1,2,0,1,0,1,1,1,2,1,0,0,0,1,1,1,2,1,1,2,0,2,0,2,0,0,0,1,0,1,2,1,2,1,1,1,0,1,1,1,0,1,0,2,1,2,0,1,1,0,0,1,1,1,1,1,0,1,1,0,0,1,0,0,1,1,0,0,1,1,1,2,2,2,1,1,2,2,2,2,1,2,2,1,1,1,0,2,1,1,2,0,2,0,0,1,1,1,1,1,0,0,1,0,0,2,1,2,1,1,0,0,1,1,0,2,0,1,1,0,1,0,1,1,1,1,1,1,2,1,0,2,0,0,0,1
chr4:7762126,rs765,G/C,0,1,1,1,0,0,1,0,0,0,1,1,0,0,0,0,0,1,1,1,0,0,0,1,0,0,1,1,1,0,1,0,1,0,0,0,0,0,0,0,0,0,0,0,1,1,0,1,0,0,0,0,0,0,0,2,0,1,2,0,0,0,1,0,0,0,1,1,0,0,0,0,0,0,0,0,0,1,0,0,0,1,0,1,0,0,0,0,0,0,0,0,0,0,1,1,0,0,0,1,0,0,1,0,1,1,0,0,0,0,0,0,1,0,0,0,1,0,1,0,1,0,0,1,0,0,1,1,0,1,1,0,0,1,0,0,1,0,0,1,1,1,0,0,0,0,0,2,0,0,2,0,1,1,0,0,0,2,0,1,0,1,1,0,0,1,1,1,0,0,0,0,0,0,0,1,1,0,0,0,0,0,1,0,0,1,0,0,0,0,0,0,0,0,0,0,0,0,0,1
chr1:7342057,rs766,T/C,0,0,0,0,1,1,0,1,0,0,0,0,0,0,0,1,0,0,0,1,0,0,0,0,0,1,1,2,0,0,1,1,0,1,1,1,1,0,0,1,0,0,0,0,0,0,0,0,0,1,0,0,0,0,0,0,0,0,0,0,0,0,0,0,0,0,0,0,0,0,0,0,0,0,1,0,1,0,1,0,0,0,1,1,0,0,0,0,1,0,0,0,1,0,1,0,0,0,0,1,0,0,0,0,2,0,0,0,0,1,0,0,0,0,0,1,0,0,0,1,1,0,0,0,0,0,0,0,1,1,0,0,0,0,1,0,0,0,0,0,0,0,0,1,0,1,0,1,0,0,0,0,0,0,0,0,0,0,0,0,0,0,1,0,1,0,0,1,1,1,0,0,0,0,0,0,1,0,0,0,0,0,0,0,1,0,0,0,0,0,1,0,0,0,0,0,1,0,0,0
chr1:4557689,rs767,A/C,0,0,1,0,0,1,0,0,0,1,0,0,0,0,0,1,0,0,0,0,1,0,0,1,0,0,0,0,0,0,0,1,0,1,0,0,2,0,0,0,1,0,0,0,0,1,0,1,0,0,0,1,1,0,0,0,0,0,0,0,0,1,0,0,0,0,0,0,0,0,1,1,0,0,0,0,0,0,1,0,0,0,1,0,0,0,0,0,0,0,0,0,0,0,0,1,0,1,1,0,0,0,0,0,0,0,0,0,0,0,1,0,0,1,1,0,0,0,0,0,0,0,1,1,0,0,0,0,0,0,0,0,0,0,0,0,0,0,0,0,0,0,0,1,0,0,0,0,1,0,0,0,1,0,0,0,0,1,0,0,0,0,1,0,1,0,0,1,0,0,0,1,2,0,1,0,0,0,0,0,2,0,0,0,1,0,0,0,0,0,1,0,1,0,0,0,0,0,0,0
chr1:8863426,rs768,C/T,0,0,0,1,0,0,1,0,1,0,0,1,0,2,0,0,0,0,0,1,0,0,0,2,0,1,0,0,0,1,0,1,0,0,1,0,1,0,0,0,0,1,0,0,0,0,1,0,1,0,0,0,1,1,0,1,0,0,0,0,0,0,0,0,0,0,1,0,0,0,1,1,1,0,0,0,1,0,0,1,0,1,0,0,2,0,1,0,0,0,0,0,0,0,0,0,0,0,0,1,1,1,0,0,0,0,0,0,1,1,0,0,1,1,1,1,0,0,1,0,1,0,0,0,0,0,0,0,0,0,1,0,1,1,1,1,0,0,0,0,0,1,0,1,1,0,0,0,0,0,0,0,1,2,1,0,1,1,1,0,0,1,1,0,1,1,0,0,0,0,1,0,0,0,0,0,1,1,0,0,0,0,0,0,0,0,0,0,0,1,0,0,0,0,0,1,1,1,1,0
chr1:1450930,rs769,A/T,1,2,2,1,0,2,0,2,2,1,2,0,1,1,2,2,1,1,1,1,1,1,0,1,1,1,2,2,1,0,2,0,0,2,2,1,2,0,2,1,0,2,0,1,1,1,1,1,0,0,1,1,1,1,1,2,0,0,1,2,1,0,2,1,1,1,1,0,0,1,0,1,1,2,1,2,1,2,1,1,0,0,1,2,0,1,1,1,2,2,0,2,1,1,2,2,1,0,1,1,0,0,2,2,1,1,1,1,0,1,1,1,0,1,0,1,2,1,1,1,1,1,1,1,0,1,1,0,0,0,0,0,1,0,0,2,1,1,0,1,0,1,2,1,1,1,1,0,1,1,1,2,2,1,0,1,0,1,1,1,2,0,1,1,2,1,2,1,2,2,1,1,2,1,2,1,1,2,2,1,2,0,1,1,2,1,1,0,1,1,0,2,1,2,1,1,1,1,1,0
chr4:8946232,rs770,A/T,0,0,0,0,0,0,0,0,0,0,0,1,1,0,0,0,1,0,0,0,1,0,0,0,1,0,0,0,0,0,0,1,0,0,0,1,0,0,0,0,0,1,0,0,0,1,1,0,0,0,0,0,0,0,2,0,0,2,0,0,1,0,0,0,0,1,0,0,0,1,1,0,0,0,0,0,0,0,0,0,1,0,0,1,0,1,1,0,0,0,0,0,1,1,0,0,0,0,0,1,0,0,1,0,0,0,0,0,0,1,0,0,1,1,1,0,1,1,0,0,0,0,0,1,0,0,0,0,1,0,0,0,0,0,0,0,1,0,0,1,0,0,0,0,0,0,0,0,1,1,0,0,0,1,1,0,0,0,1,0,0,0,0,1,1,0,1,0,0,1,0,0,0,1,1,0,1,0,2,0,0,0,1,0,0,1,0,0,0,0,1,0,0,1,1,0,0,0,0,0
chr1:6403252,rs771,G/C,0,0,1,2,0,1,1,1,1,1,1,2,0,1,0,0,1,1,1,0,1,2,0,0,1,1,2,0,1,1,0,0,1,0,0,1,2,2,1,2,0,1,0,0,0,1,1,1,0,2,0,1,2,1,1,1,1,1,0,0,1,0,0,1,1,1,0,1,0,1,2,1,2,1,0,2,0,1,1,2,2,1,2,0,1,2,1,1,0,1,1,0,1,0,1,1,1,1,2,1,1,1,2,1,1,1,1,1,1,0,2,1,0,2,1,1,1,1,1,1,1,1,1,2,1,1,1,2,0,0,0,1,1,0,1,0,0,2,1,2,0,0,1,1,1,1,0,1,1,1,2,0,1,2,2,2,0,0,0,1,2,1,1,0,2,2,0,2,2,1,1,0,2,2,2,0,2,0,0,0,0,1,0,2,0,1,2,1,1,0,1,1,2,0,0,1,1,1,1,1
chr2:1688725,rs772,C/A,0,1,1,0,1,1,0,1,0,1,0,0,0,2,0,2,1,2,0,0,0,1,2,0,1,0,1,1,1,1,1,1,0,1,1,1,2,2,2,1,0,0,1,2,1,1,2,2,0,2,2,0,2,1,1,2,0,1,1,1,1,1,2,0,1,1,1,2,0,0,1,1,1,1,0,1,0,0,1,1,1,0,2,1,0,0,0,1,0,2,1,0,0,0,1,2,1,0,1,0,0,0,2,1,1,1,1,1,0,2,0,0,0,2,1,0,1,2,0,1,1,1,0,0,0,0,1,0,1,1,1,0,1,1,0,1,0,0,1,0,0,1,1,1,2,0,2,1,0,2,0,2,1,0,1,2,0,1,1,1,0,1,0,2,0,1,1,2,1,2,1,0,1,1,1,0,2,1,2,2,1,1,2,0,0,2,0,0,0,1,2,0,2,0,0,1,1,1,0,1
chr1:1206487,rs773,A/T,0,1,1,2,0,2,1,0,2,0,0,0,1,0,0,2,1,1,2,1,0,0,1,1,1,2,0,1,2,1,0,0,1,0,0,1,1,1,2,1,2,1,0,1,1,1,2,2,1,1,1,0,1,1,1,2,1,2,1,1,1,1,1,1,2,1,1,1,2,2,2,1,1,0,0,1,0,2,0,1,2,2,0,2,0,1,1,1,0,2,0,0,0,1,0,0,1,0,2,1,2,2,1,0,1,2,2,0,1,1,0,1,0,1,1,0,2,0,0,1,2,2,0,1,2,0,1,0,0,0,0,1,0,1,2,2,1,0,0,1,1,0,0,1,2,1,1,1,1,0,2,1,1,0,2,1,0,2,1,1,0,1,1,0,0,1,0,1,1,0,1,1,0,0,1,2,0,0,0,0,1,2,0,0,0,1,1,1,2,1,1,1,0,2,0,1,2,2,1,0
chr2:8018523,rs774,T/G,0,0,0,1,1,0,0,0,0,1,1,1,0,0,1,0,1,0,1,1,0,0,1,0,0,0,1,0,0,0,0,0,0,1,0,1,0,2,0,0,0,1,0,0,0,0,0,0,1,0,0,1,1,0,0,1,0,1,0,0,0,1,0,0,0,0,0,1,0,0,0,1,1,0,0,0,1,0,0,2,0,0,0,0,0,0,1,1,1,0,0,0,0,0,0,1,1,0,0,0,0,0,0,1,0,1,1,0,0,1,1,0,0,0,0,1,0,0,0,0,0,1,0,0,1,0,0,0,0,0,0,0,0,2,1,0,0,1,0,0,0,1,0,0,0,0,0,0,0,0,0,1,0,0,0,0,0,0,1,0,0,0,0,0,0,0,1,0,0,1,0,1,0,0,0,0,0,0,1,1,1,0,0,0,1,0,1,1,1,1,0,0,0,0,0,0,0,0,1,0
chr1:4452501,rs775,A/T,0,0,0,1,0,0,1,1,0,1,1,0,1,0,1,0,1,0,0,0,0,0,0,0,0,1,0,0,1,0,2,0,0,0,1,0,1,1,1,1,0,0,0,0,0,1,0,1,0,0,0,0,1,1,1,0,0,0,1,0,0,1,0,1,0,1,1,0,0,1,0,0,2,0,1,1,2,0,0,2,0,0,0,1,0,1,2,1,0,2,0,1,0,0,1,1,0,1,0,0,0,0,0,0,1,0,2,0,0,0,2,1,0,1,1,0,0,1,0,0,0,0,1,0,1,0,0,0,0,1,1,0,2,0,0,1,0,0,1,0,2,1,0,1,0,0,1,0,0,0,0,1,2,0,0,0,0,0,0,1,0,0,0,1,0,0,0,1,1,0,1,2,0,0,0,0,0,1,0,0,0,1,1,1,1,1,0,0,0,0,1,0,0,0,0,1,0,0,1,1
chr2:6451973,rs776,T/A,0,1,1,0,1,2,1,1,1,1,1,2,1,0,1,0,0,0,2,1,1,2,0,1,2,0,1,0,1,1,0,1,0,1,0,1,1,1,1,0,1,0,0,1,0,1,1,0,0,1,0,0,0,0,0,1,0,2,0,0,0,1,1,0,0,0,0,0,2,1,0,2,2,1,1,1,1,0,1,0,0,0,0,1,0,0,0,1,2,0,0,1,1,1,0,0,2,1,1,1,1,1,0,0,1,1,1,0,2,2,0,2,1,0,0,0,0,0,1,0,0,1,1,0,1,0,0,0,0,0,0,0,0,1,0,1,0,0,0,0,0,1,0,2,1,1,0,0,1,1,1,1,0,1,0,1,0,0,1,2,1,0,1,0,2,1,0,0,0,1,1,1,2,1,0,1,1,1,0,0,0,1,0,1,1,0,0,1,1,1,2,0,2,0,0,1,0,0,1,0
chr2:8353172,rs777,A/C,1,0,0,2,1,0,1,1,1,1,1,0,0,1,0,0,1,2,2,0,0,1,0,1,1,1,1,0,0,2,0,2,0,1,0,0,1,2,1,0,1,0,1,1,1,1,1,1,0,0,2,1,0,1,0,1,0,1,1,1,0,1,1,1,1,1,1,0,1,1,1,0,2,2,1,2,0,1,0,2,0,2,1,0,2,1,1,1,0,0,2,1,1,1,1,1,2,0,0,1,0,0,2,2,0,2,0,0,0,1,2,0,1,0,0,2,1,2,2,1,1,1,1,0,0,0,0,1,0,1,1,0,1,1,1,1,0,1,1,0,1,1,0,1,0,1,1,1,1,0,2,1,1,1,0,1,1,0,1,2,2,1,1,1,0,0,1,1,0,0,1,0,1,0,2,2,0,1,0,0,1,1,1,0,1,1,2,0,0,2,1,0,1,0,1,2,1,1,1,1
chr2:6354552,rs778,T/C,0,0,1,0,0,1,0,1,0,1,1,1,0,0,0,0,0,1,1,0,0,0,0,0,0,0,0,0,1,0,0,0,0,1,1,0,2,0,1,0,1,0,1,0,1,0,0,0,0,1,0,1,1,0,0,0,0,1,1,0,0,1,0,0,0,1,0,1,0,0,0,1,0,0,0,1,0,0,0,1,0,0,0,0,1,0,0,0,0,1,0,0,0,0,1,1,0,1,1,0,1,0,2,0,0,0,0,1,1,2,1,1,1,0,0,0,0,0,1,0,0,1,0,2,1,1,1,1,0,1,0,0,0,0,2,0,1,0,0,1,0,1,1,1,0,1,0,0,0,0,0,2,1,1,1,0,0,1,1,0,1,1,0,1,1,0,0,0,1,0,0,0,0,0,1,0,0,0,0,0,0,0,0,0,1,0,1,0,1,0,1,0,0,0,1,0,0,0,1,0
chr2:7911855,rs779,C/A,0,0,1,0,0,0,1,0,0,0,1,1,1,0,1,1,0,1,0,2,1,2,0,0,0,1,0,0,1,2,2,1,0,0,2,1,1,0,0,1,2,1,1,0,0,0,0,1,1,1,0,0,1,0,0,0,2,0,1,1,0,1,0,1,2,0,0,1,1,0,2,1,2,0,1,1,0,0,0,1,2,1,0,1,1,1,1,1,1,1,1,2,0,0,0,0,2,1,0,1,1,0,0,2,2,0,1,0,1,0,1,0,2,0,2,0,2,0,1,0,1,1,2,0,2,0,1,1,1,2,0,1,0,1,0,2,1,1,2,1,1,1,1,1,0,0,1,1,2,1,0,0,1,1,1,0,1,1,2,1,0,2,1,1,2,0,1,1,2,0,1,1,0,1,1,1,0,1,1,1,0,2,1,1,1,1,0,1,1,1,1,0,1,0,1,1,2,1,1,0
chr3:7550091,rs780,G/C,0,0,0,0,0,1,0,1,1,2,0,0,0,0,0,2,2,2,1,2,0,0,0,1,0,2,0,0,1,0,0,1,1,2,2,1,0,0,1,1,1,0,2,0,0,0,2,1,1,1,0,1,1,1,1,1,0,1,0,1,0,2,0,0,1,0,0,1,1,2,1,0,1,0,1,0,1,1,0,0,0,0,1,0,1,0,0,1,0,0,1,1,0,0,1,0,1,1,0,1,1,1,0,0,1,0,1,1,1,0,0,2,0,0,0,1,1,1,0,0,2,0,1,1,0,1,0,0,0,1,0,2,0,0,0,0,0,0,0,1,2,1,0,0,0,0,2,0,0,0,1,0,1,0,0,1,2,0,0,0,0,0,1,1,0,1,1,1,1,0,0,1,0,1,1,0,0,1,0,1,1,1,0,1,0,1,0,1,0,1,0,1,0,0,1,0,0,2,0,0
chr4:8370683,rs781,C/T,0,2,0,1,0,1,1,1,1,1,0,1,0,0,0,1,0,0,0,0,0,0,0,0,0,1,0,0,0,0,0,0,0,0,0,1,0,0,1,0,0,0,0,1,1,0,1,1,0,1,0,0,0,0,0,0,2,1,0,1,0,0,0,1,0,0,1,0,1,1,1,1,1,0,0,0,0,0,1,0,0,0,0,0,0,0,0,0,0,1,0,0,0,1,0,0,0,0,0,0,0,0,0,1,0,0,1,0,0,0,0,0,0,0,0,1,0,0,1,0,1,0,0,0,0,0,1,1,1,0,0,0,0,0,0,1,1,1,0,0,1,0,0,0,0,1,0,0,0,0,0,1,1,0,0,0,0,0,0,0,0,0,2,0,0,1,0,0,1,1,0,0,0,1,0,1,0,0,0,0,0,0,0,0,0,1,0,0,0,2,0,0,0,1,0,2,0,0,0,1
chr3:6047999,rs782,C/G,0,0,1,1,2,0,1,1,1,0,0,0,1,0,1,2,0,0,0,0,0,2,0,1,0,0,1,0,0,2,0,0,2,1,1,0,1,1,1,0,1,1,0,1,0,1,1,1,2,0,0,1,1,0,1,1,0,2,1,2,0,0,0,0,1,1,1,0,1,1,0,0,2,1,0,0,1,1,0,0,0,0,0,2,0,1,1,0,0,1,1,1,0,1,0,0,0,0,2,1,0,0,0,0,2,0,0,0,1,1,0,0,1,1,0,0,2,0,2,0,0,0,1,0,1,0,1,0,0,1,1,0,0,0,1,0,0,1,0,1,1,0,1,1,0,1,2,1,0,0,0,1,1,1,1,0,0,0,1,1,2,2,0,2,0,2,1,1,1,0,0,0,0,0,0,0,0,0,0,1,2,2,1,0,1,0,1,1,0,1,0,2,0,1,1,0,0,0,2,0
chr1:4471750,rs783,A/C,0,0,0,0,0,1,1,0,1,1,0,1,0,1,1,0,1,1,0,1,1,0,0,0,0,1,0,0,0,0,1,0,0,0,0,0,1,0,0,2,1,1,0,2,2,0,1,0,1,1,0,0,0,1,1,1,1,0,0,0,0,0,0,1,1,0,1,1,0,0,0,0,1,1,0,0,0,1,0,1,1,0,0,1,1,1,1,1,1,1,0,1,0,1,1,0,0,1,0,0,0,0,0,0,1,1,1,0,0,0,1,0,1,1,0,0,2,0,1,0,1,0,1,1,1,0,0,2,1,0,1,1,1,0,0,1,0,0,0,1,0,1,1,1,1,1,2,0,0,0,1,0,1,2,0,1,0,0,1,0,1,1,0,0,0,1,2,1,1,0,1,1,0,1,1,0,1,1,0,1,0,1,0,0,1,1,2,1,1,2,1,2,0,0,1,0,0,0,0,0
chr3:3630723,rs784,T/C,0,0,0,0,0,0,0,0,0,1,0,0,0,0,1,1,0,0,0,0,0,0,2,0,1,0,0,0,0,0,1,0,0,1,0,0,2,1,0,1,0,0,0,0,0,0,0,0,0,1,1,0,0,0,0,0,0,2,0,0,0,0,0,0,0,0,0,0,0,0,0,0,0,0,0,0,0,1,0,1,2,0,0,0,0,0,0,0,0,0,1,0,1,0,0,0,1,0,1,0,1,0,0,0,0,0,2,0,0,1,0,0,1,0,0,0,1,0,0,1,0,1,0,1,0,0,0,1,0,0,0,0,0,0,0,1,0,0,0,0,0,0,0,0,0,0,0,0,1,0,0,0,0,0,0,0,0,0,0,0,0,0,0,1,0,1,1,0,0,0,1,0,1,0,0,0,0,0,0,0,0,0,0,0,0,0,0,1,0,0,0,1,0,1,2,0,0,1,1,1
chr3:8543159,rs785,G/A,1,0,1,0,1,0,0,0,1,1,2,1,1,0,1,1,2,1,0,1,0,1,0,0,0,2,0,1,0,0,1,1,2,0,0,0,1,1,1,1,0,1,1,1,1,1,1,1,0,1,0,2,2,0,2,1,1,1,0,2,1,0,1,1,2,1,0,0,0,0,0,0,1,1,0,1,2,1,1,1,2,1,0,2,1,1,1,0,1,0,0,0,2,1,0,1,1,1,1,1,0,0,1,1,1,1,1,0,0,0,2,1,1,2,0,1,1,0,1,1,1,2,0,2,2,1,2,2,1,1,0,0,1,1,1,2,1,0,1,2,0,1,0,1,2,0,0,0,1,0,2,0,1,1,0,0,0,1,0,0,1,1,0,1,1,1,1,2,0,1,1,1,2,2,1,0,0,0,0,0,2,1,1,0,1,2,0,0,1,2,1,1,0,1,0,2,1,0,2,1
chr3:3901717,rs786,G/T,0,1,1,0,1,0,1,0,0,1,0,1,1,0,0,1,0,0,0,1,1,1,1,0,0,1,0,0,0,2,0,0,2,0,1,1,0,1,0,1,0,0,0,1,0,1,0,0,1,0,1,0,0,2,0,0,1,1,1,0,0,0,1,0,0,0,1,1,0,1,0,0,0,1,1,0,0,1,1,0,1,0,0,1,1,1,1,1,0,1,1,1,1,2,1,0,0,1,0,0,0,1,0,0,1,1,0,0,0,0,1,0,1,0,2,1,0,2,1,0,0,0,0,0,0,0,0,0,0,1,0,1,0,2,1,1,1,1,1,1,0,0,0,0,2,1,1,0,0,0,0,0,0,0,1,0,0,0,1,0,0,1,0,1,0,1,0,0,1,2,1,0,1,0,0,1,1,0,0,0,0,0,0,0,0,0,2,0,0,1,1,1,0,0,1,1,1,0,0,0
chr3:6692796,rs787,A/C,0,1,0,0,0,0,0,0,0,1,0,1,0,0,0,0,1,0,0,1,1,0,0,0,0,0,0,0,0,0,0,0,1,0,0,1,2,1,0,0,0,0,0,1,1,1,1,0,0,2,1,0,0,0,1,1,0,0,0,0,0,0,0,1,0,0,1,1,0,1,0,0,1,0,0,1,0,1,0,1,0,0,0,0,0,1,1,1,0,0,0,1,2,0,1,1,0,1,0,1,0,1,0,1,0,1,1,0,0,0,0,0,1,1,0,0,0,1,0,1,0,1,0,0,0,0,1,2,1,1,0,0,1,0,0,0,1,1,0,0,2,0,0,0,0,2,1,0,0,1,0,1,0,1,0,0,1,0,0,0,1,1,0,1,1,0,0,0,0,0,1,0,0,0,0,0,0,0,0,1,0,1,0,0,1,0,0,2,1,1,0,0,0,1,1,0,0,1,1,0
chr4:8440449,rs788,A/C,1,1,1,0,0,0,1,1,0,0,0,1,0,1,1,1,1,1,1,1,0,0,0,1,1,0,2,0,0,1,0,1,1,1,0,0,0,1,1,1,0,0,1,2,1,1,1,1,0,0,0,0,1,0,0,2,1,0,0,1,0,1,1,1,0,0,1,1,1,0,1,0,2,0,0,1,1,0,0,1,0,2,2,0,1,1,1,1,0,0,1,0,0,0,1,1,0,0,1,0,0,1,0,2,0,0,0,1,0,1,0,1,0,0,1,1,1,1,1,0,0,1,0,2,1,0,1,1,1,0,1,1,0,0,0,0,1,2,1,1,1,0,0,1,1,2,0,1,2,0,0,0,0,1,0,0,1,0,1,2,1,1,0,0,1,1,0,1,2,0,1,0,0,1,0,0,0,1,1,0,0,1,0,1,1,1,0,2,0,0,0,0,0,0,1,2,1,0,0,1
chr3:6071915,rs789,A/C,1,0,0,0,0,1,1,2,1,1,0,1,0,1,1,0,0,0,0,1,0,1,0,0,0,1,1,1,0,0,0,0,0,1,0,0,0,0,1,1,0,0,0,0,0,1,0,0,0,0,0,0,0,0,1,1,0,0,2,0,0,1,1,0,0,1,0,0,1,1,1,0,0,0,1,0,2,1,1,0,1,1,0,1,0,0,0,0,1,0,1,0,1,1,0,0,0,1,1,0,0,0,0,0,1,1,0,0,0,0,0,1,0,0,0,0,1,0,0,0,0,0,0,1,1,1,1,1,1,1,0,0,1,0,1,1,0,2,1,0,0,0,0,0,0,1,1,0,1,0,0,0,1,1,0,1,0,0,1,0,0,1,1,1,0,1,0,0,1,1,1,0,0,0,1,0,0,2,1,1,0,1,0,1,0,0,0,0,1,1,0,0,0,0,0,0,1,0,1,0
chr4:7310114,rs790,T/G,0,1,2,1,1,2,1,1,0,0,2,0,1,1,2,0,1,1,1,1,1,1,1,1,0,1,1,1,2,2,1,0,2,1,2,1,0,1,1,0,2,2,1,0,0,0,2,0,2,1,1,1,2,1,1,2,0,0,2,0,0,1,1,1,1,2,1,1,1,0,1,0,0,1,1,1,1,1,0,1,1,2,0,1,1,1,0,0,1,0,0,0,2,0,1,0,1,1,0,2,2,1,0,1,1,2,1,0,0,0,1,1,2,0,0,2,1,1,0,1,1,0,1,1,1,1,1,1,2,0,1,2,0,1,1,2,0,1,0,0,1,1,0,2,1,1,1,1,1,2,1,1,0,1,1,1,2,1,0,0,1,0,1,2,1,1,1,1,1,0,0,0,1,1,0,0,2,0,1,1,0,2,0,1,1,0,1,1,0,2,0,1,1,2,1,1,2,0,1,2
chr4:8690840,rs791,C/T,1,0,1,1,0,0,0,0,0,0,0,0,1,0,0,0,0,0,0,0,1,0,0,1,0,0,0,0,0,0,0,0,0,0,2,0,1,0,1,1,0,0,0,0,0,1,1,0,0,0,0,0,0,0,0,0,1,0,0,0,2,0,0,1,0,1,0,1,0,0,0,1,0,1,1,0,0,1,1,0,1,0,0,0,0,1,1,0,0,0,0,0,0,1,2,0,0,1,0,0,0,0,0,0,2,1,0,0,0,0,0,1,0,0,0,0,0,0,0,0,0,0,1,0,1,0,0,0,0,0,0,0,0,0,0,0,0,0,0,0,0,0,0,0,0,0,1,0,0,0,0,0,1,0,0,0,0,1,1,0,0,0,0,0,0,0,0,0,0,0,0,0,0,0,1,1,0,0,0,0,0,0,0,1,1,0,0,0,1,0,0,0,0,1,0,0,0,0,1,0
chr3:2274634,rs792,G/T,0,1,0,0,1,0,2,1,0,0,2,1,0,1,0,0,1,0,2,0,0,1,0,1,0,2,1,1,0,2,0,0,1,1,0,0,0,0,1,1,1,1,0,0,0,1,0,0,1,0,0,0,0,1,0,1,1,0,0,2,0,2,1,1,0,0,1,0,0,0,0,0,2,0,0,0,0,0,0,2,1,0,1,1,0,0,1,0,2,0,0,0,1,1,1,0,0,0,0,0,0,1,0,0,0,2,0,1,1,1,0,0,2,0,1,1,0,1,1,0,1,1,2,1,0,1,1,0,0,0,1,0,0,0,1,0,0,0,0,1,1,0,1,1,1,0,0,2,2,0,0,0,1,0,0,1,1,1,1,0,0,0,1,0,0,1,0,1,1,1,1,0,0,1,1,2,1,0,0,0,0,0,1,1,0,2,0,0,0,1,0,0,0,1,0,1,0,0,1,1
chr4:9511383,rs793,G/A,0,1,2,1,1,0,2,1,0,1,0,0,2,1,1,1,1,2,0,0,1,1,0,2,2,1,2,2,0,1,1,1,0,1,1,1,0,0,1,0,1,1,0,1,1,1,1,2,1,1,2,1,2,2,0,0,1,0,2,1,0,1,1,1,0,2,2,2,0,1,1,0,1,0,2,2,1,2,1,1,0,0,1,2,2,1,1,0,0,1,1,1,0,0,1,2,2,1,2,1,0,1,2,0,0,0,1,0,1,1,0,2,1,1,2,1,1,1,1,0,0,0,1,2,2,1,0,0,0,0,1,0,1,0,1,1,1,0,2,1,1,2,1,0,0,2,2,1,1,2,1,0,2,0,2,0,2,1,1,0,2,2,1,1,1,1,0,1,2,0,0,1,2,2,2,1,1,1,2,1,1,1,2,0,0,0,0,1,1,1,1,1,1,1,1,1,1,2,2,2
chr4:8601748,rs794,G/C,2,0,1,0,0,1,0,1,1,0,1,1,1,2,1,1,2,1,1,0,1,0,0,1,2,0,0,1,0,1,1,0,1,0,1,0,1,1,0,0,0,0,1,0,1,0,0,0,1,0,1,1,1,1,1,1,1,0,1,1,1,0,2,1,1,0,1,1,1,0,1,1,1,1,2,1,1,1,2,2,2,1,1,2,1,1,1,1,0,1,0,0,2,1,1,2,1,1,1,2,0,0,1,2,1,1,2,1,1,0,1,1,1,2,0,1,0,2,1,0,2,0,2,0,2,0,1,1,2,0,1,1,0,1,1,1,2,2,2,2,2,2,2,0,1,1,1,0,1,1,0,2,1,2,1,1,1,0,0,1,1,0,0,1,0,1,1,2,2,1,1,1,1,1,0,2,1,0,0,0,0,2,2,1,1,0,0,0,2,1,0,0,1,0,0,0,0,1,1,0
chr1:7181422,rs795,C/T,2,1,1,0,1,1,0,0,0,1,1,0,1,0,2,0,0,0,1,0,0,2,0,0,1,0,1,2,1,2,0,1,0,0,2,1,1,0,0,2,1,1,1,1,1,0,1,0,2,1,1,0,1,1,1,2,0,0,1,1,1,0,0,0,1,1,1,1,0,1,0,0,1,0,1,2,0,1,2,0,1,1,2,1,1,0,1,1,1,1,1,0,0,2,0,0,1,1,1,2,2,1,1,1,0,2,2,0,2,2,2,1,2,1,0,0,0,2,1,1,0,0,1,0,0,1,2,1,0,1,2,1,1,2,1,1,1,0,1,1,0,1,1,1,0,1,1,0,1,0,1,0,1,0,0,1,0,0,0,2,1,1,2,1,0,0,2,0,1,0,1,0,1,0,1,1,1,1,2,0,2,1,2,1,0,0,1,1,1,2,1,0,1,0,2,1,0,1,1,1
chr4:3831569,rs796,T/C,0,0,0,0,1,1,0,0,0,0,1,1,0,0,1,0,1,0,0,1,0,1,0,0,0,0,0,0,1,1,0,0,0,1,0,0,0,0,0,0,1,2,0,0,0,2,0,0,0,0,1,0,1,1,1,0,1,0,0,0,0,0,0,0,0,0,0,1,0,0,1,2,0,0,1,0,1,0,0,0,0,1,1,0,2,0,1,1,0,1,0,1,0,0,0,1,1,0,1,1,0,1,1,1,0,1,2,1,1,0,0,0,1,0,0,0,2,0,0,0,0,0,2,0,0,0,0,0,0,0,1,0,0,0,0,0,1,0,1,0,0,1,0,1,0,0,0,0,0,1,1,0,0,0,0,0,0,1,1,0,1,0,1,0,1,1,0,1,1,0,1,1,0,0,0,1,1,2,0,0,0,1,0,1,1,1,0,0,0,0,1,0,1,0,0,2,0,0,0,1
chr4:9468865,rs797,C/G,1,0,0,0,0,0,0,0,0,0,0,1,0,1,0,0,1,0,1,0,1,0,0,1,0,0,1,0,0,0,1,0,0,0,0,1,1,1,0,1,0,1,0,0,1,0,0,0,0,1,0,0,1,0,0,0,1,0,0,1,1,1,1,2,0,0,1,1,0,0,0,1,0,1,1,0,2,1,1,2,0,1,1,0,0,1,0,0,1,1,0,1,2,0,0,0,0,0,1,0,0,0,1,0,1,1,1,1,0,0,0,0,1,1,0,1,0,0,0,0,1,0,0,0,0,1,0,1,0,1,2,1,0,0,0,0,1,0,0,0,0,1,0,2,0,0,0,1,0,1,0,2,0,0,0,0,0,1,0,0,0,0,0,1,0,0,0,0,1,1,0,1,0,0,0,0,1,1,0,1,1,1,0,0,0,0,0,0,1,0,0,0,0,0,1,0,1,1,0,1
chr1:4802986,rs798,G/T,0,0,2,0,0,2,1,1,1,1,1,0,0,1,0,0,1,2,0,1,2,1,0,1,0,1,0,0,0,0,1,1,0,0,0,1,2,0,1,1,0,0,0,1,0,1,0,1,2,1,1,0,0,2,0,0,1,1,0,1,0,1,1,0,2,0,2,1,0,0,0,1,1,1,0,0,2,0,0,1,2,1,0,1,2,0,0,1,0,1,0,1,1,1,1,2,0,0,1,1,1,1,0,2,1,1,2,1,1,0,1,0,0,1,1,0,1,1,0,1,1,0,2,1,2,2,2,0,0,0,1,1,0,1,2,1,1,1,2,1,1,0,1,1,0,1,2,1,1,1,0,1,2,1,1,1,1,1,0,1,2,1,0,1,1,2,2,0,1,2,1,0,1,1,1,1,0,1,0,1,2,2,0,1,0,1,0,1,0,0,1,1,2,1,1,0,1,1,2,1
chr1:2960155,rs799,A/G,0,0,1,1,2,0,2,1,0,1,1,0,1,1,1,0,0,0,0,1,2,0,1,2,2,1,0,2,0,0,1,0,1,0,0,1,0,0,1,1,0,2,2,0,0,2,1,2,0,0,2,1,1,1,1,1,0,1,2,1,0,2,2,1,2,1,0,2,1,1,1,0,1,0,0,1,1,1,0,0,0,1,0,1,1,1,0,1,0,1,0,1,0,0,2,1,1,2,1,1,1,1,1,0,1,1,1,0,1,1,1,1,1,1,2,2,1,0,1,1,1,0,0,0,1,1,0,2,0,2,1,2,0,1,1,0,2,1,1,1,0,1,0,1,0,1,0,0,1,0,1,1,1,1,2,1,1,2,1,0,0,1,0,1,0,1,0,1,1,0,2,2,2,0,2,2,1,0,2,0,1,1,1,1,0,0,0,0,2,2,2,1,1,0,0,2,1,1,1,2
chr4:2768967,rs800,A/G,1,1,1,1,2,2,0,2,1,1,0,0,0,1,0,1,1,1,1,1,0,1,2,1,2,0,1,2,0,1,1,1,1,1,1,1,1,2,1,1,1,1,2,2,0,0,1,2,2,1,1,1,1,1,1,1,0,1,1,1,0,2,0,1,1,1,2,2,1,0,0,1,0,2,1,1,0,1,1,2,1,1,1,0,1,0,1,2,1,1,1,0,0,1,0,0,0,1,1,2,0,1,0,2,0,1,0,2,1,0,0,1,0,0,2,1,0,2,1,2,1,2,0,1,1,1,0,1,2,2,0,1,1,1,1,1,2,0,2,0,1,0,1,0,1,1,1,2,1,1,2,2,1,2,1,0,1,1,1,2,0,1,0,0,0,1,1,1,1,0,1,1,1,0,0,0,0,1,1,0,2,1,1,2,2,0,2,0,0,0,1,1,1,1,1,1,2,1,1,0
chr1:8379933,rs801,T/C,1,1,1,1,1,0,2,0,0,0,0,1,0,2,2,0,1,0,1,0,1,1,1,2,0,1,0,1,0,0,0,0,0,1,0,2,1,1,2,2,0,1,1,2,1,1,0,0,1,2,2,1,2,0,0,0,1,1,0,1,0,0,1,0,1,1,0,1,1,2,1,1,2,2,1,2,1,1,1,1,0,0,0,0,1,0,1,1,1,0,0,1,2,0,1,1,1,0,0,0,0,1,2,0,1,1,0,2,0,0,2,0,0,0,0,1,1,1,0,1,2,0,0,0,2,0,1,0,0,1,1,1,1,1,1,0,0,1,1,1,0,0,1,0,1,1,1,1,0,2,0,1,0,1,2,1,0,1,2,2,0,1,1,2,1,1,1,1,0,1,0,0,1,2,1,1,2,1,0,1,1,2,2,0,1,1,1,0,0,1,0,1,0,0,1,1,0,0,2,0
chr2:7035218,rs802,G/A,1,1,0,0,0,0,1,0,0,1,0,1,1,1,1,1,1,2,2,1,1,0,1,1,0,1,0,0,1,0,0,0,0,1,1,2,0,0,1,2,1,0,0,0,1,1,0,1,1,1,1,1,1,1,1,0,0,0,0,2,1,1,0,1,1,1,1,1,1,1,1,1,1,1,0,2,1,1,1,2,1,1,1,0,0,2,0,0,2,0,1,1,2,1,2,0,0,1,0,1,2,1,1,0,1,1,1,0,1,0,0,1,1,1,1,1,0,1,0,0,1,1,0,1,1,0,1,0,1,1,0,0,1,1,0,2,1,1,0,0,0,0,1,1,0,1,1,1,1,1,0,1,0,1,1,0,1,0,2,0,1,2,0,1,1,1,1,0,1,0,1,2,0,1,1,1,2,1,1,0,0,0,1,1,0,2,0,2,1,0,2,1,0,1,0,2,2,0,1,0
chr4:7223754,rs803,T/G,1,0,1,0,0,1,1,0,1,0,0,1,0,0,0,1,0,0,1,1,0,1,1,1,2,0,0,1,0,0,1,1,0,0,1,1,1,0,1,0,1,0,0,2,0,1,0,0,2,0,1,1,1,1,0,0,0,0,1,0,0,0,1,0,1,1,0,1,1,0,0,0,0,0,0,1,0,1,0,1,0,1,1,1,0,2,0,0,0,0,1,0,0,0,0,0,0,0,1,0,0,0,1,0,1,1,0,0,0,1,0,1,0,2,0,1,1,1,0,0,0,0,0,1,0,0,0,1,1,0,0,0,1,0,0,1,0,0,0,0,0,0,1,1,0,1,0,0,0,0,1,0,1,0,1,0,0,0,1,0,0,0,1,1,1,0,0,0,0,1,0,0,0,1,0,0,0,0,0,0,2,0,1,0,0,2,0,0,1,1,1,1,0,1,0,0,0,0,0,1
chr4:1578688,rs804,C/A,1,1,1,0,2,1,2,1,2,1,0,2,0,2,1,1,1,0,2,2,1,1,1,0,1,1,1,1,2,2,1,2,0,2,0,0,2,0,1,2,2,0,1,0,2,1,0,1,2,0,0,2,0,1,1,0,1,1,0,1,0,1,1,1,2,2,0,1,0,2,0,0,0,1,1,2,2,0,1,2,1,1,1,1,2,0,0,1,1,1,2,1,1,0,1,1,2,2,0,1,2,0,1,0,0,2,0,2,1,1,0,1,1,1,1,0,0,1,0,2,0,1,1,1,2,2,1,1,1,1,2,1,0,1,0,2,2,1,0,0,1,2,2,1,2,0,2,1,1,1,2,1,0,1,0,1,0,1,2,1,1,1,1,1,2,1,1,1,1,1,2,2,0,1,1,0,1,0,0,1,0,1,1,2,0,1,1,0,1,2,0,1,2,0,1,1,1,1,1,1
chr3:6755892,rs805,A/C,1,1,0,2,1,0,0,0,0,1,0,0,1,0,2,1,0,1,1,0,0,1,1,0,0,0,0,2,0,0,0,0,0,2,1,0,1,0,0,1,1,0,1,0,2,1,0,1,1,0,0,0,0,0,0,0,0,2,2,1,0,1,1,0,0,1,0,0,0,0,0,1,0,0,1,0,1,0,0,0,0,0,0,1,1,0,0,1,0,1,0,0,1,0,0,0,1,0,0,1,0,0,0,0,1,1,1,0,0,2,0,0,1,0,0,0,1,0,0,0,1,0,0,0,0,0,0,1,1,0,0,0,1,2,1,0,0,0,0,0,0,0,0,0,0,0,0,0,1,0,0,1,0,1,1,0,1,0,1,0,0,0,1,0,0,0,0,0,1,1,0,1,0,0,0,1,0,1,1,0,0,0,0,0,0,0,0,0,0,0,0,1,0,0,0,0,0,0,1,2
chr1:9127747,rs806,G/T,0,0,0,0,0,1,0,0,1,0,0,0,1,0,0,0,0,0,0,0,0,1,0,0,0,0,0,0,1,0,0,1,0,0,0,0,0,1,0,0,0,1,0,0,0,0,1,0,0,1,0,0,0,0,0,0,0,0,0,0,1,0,1,0,0,1,0,0,0,0,0,1,0,0,0,0,0,0,0,0,1,2,0,0,0,2,0,0,1,0,1,0,0,1,0,1,1,0,0,0,0,0,0,2,0,1,0,0,0,0,0,0,1,0,0,0,1,0,0,1,0,0,1,0,0,0,0,0,1,1,0,1,0,1,0,1,0,1,0,0,1,0,1,0,0,1,0,1,0,0,0,0,0,0,0,1,0,1,0,0,0,1,0,0,0,0,0,0,0,0,0,1,0,0,0,0,0,0,0,1,0,0,0,0,0,0,1,0,1,0,0,0,0,0,0,0,0,0,0,0
chr2:8337694,rs807,C/G,1,0,0,0,0,1,1,0,0,1,2,0,0,1,0,0,0,0,1,1,0,2,0,2,0,0,0,1,0,2,1,1,0,1,1,1,0,0,1,0,0,0,1,0,0,0,0,0,0,0,0,0,0,0,1,0,0,1,1,1,0,0,0,0,1,1,0,1,1,1,1,0,0,1,1,1,1,0,0,1,0,1,1,2,0,2,0,0,0,1,2,0,0,0,0,1,0,1,0,1,0,0,1,1,0,0,1,0,0,0,0,1,0,0,0,1,0,1,0,1,0,0,2,1,1,0,0,1,0,0,0,0,0,0,0,1,1,0,1,0,1,0,0,0,0,0,1,2,0,0,0,0,0,0,0,0,0,1,0,0,0,1,0,1,0,0,1,2,1,0,1,0,0,2,1,0,0,1,0,1,0,0,2,2,0,0,0,0,1,1,0,0,1,0,0,0,0,0,0,0
chr4:4817242,rs808,A/T,0,2,0,0,1,0,0,0,0,1,0,1,1,1,0,1,1,0,1,1,1,1,1,2,1,1,0,1,2,0,1,0,1,0,1,0,2,1,1,0,0,0,0,0,0,1,0,0,1,0,2,1,1,1,0,1,1,2,2,1,0,1,0,1,1,1,2,1,1,1,0,2,0,2,1,1,1,1,1,0,0,0,2,2,0,2,0,0,0,0,2,0,2,1,0,1,1,1,1,1,1,1,0,0,1,1,1,0,2,0,0,1,0,1,1,1,0,1,0,1,1,1,0,0,1,1,0,1,1,1,0,1,0,1,1,1,0,0,1,0,0,0,1,2,1,2,0,1,1,2,2,1,0,1,0,0,1,1,0,2,0,0,1,0,1,0,0,0,1,1,2,0,1,1,0,0,0,0,2,0,1,2,0,0,2,1,1,0,1,1,2,0,1,2,2,1,1,2,1,1
chr3:1239968,rs809,G/A,1,0,1,0,0,1,0,0,1,0,1,0,1,1,0,0,2,2,0,2,2,0,1,1,1,1,1,0,1,1,1,1,1,1,2,1,1,1,1,1,0,0,0,1,2,0,1,0,1,1,1,2,1,2,1,1,1,1,1,1,1,2,1,1,0,1,0,1,1,1,0,1,0,0,2,2,2,0,0,1,2,0,1,1,1,1,2,1,1,0,0,1,1,1,1,1,2,1,1,1,1,2,1,1,0,1,2,0,1,2,0,2,1,1,2,1,1,2,1,2,0,0,1,1,0,0,1,1,2,0,0,1,0,1,0,2,1,1,1,0,0,2,2,0,0,1,2,2,1,1,2,1,0,1,2,2,2,1,2,0,1,2,0,0,2,1,0,0,0,2,1,1,1,1,2,0,2,0,0,2,1,2,1,1,1,0,1,0,2,2,2,0,0,1,1,2,1,1,1,1
chr4:6504381,rs810,T/A,2,2,2,1,1,0,2,1,1,1,0,0,1,1,1,1,0,1,1,0,0,2,1,2,0,0,0,1,1,1,0,0,0,0,1,0,0,2,1,1,0,0,1,0,0,0,1,0,2,2,1,2,0,0,0,1,0,0,2,0,1,2,0,1,1,0,1,2,2,1,1,0,1,1,1,2,2,0,1,1,0,0,0,1,1,1,0,0,1,1,2,1,1,0,1,1,1,0,1,2,0,0,0,0,1,0,1,1,0,0,1,0,2,1,1,0,0,1,0,0,0,0,0,2,2,1,1,0,0,0,1,1,1,1,1,1,1,2,0,1,2,1,1,1,0,0,2,2,0,0,1,0,1,0,0,1,0,1,1,1,1,1,2,0,0,1,1,2,2,0,1,1,1,1,2,0,1,1,1,0,1,1,0,1,1,0,2,1,0,0,0,1,1,0,0,2,1,0,2,0
chr3:4878363,rs811,A/T,1,1,0,0,0,0,1,0,1,0,0,0,1,0,1,0,1,0,0,0,1,0,1,0,0,2,1,0,0,0,0,2,0,1,0,0,0,0,0,1,0,1,0,0,1,1,0,1,0,0,1,0,1,1,0,1,0,1,2,2,0,0,0,0,0,1,1,1,0,0,0,0,1,1,0,1,0,1,0,1,0,0,0,2,2,0,0,0,0,0,1,0,0,1,1,0,0,1,0,0,0,1,0,0,0,0,0,0,0,0,0,0,1,0,1,1,1,1,2,0,0,1,0,0,1,1,1,1,1,0,1,0,0,0,1,1,1,0,1,1,1,0,0,0,1,2,1,1,1,1,1,1,0,1,0,0,0,0,0,1,1,0,1,0,0,0,0,0,0,1,1,0,0,0,0,0,0,1,0,1,0,0,2,0,0,0,0,1,2,1,1,0,2,0,1,1,0,0,0,1
chr4:2027557,rs812,T/C,2,1,1,0,1,1,1,0,0,1,1,1,1,1,1,2,0,0,2,0,1,2,1,1,1,1,0,2,1,0,0,0,1,1,2,2,1,0,1,1,0,1,1,2,1,1,0,2,2,1,0,0,1,1,0,1,0,0,1,1,1,1,1,0,1,1,1,2,2,2,2,1,1,1,0,0,0,0,0,2,0,1,1,1,0,1,1,0,2,0,1,1,1,0,0,0,0,1,1,1,1,1,1,2,1,2,0,1,1,1,0,1,1,1,0,0,2,0,0,1,1,2,2,1,0,0,1,0,2,0,1,1,2,1,1,0,0,1,0,1,0,2,1,0,0,0,0,1,1,1,0,1,1,0,1,0,0,1,0,0,2,2,2,1,1,1,1,0,1,0,0,1,1,0,2,2,0,0,0,0,1,1,1,0,1,0,1,0,1,1,0,1,0,1,2,0,1,0,1,0
chr3:8601723,rs813,G/A,0,1,1,0,1,0,0,0,0,0,0,0,0,1,0,0,2,0,0,0,1,0,0,1,0,1,0,1,1,0,0,2,1,0,1,0,1,0,1,0,0,0,1,0,2,0,0,0,0,2,0,0,1,0,0,0,1,0,0,0,1,0,0,0,0,0,0,0,0,0,0,1,2,0,0,0,0,0,0,0,1,0,0,0,0,1,1,1,0,0,0,2,0,1,0,0,0,1,1,1,0,0,1,1,1,1,0,1,1,0,0,0,0,0,0,0,0,1,1,1,0,1,1,1,0,0,1,0,2,0,1,0,0,1,1,0,1,0,0,1,1,0,0,0,0,2,1,1,1,0,0,1,1,0,2,0,0,0,0,0,0,0,0,1,1,0,1,1,0,0,0,0,1,0,0,1,1,0,1,1,0,0,1,0,0,1,2,1,0,0,1,0,0,0,1,0,0,0,0,0
chr3:6688238,rs814,G/A,0,1,2,1,1,1,0,1,2,1,2,1,2,2,1,2,2,0,1,2,1,1,2,1,1,1,1,2,1,1,2,0,0,2,2,2,0,1,0,0,1,1,1,1,2,1,0,0,0,1,1,1,1,1,1,1,2,2,2,2,1,2,1,0,1,1,1,1,2,0,2,2,0,1,1,1,0,1,1,0,1,2,2,0,1,0,0,1,2,0,1,2,1,0,1,1,1,0,1,2,0,0,1,1,0,0,1,2,1,0,0,0,1,1,1,0,1,1,1,1,1,0,2,1,1,1,0,0,2,1,1,2,2,0,2,1,1,0,1,1,1,2,1,1,1,1,1,1,1,1,1,0,1,2,0,1,1,2,2,1,0,1,1,1,1,2,1,1,1,2,1,0,0,1,1,1,0,2,1,1,1,1,0,1,0,2,1,1,1,0,1,2,2,0,1,1,1,1,2,1
chr1:2785559,rs815,T/C,2,2,2,0,1,1,0,2,1,0,0,1,1,1,0,0,0,0,0,1,0,0,0,1,1,2,1,1,1,2,0,1,0,1,0,0,2,2,1,0,0,1,0,0,2,1,0,2,0,2,2,0,1,0,0,1,1,0,0,2,1,1,1,0,1,0,2,0,1,0,1,0,0,2,2,1,1,1,2,0,2,2,1,0,1,1,0,2,1,0,0,1,2,0,0,0,0,1,0,1,2,0,1,1,1,1,1,0,0,0,1,2,1,0,0,0,2,1,0,0,2,1,0,0,0,0,1,0,1,0,1,1,0,0,2,0,0,0,0,0,1,0,1,0,0,0,0,1,1,1,1,1,2,1,1,0,1,1,0,2,2,1,1,1,2,1,1,0,1,0,2,1,1,1,2,1,2,2,1,2,1,0,0,0,1,0,1,1,1,2,1,1,0,1,0,1,0,0,1,1
chr3:4932747,rs816,G/T,0,0,0,0,0,0,0,0,0,0,1,0,0,0,0,0,0,0,0,1,0,1,0,0,0,1,0,0,0,0,0,0,0,0,0,1,0,1,0,0,0,0,0,0,0,0,0,0,0,0,0,0,0,0,1,0,0,0,0,0,1,0,0,0,0,0,0,0,0,0,0,1,0,0,2,0,0,1,0,0,1,1,0,0,0,1,0,0,0,0,0,1,0,0,0,0,0,0,1,0,1,0,0,0,0,1,0,0,0,0,0,0,0,0,0,0,0,1,0,0,0,0,0,0,0,1,0,0,0,0,1,0,0,2,0,0,1,0,1,0,1,1,0,1,1,1,0,0,0,0,0,0,0,0,1,0,0,2,1,0,1,1,0,1,0,0,0,0,1,0,0,0,0,0,0,0,0,0,0,0,0,1,0,0,0,1,0,0,1,0,0,0,2,0,0,0,0,0,0,0
chr2:5623636,rs817,G/T,1,0,0,2,1,0,0,0,1,1,1,0,1,0,1,1,0,1,0,1,1,1,0,1,0,0,1,1,0,0,1,1,2,0,2,1,0,0,1,0,2,2,0,1,1,0,0,1,1,0,2,1,1,2,2,0,1,1,1,2,1,1,1,1,1,0,0,0,0,1,0,1,2,1,1,0,2,1,1,1,2,1,0,1,0,0,2,1,1,1,1,2,0,1,1,0,0,0,1,0,0,0,0,0,0,0,0,0,1,2,0,1,0,0,0,1,0,1,0,2,1,1,2,0,0,2,0,1,1,0,1,1,1,0,1,2,0,0,2,1,1,0,1,1,1,0,1,0,1,0,0,1,2,1,1,1,0,1,2,0,2,0,0,1,1,2,1,0,0,0,0,1,0,1,2,0,2,2,0,1,1,1,0,1,1,0,1,1,1,0,2,0,1,0,0,1,1,2,1,0
chr2:2406368,rs818,A/G,0,1,2,2,1,0,1,1,1,2,0,0,1,0,1,0,0,0,0,0,1,1,2,0,0,1,1,1,0,1,2,1,1,1,2,0,0,2,2,0,0,2,2,1,1,0,0,1,2,1,0,0,1,1,2,1,1,0,1,1,1,1,2,0,1,1,2,1,1,1,0,2,1,0,1,2,0,2,1,1,0,1,1,1,2,2,1,0,0,2,2,0,0,2,1,2,1,0,0,1,1,1,1,1,1,2,1,2,1,2,1,0,1,1,0,1,1,2,2,1,0,1,0,1,1,0,2,0,1,2,1,0,1,2,2,2,0,2,1,1,1,1,1,1,2,0,2,1,0,1,0,2,1,1,1,1,1,2,1,2,1,1,1,0,1,1,0,1,1,1,0,1,0,2,0,2,0,1,1,1,1,1,1,1,1,1,0,2,1,2,1,2,0,2,1,1,2,1,1,0
chr4:2224744,rs819,C/G,1,2,0,0,1,1,2,2,1,1,1,2,2,1,1,0,1,1,1,1,1,2,0,1,1,2,0,1,2,1,1,1,1,1,1,1,1,1,0,1,1,1,2,0,0,0,1,0,2,0,1,1,1,2,2,0,1,1,1,2,1,1,1,0,1,0,2,1,1,1,1,2,1,2,0,1,1,1,1,0,2,1,0,1,2,2,2,0,2,1,2,1,0,0,1,1,1,1,2,1,1,1,1,1,2,1,2,2,0,1,1,0,1,1,1,1,1,2,0,2,2,2,0,2,1,0,2,1,1,0,1,1,1,1,1,1,2,1,1,1,1,1,1,1,1,1,1,0,0,0,2,1,1,0,1,1,0,1,0,1,2,2,2,1,0,1,0,0,1,1,0,0,1,2,2,2,2,2,1,1,1,1,1,2,2,1,2,1,1,0,1,1,1,1,2,1,2,1,2,2
chr2:3131018,rs820,A/G,1,1,2,1,1,2,2,0,1,1,1,1,1,0,0,0,0,1,1,2,0,0,0,0,0,1,1,0,2,1,0,2,1,0,0,0,1,1,2,0,0,1,1,1,1,1,2,2,1,0,1,1,1,1,0,0,1,0,1,0,2,2,1,0,1,0,1,0,0,0,0,1,1,0,0,1,0,1,1,0,1,0,1,1,1,1,0,1,2,0,1,1,1,0,1,1,0,1,2,1,1,1,0,2,0,0,0,2,1,1,2,0,1,1,1,0,1,1,2,0,1,0,0,1,0,1,1,1,1,0,2,1,0,1,1,1,1,1,1,0,0,1,1,2,0,0,1,2,1,2,1,1,2,1,1,1,1,0,1,1,0,0,0,1,1,1,1,1,2,0,1,1,1,0,2,0,0,1,0,0,1,2,0,2,2,0,0,1,0,0,1,0,0,1,2,1,1,1,0,0
chr4:4489429,rs821,A/T,0,0,1,0,1,0,1,1,1,1,0,1,0,0,0,0,0,0,0,1,2,1,0,2,0,1,0,1,1,1,0,0,0,0,1,1,0,0,1,1,1,0,0,1,1,0,0,0,0,0,1,2,0,0,1,1,0,0,1,2,1,1,1,1,0,1,0,0,0,1,0,0,0,1,2,0,0,1,0,1,0,0,2,1,0,1,0,1,1,0,1,0,0,0,1,1,0,0,0,1,0,0,1,0,1,0,0,0,0,0,1,0,0,0,0,1,1,0,0,0,1,0,0,0,1,0,2,0,1,0,1,1,1,0,1,0,1,1,0,1,1,1,1,1,0,0,0,0,2,0,0,0,0,1,1,0,0,0,0,0,1,0,1,0,0,0,1,1,0,1,1,0,0,1,2,1,0,0,1,1,0,0,0,1,0,1,0,2,1,0,0,1,1,1,1,0,0,0,0,1
chr4:1294746,rs822,C/A,0,0,1,1,0,0,1,0,0,0,0,0,0,0,1,1,0,0,0,0,2,1,0,1,1,1,1,1,1,1,0,0,1,0,0,0,1,0,1,1,0,1,0,0,0,1,0,0,0,1,0,0,0,1,0,0,1,1,0,2,0,0,0,0,2,0,1,0,0,0,0,0,0,1,1,0,0,0,0,1,0,1,1,0,1,1,2,0,0,1,0,0,0,1,1,0,0,1,1,1,0,1,0,1,0,1,0,1,1,1,0,0,1,0,0,0,1,0,0,0,0,0,0,0,1,1,0,0,1,1,0,0,1,1,0,0,1,1,0,0,1,0,0,0,0,0,1,1,1,0,0,1,0,0,1,0,0,0,1,0,1,0,0,0,0,1,0,1,0,2,0,0,1,0,1,0,1,1,1,1,0,0,1,0,0,0,0,0,2,1,1,1,1,2,0,1,0,0,1,0
chr4:5352892,rs823,G/T,1,0,0,0,0,1,0,0,0,1,0,2,0,1,0,0,0,0,1,0,1,1,1,2,1,2,0,0,0,1,1,0,2,2,0,0,0,2,1,0,0,0,0,1,0,0,1,1,1,1,2,0,0,2,2,0,0,1,1,0,0,0,1,0,1,1,0,0,0,0,1,0,0,2,1,0,0,1,0,0,0,0,0,1,0,0,2,1,1,1,1,1,2,0,0,0,0,0,0,2,1,1,1,0,0,0,0,0,0,1,1,1,0,0,0,0,0,0,1,0,0,1,0,0,1,0,1,0,0,1,1,1,0,0,0,2,1,0,0,0,0,0,1,0,2,1,0,0,0,1,1,0,1,0,1,0,0,0,1,0,0,1,0,1,1,2,0,2,0,1,1,0,0,0,0,0,1,1,1,1,0,1,1,2,0,0,0,1,0,0,0,0,1,0,1,0,1,1,0,0
chr2:9512558,rs824,C/T,1,0,1,0,1,1,1,0,0,1,1,0,2,0,0,0,1,0,0,1,1,0,0,0,1,1,1,0,0,1,0,1,1,0,0,1,1,0,0,1,1,1,2,1,0,0,0,1,1,2,0,0,1,1,1,1,1,1,0,0,1,0,0,0,1,0,1,1,2,1,0,1,0,1,1,0,1,0,1,0,0,1,0,2,0,0,0,0,0,0,0,2,0,0,1,0,1,1,0,1,0,0,0,0,1,1,0,0,0,0,1,0,0,0,0,1,0,0,1,0,1,1,1,0,1,1,0,0,1,0,0,1,0,0,1,0,0,1,0,0,0,0,1,0,0,1,1,1,0,0,1,0,1,0,0,0,0,1,1,0,0,0,0,0,1,0,1,0,0,0,1,1,0,1,0,1,2,2,1,0,2,0,0,1,0,1,2,0,0,2,0,1,0,0,0,1,0,0,1,2
chr1:3650235,rs825,A/G,0,0,0,0,0,1,1,0,0,0,0,1,0,0,1,0,1,0,0,0,0,0,0,1,1,0,0,0,0,0,0,1,1,1,0,0,0,0,1,0,0,0,1,1,1,0,1,1,1,0,0,0,0,1,0,0,0,0,0,1,1,0,1,0,1,2,0,1,0,0,0,1,1,0,1,1,1,0,1,0,0,1,0,2,0,0,1,0,0,0,0,0,1,0,0,2,1,1,1,1,1,1,1,0,1,0,0,0,2,1,0,0,0,0,1,0,0,0,0,1,1,1,0,0,1,1,0,0,0,1,0,1,0,0,0,1,0,1,0,0,0,0,1,0,0,0,0,1,1,0,0,2,0,0,0,0,0,0,1,1,0,0,1,1,2,1,1,0,1,1,0,0,0,0,0,1,0,1,0,1,1,1,0,0,0,1,0,0,1,1,1,1,1,0,0,0,2,1,2,0
chr3:3303554,rs826,G/T,1,2,1,1,1,2,0,1,0,1,1,1,2,0,1,0,0,1,1,1,2,2,1,2,1,2,2,1,0,0,1,1,0,1,1,1,1,0,2,1,2,1,1,2,1,1,0,2,1,2,0,1,1,1,0,2,1,0,0,1,2,0,1,1,0,1,1,0,0,1,1,1,1,2,1,0,2,0,0,2,0,0,1,1,0,0,1,1,1,2,1,2,2,1,1,1,1,0,1,2,0,1,2,1,1,0,1,1,0,1,2,2,1,0,1,1,1,2,1,1,1,0,1,1,1,1,0,1,1,1,1,1,1,1,1,1,0,1,1,0,1,0,2,1,0,0,0,1,0,1,1,1,1,1,2,2,2,0,1,1,1,2,2,2,0,0,1,2,1,2,2,1,1,0,1,1,0,1,1,0,0,0,0,1,2,1,1,1,0,2,1,0,1,1,1,1,0,2,2,1
chr1:3946862,rs827,T/G,0,0,0,0,0,0,0,0,0,0,1,2,0,0,0,1,0,2,1,0,0,0,1,0,0,0,1,0,0,1,1,0,0,0,1,0,0,0,0,0,0,0,0,0,1,0,1,0,0,0,0,0,1,0,0,0,0,1,0,0,0,0,1,0,0,0,0,0,0,0,0,0,0,0,0,1,0,0,0,0,2,0,1,1,0,0,0,0,1,1,0,0,0,1,0,1,0,1,0,0,0,0,0,0,0,0,0,0,0,0,0,0,0,0,0,0,0,0,0,1,1,1,0,0,0,0,0,0,0,1,2,1,0,0,1,0,0,1,0,1,0,2,0,0,1,1,2,0,1,0,2,1,0,0,1,1,0,1,0,0,1,0,0,0,0,0,1,0,0,0,1,0,0,1,0,1,1,0,0,0,1,1,1,0,1,0,0,1,1,0,0,0,0,0,1,0,0,0,0,1
chr3:9329442,rs828,A/T,0,1,1,2,1,0,0,0,1,0,0,1,0,1,0,0,1,1,0,1,0,0,0,0,1,0,1,0,0,0,0,0,2,2,1,0,0,1,0,0,0,0,0,0,1,0,0,0,0,0,0,1,1,0,0,0,0,0,1,0,1,1,0,0,0,0,1,1,1,1,0,0,2,0,2,0,0,0,0,0,0,1,0,1,0,1,1,0,0,0,0,1,0,0,0,1,0,0,0,1,1,0,2,0,0,0,2,0,1,0,0,0,0,0,0,0,1,0,0,1,0,0,1,2,1,1,2,1,0,2,1,0,0,0,0,1,1,1,0,1,1,0,1,0,0,0,0,0,0,0,1,0,0,1,0,1,1,0,1,1,0,0,0,0,1,1,1,2,0,0,0,0,1,0,0,1,1,0,1,0,0,0,0,2,1,0,0,1,1,0,0,1,0,0,1,0,0,0,1,2
chr1:4517741,rs829,G/T,1,1,2,1,1,2,1,1,0,1,1,0,2,1,1,2,0,1,1,0,1,2,2,2,0,0,1,0,0,1,2,2,1,1,1,2,2,1,1,0,1,1,0,0,1,1,2,0,1,1,1,0,1,0,1,1,0,1,0,2,2,1,0,1,2,1,0,1,1,1,1,0,1,1,0,1,0,2,2,0,2,1,1,0,2,1,1,0,2,0,0,2,0,2,0,1,1,1,1,1,1,0,1,1,0,2,2,2,1,1,0,1,1,0,1,0,1,1,2,2,0,2,2,0,0,2,2,1,1,1,1,1,2,1,0,1,1,1,1,1,1,1,0,0,2,2,2,2,0,1,2,0,2,2,2,1,1,2,1,2,1,1,1,0,0,0,1,1,1,0,1,1,0,0,0,1,2,0,0,1,1,2,0,1,2,1,0,0,1,1,2,2,2,1,1,0,2,2,1,2
chr4:1475595,rs830,A/G,1,1,2,1,1,1,1,0,2,1,2,2,2,1,1,1,0,1,0,1,1,1,2,0,1,1,1,1,2,1,1,1,1,1,1,1,1,2,2,2,2,1,1,0,1,0,1,2,1,1,1,2,0,0,0,2,0,0,1,0,1,0,2,0,0,2,1,1,1,0,2,1,1,0,1,1,1,2,1,1,0,1,2,0,1,1,2,2,1,0,1,0,0,1,1,0,2,1,1,0,1,1,0,2,2,1,2,0,0,2,0,1,1,2,0,2,0,2,1,0,1,2,1,0,1,0,1,0,1,2,0,0,1,0,2,2,2,0,1,1,1,1,1,1,0,1,2,0,0,0,0,0,2,0,0,1,1,2,2,0,0,0,2,1,1,1,0,0,0,1,0,1,1,2,2,0,1,1,0,1,1,2,1,0,2,1,1,0,1,0,2,1,0,1,2,0,1,0,1,1
chr1:3148091,rs831,A/G,2,1,1,0,0,1,0,0,0,2,2,1,1,0,0,0,0,0,0,2,1,1,0,1,1,1,0,0,2,1,2,2,1,0,1,1,0,1,1,0,1,0,1,0,1,0,0,1,0,1,1,1,0,1,0,1,1,0,2,1,0,0,0,1,1,0,1,1,1,0,0,2,0,0,0,1,1,0,0,1,1,1,1,0,0,0,0,0,1,1,2,1,0,1,1,0,0,0,0,0,2,0,0,1,1,0,1,1,1,0,0,1,0,1,0,2,1,1,0,1,1,0,1,2,2,2,0,1,0,1,0,1,1,0,1,2,2,1,0,1,1,1,2,1,0,0,0,0,0,2,1,1,1,2,0,2,0,1,1,0,0,0,1,0,0,1,1,1,0,1,0,0,2,1,0,0,1,0,1,0,0,0,0,1,2,1,1,2,1,0,2,1,2,0,2,2,0,0,0,0
chr2:5058848,rs832,T/G,1,0,0,0,0,1,1,0,0,0,0,0,0,0,2,1,1,0,0,0,0,0,1,0,1,1,0,1,1,0,0,1,1,0,0,0,0,1,0,0,0,0,0,0,1,1,0,1,0,0,0,0,0,1,0,0,0,1,0,1,0,0,0,0,0,1,0,0,0,0,2,1,1,1,1,0,0,0,0,1,1,1,0,0,1,0,0,0,0,0,0,1,1,1,0,0,0,0,0,0,0,1,0,0,0,0,1,0,0,0,0,0,0,1,1,1,0,2,2,1,1,1,1,0,1,1,0,0,2,1,0,0,0,0,1,0,1,0,0,0,1,1,1,1,0,0,0,0,1,0,1,0,1,0,0,2,1,0,0,1,0,0,1,0,1,0,0,1,0,0,0,1,1,0,2,0,1,1,1,1,0,0,0,0,1,0,1,0,0,0,0,0,0,0,0,0,0,1,1,0
chr3:8932310,rs833,C/G,1,1,1,0,0,1,1,0,0,0,0,1,1,2,1,2,0,0,0,0,0,1,0,1,0,1,0,1,2,0,0,1,0,0,1,1,1,1,2,1,2,0,0,0,1,0,1,1,0,1,0,1,0,0,1,2,2,0,0,1,0,1,1,1,1,1,1,1,1,0,0,0,0,1,2,0,1,1,0,0,0,1,1,1,0,0,1,1,0,0,2,0,1,1,2,0,2,0,2,0,0,0,1,1,0,1,1,2,0,2,1,1,1,1,1,2,0,1,0,1,2,1,0,1,0,0,0,1,0,0,0,2,0,0,0,1,1,1,0,1,0,1,1,1,0,1,2,0,2,1,0,0,2,1,1,1,1,1,1,1,0,0,1,0,1,0,0,0,1,2,0,1,1,1,1,1,1,1,0,0,1,0,1,0,1,0,0,1,2,0,0,0,1,0,0,1,0,1,2,1
chr2:8486327,rs834,T/C,0,0,1,0,0,1,0,1,1,1,0,0,0,1,1,0,0,1,0,0,1,1,0,0,0,2,0,1,0,0,0,0,0,0,1,1,1,1,0,0,1,1,0,0,0,0,1,0,1,0,0,0,0,1,2,1,0,1,0,0,0,0,0,0,1,1,1,0,1,0,0,1,0,0,0,1,1,1,0,2,0,2,1,0,0,1,1,1,1,0,0,1,0,1,0,0,0,0,0,0,1,0,1,0,0,0,1,1,0,0,0,0,1,0,1,0,1,1,1,0,0,0,1,0,2,0,1,0,1,2,2,0,0,0,0,0,0,1,0,1,0,0,0,1,1,1,1,2,0,0,1,0,0,0,1,1,0,1,0,0,1,0,0,0,1,1,1,1,0,0,0,1,0,1,0,1,0,1,0,0,0,0,0,0,0,0,1,1,0,0,1,0,0,0,0,0,0,0,1,0
chr2:6507683,rs835,A/C,1,0,1,1,1,0,0,1,1,1,0,1,1,1,0,1,2,1,0,1,0,2,1,1,0,0,1,0,0,2,0,1,2,0,1,0,2,1,0,1,1,1,1,2,0,1,0,1,2,0,1,0,2,0,1,1,0,1,1,0,0,0,0,1,1,0,0,1,0,0,1,1,1,1,1,2,1,0,0,0,0,0,1,0,1,2,1,1,0,0,0,1,0,1,1,1,0,0,0,0,1,0,0,0,1,0,0,0,1,0,0,0,0,1,1,2,0,0,0,0,1,0,0,2,1,0,0,1,1,1,0,2,0,0,0,0,1,0,2,1,0,0,1,0,1,1,1,1,0,1,1,1,0,0,0,0,0,2,0,2,1,0,0,2,0,0,1,1,0,1,0,0,1,0,1,1,0,0,1,0,0,1,1,0,2,0,0,1,1,0,0,1,0,0,0,0,0,0,0,0
chr3:2021469,rs836,C/T,1,0,0,0,0,0,0,0,0,1,0,1,0,1,0,1,1,0,1,0,0,0,1,0,0,0,1,0,0,0,0,0,2,0,1,1,1,0,0,0,0,0,0,0,0,0,0,1,0,1,1,0,0,0,0,1,0,1,1,0,0,0,0,0,0,0,0,0,0,1,1,0,1,0,0,0,0,1,0,1,0,0,0,0,0,0,0,0,0,2,0,0,0,0,0,0,0,0,1,1,0,1,0,0,0,0,0,0,0,1,0,0,0,0,0,0,0,0,0,0,0,0,1,0,0,0,1,1,0,0,0,0,1,0,0,0,0,1,0,0,0,0,0,0,0,0,1,0,0,0,0,0,0,0,0,0,0,0,0,0,1,0,0,0,0,0,0,1,0,0,0,0,0,0,1,0,0,0,0,0,0,1,0,1,0,0,0,0,0,0,1,1,0,0,0,0,1,1,0,1
chr3:3892371,rs837,A/T,2,0,1,1,2,1,1,1,2,1,2,2,1,0,1,0,0,2,1,1,1,0,0,0,1,0,0,1,1,1,0,1,1,2,2,0,1,1,0,1,0,0,0,2,1,0,1,2,0,0,1,0,1,0,1,2,1,2,1,0,0,0,1,1,1,1,2,0,1,1,1,0,2,1,0,1,2,1,2,1,2,1,1,0,0,0,2,2,0,1,1,0,2,1,0,1,1,0,1,1,0,0,1,0,0,1,0,2,0,1,1,1,0,0,0,0,1,1,1,0,0,0,1,1,1,2,0,1,1,1,1,1,1,1,2,2,1,2,2,0,1,0,1,0,0,2,0,1,0,1,1,1,1,1,0,1,1,1,2,2,1,0,0,2,1,1,0,0,1,1,1,1,0,0,2,0,1,0,2,1,0,2,0,1,1,1,2,0,0,1,1,0,1,0,2,1,0,0,1,1
chr4:7970199,rs838,T/C,1,0,0,0,1,0,1,1,0,0,1,0,1,0,1,0,0,0,1,0,2,1,1,0,0,0,1,1,1,0,0,1,0,1,0,1,0,1,0,1,0,1,0,1,1,0,0,1,0,1,1,0,0,0,0,0,0,1,1,0,0,0,1,0,0,0,1,0,0,1,1,1,0,1,1,1,0,1,0,0,0,1,0,1,0,1,0,0,0,0,0,0,0,0,1,1,0,1,1,0,0,0,0,1,0,1,0,0,0,0,0,2,0,0,1,1,1,1,1,2,1,0,1,1,1,0,0,0,1,0,0,0,1,0,1,0,0,0,0,0,2,0,0,0,1,1,1,0,1,1,1,1,0,0,0,1,0,2,2,0,1,1,0,1,0,0,0,1,0,1,1,0,1,1,0,0,0,1,2,1,0,2,0,2,0,0,1,1,0,1,0,0,1,0,0,0,0,0,1,0
chr2:3822136,rs839,C/T,1,0,2,1,1,1,1,1,1,0,0,0,0,1,0,0,1,0,1,1,1,0,0,0,1,2,1,0,0,1,0,0,1,0,1,0,0,0,0,2,0,1,2,2,0,1,0,0,1,2,0,0,0,0,0,0,0,0,0,0,1,1,1,1,0,0,0,2,1,0,0,2,0,0,0,1,0,0,2,0,1,0,0,1,1,1,1,0,1,1,0,1,2,0,1,1,0,0,0,2,1,1,1,1,0,0,0,0,0,1,0,1,0,1,1,1,2,2,2,0,0,0,0,0,1,1,0,1,0,1,1,0,0,0,2,0,0,1,1,0,1,1,1,1,1,1,1,0,0,0,1,2,1,1,0,0,1,0,1,1,0,1,1,0,0,0,0,1,0,0,1,1,1,1,1,1,2,0,1,0,1,1,2,0,1,0,2,1,1,0,0,1,2,0,0,1,0,1,1,0
chr3:8818114,rs840,T/G,0,0,0,1,0,1,0,0,1,1,2,0,0,1,0,0,0,1,1,1,0,0,0,1,1,0,0,0,0,1,1,1,1,2,1,0,1,1,1,1,0,2,1,1,1,0,0,0,1,2,1,0,1,2,1,2,1,1,0,0,1,0,0,1,1,1,0,1,0,0,0,0,1,0,1,1,1,1,1,0,0,2,0,0,1,1,0,0,1,2,0,0,1,1,1,1,1,1,0,2,1,0,0,0,1,1,0,1,1,0,1,1,0,1,1,2,1,2,1,1,1,1,1,0,1,0,0,0,0,0,0,2,0,1,2,1,2,1,0,1,0,1,0,0,2,1,1,0,0,0,0,1,2,2,1,0,1,1,1,2,1,1,1,0,0,2,0,2,0,0,1,1,1,0,1,1,0,0,1,1,0,1,1,2,1,1,0,0,2,1,0,1,1,1,1,2,0,1,0,1
chr1:6712044,rs841,C/T,1,1,1,1,2,1,1,2,2,0,1,0,0,0,1,1,1,0,0,2,0,0,2,2,2,2,2,0,1,1,2,1,1,2,2,0,1,1,1,0,1,1,1,1,0,1,1,2,2,0,1,1,1,2,1,1,2,1,1,1,1,2,2,1,2,1,0,1,1,2,0,1,0,0,2,1,0,1,1,0,1,2,2,1,1,1,2,2,1,0,2,1,0,0,1,1,1,0,1,0,0,1,1,1,0,0,1,1,1,1,1,1,1,0,0,1,1,1,0,2,1,2,1,2,1,0,1,0,0,0,0,1,1,0,2,0,1,0,0,1,0,0,1,1,0,0,0,0,2,0,1,0,0,1,1,1,2,0,1,0,2,2,0,1,1,1,1,1,1,1,2,0,1,0,0,1,1,0,1,1,1,1,1,1,0,1,1,1,0,0,2,1,1,1,1,1,1,1,0,1
chr3:3538568,rs842,C/G,0,0,1,0,2,0,1,0,1,1,0,0,0,1,1,0,0,1,1,0,1,1,1,0,0,1,0,1,0,1,1,0,0,0,0,2,0,0,1,0,0,1,1,0,0,0,1,0,0,1,0,0,1,1,0,1,0,1,1,0,0,1,1,0,1,1,1,2,1,2,0,0,0,0,0,0,0,1,1,1,0,1,0,1,1,0,0,0,0,1,0,2,1,0,1,0,1,1,1,0,0,1,1,1,0,0,0,0,0,0,1,0,2,0,1,0,0,0,1,1,0,0,1,0,1,0,0,2,1,0,0,1,2,0,1,1,0,1,1,0,1,0,1,1,0,0,1,1,0,0,0,0,0,1,1,0,0,0,1,1,0,0,1,0,0,1,1,0,0,1,1,1,1,0,0,0,1,2,0,0,1,1,1,1,0,1,1,0,0,1,0,1,0,0,1,0,1,0,1,0
chr1:2164795,rs843,C/G,0,0,0,2,0,1,1,1,2,2,1,1,0,1,2,2,1,0,0,1,1,0,1,1,0,2,1,2,1,1,1,0,1,0,1,0,0,2,1,1,2,1,1,0,1,0,0,1,2,2,1,1,1,1,1,1,2,0,1,1,1,2,1,2,0,2,2,0,1,0,1,0,2,2,1,1,0,1,1,0,1,0,1,1,1,2,2,1,0,2,1,0,0,0,2,2,0,1,1,1,1,1,1,2,2,0,1,2,2,0,0,1,2,1,0,0,2,1,1,2,1,1,1,1,2,2,1,0,1,1,2,2,1,1,2,1,0,0,0,1,1,1,0,1,1,0,2,2,1,1,0,1,1,2,2,2,2,1,1,0,2,0,1,1,0,1,1,0,2,0,1,2,1,2,2,0,2,1,0,1,2,2,2,1,2,2,1,2,0,1,1,1,1,2,0,1,1,1,1,1
chr4:3409381,rs844,A/T,1,0,0,1,2,1,0,2,1,2,0,1,1,2,0,1,0,1,0,1,1,1,2,0,0,1,0,1,1,1,0,1,2,2,1,0,1,1,1,2,1,1,1,0,1,2,0,2,1,2,0,1,1,1,1,0,1,2,0,1,1,0,1,1,1,2,0,0,1,2,1,1,0,0,0,0,1,1,1,1,0,2,1,0,2,1,0,1,1,2,0,1,1,2,1,2,2,2,2,0,1,1,2,2,1,2,1,2,0,0,1,1,1,1,1,0,1,1,2,1,0,1,1,1,1,1,1,1,1,2,0,1,0,1,1,1,1,1,1,0,1,2,1,1,1,1,1,2,0,0,1,2,0,2,2,2,1,1,2,1,2,0,1,1,0,0,2,1,1,0,1,0,1,1,1,1,0,1,0,0,1,1,0,1,2,0,1,0,0,1,1,0,0,2,0,0,1,2,1,2
chr4:7859216,rs845,T/A,0,0,0,0,1,0,0,0,0,0,1,0,1,1,0,0,0,1,0,0,0,0,0,0,1,0,0,0,0,1,1,0,0,0,0,0,0,0,0,0,0,0,0,0,0,0,0,0,2,0,0,0,0,0,0,0,0,0,0,0,0,0,1,1,0,0,0,0,1,0,1,0,0,1,0,0,0,0,0,0,0,0,0,0,0,0,0,0,0,0,1,0,0,0,0,0,1,0,0,0,0,1,0,1,1,0,0,0,0,1,0,1,1,1,0,0,0,1,0,0,0,0,0,0,0,0,0,2,1,0,0,0,0,0,0,0,0,0,1,1,0,0,0,0,0,0,0,0,1,0,0,0,0,0,0,0,0,0,1,0,0,0,0,0,0,0,0,0,0,0,0,0,0,0,1,1,0,0,0,0,0,0,0,0,0,1,0,0,0,0,0,1,0,0,1,0,0,0,0,0
chr4:4283616,rs846,G/A,0,2,1,1,1,0,1,1,0,1,1,2,2,0,1,2,0,0,0,1,1,1,2,0,1,1,0,1,2,0,1,1,1,2,0,1,1,1,0,1,1,1,1,1,2,0,0,0,0,1,1,0,1,1,2,2,1,0,0,0,1,2,2,1,1,1,0,1,1,1,0,2,1,1,1,0,1,0,1,1,1,1,1,0,1,2,1,1,1,0,2,2,0,0,0,1,1,0,1,0,1,1,1,0,0,1,1,0,2,1,0,1,1,0,1,0,1,1,1,0,1,1,2,1,2,2,1,1,1,0,2,1,1,1,1,1,2,0,0,2,0,1,1,0,1,2,0,2,1,1,0,1,1,1,0,1,2,2,0,0,1,2,0,0,2,0,1,0,0,0,0,1,1,0,0,1,0,1,2,0,0,1,0,1,2,1,1,0,1,0,2,1,0,1,2,1,1,2,1,2
chr2:4011786,rs847,A/G,1,1,0,2,1,1,1,0,2,2,1,0,1,2,1,1,0,0,1,0,1,0,1,0,1,0,1,0,0,1,1,1,1,0,0,0,1,1,1,1,0,1,1,0,1,1,0,0,0,1,0,1,1,1,1,0,2,0,1,1,0,1,0,1,1,1,1,1,1,1,1,1,2,0,1,1,0,2,1,0,1,1,0,1,1,2,1,1,2,0,1,1,1,2,0,0,1,1,0,1,0,1,2,0,1,1,1,1,1,0,1,1,2,1,1,2,1,1,1,0,1,1,2,2,2,1,0,1,0,1,1,0,0,0,2,0,1,0,1,0,1,2,2,1,1,1,1,1,1,0,1,0,2,2,2,0,1,1,0,2,0,0,1,1,0,1,1,2,2,2,0,1,1,1,2,2,1,0,1,1,2,0,1,0,2,1,0,2,2,2,1,0,1,2,1,1,1,2,2,1
chr1:5319453,rs848,A/G,0,0,0,0,0,0,1,0,0,1,0,0,0,0,0,0,0,0,0,0,1,0,1,0,0,1,1,0,1,1,0,1,0,0,0,0,0,0,1,0,0,0,0,0,1,2,0,1,1,0,0,0,1,1,1,0,1,1,0,0,1,0,1,1,0,2,0,0,0,1,0,1,0,1,1,0,1,1,1,0,0,1,1,1,1,0,1,0,0,2,2,2,0,0,2,1,0,0,1,1,0,0,0,0,0,0,1,0,0,2,0,1,0,0,0,1,0,1,1,0,0,0,1,0,1,0,1,0,0,1,1,0,0,1,0,1,1,0,1,1,1,0,0,0,0,0,0,0,0,1,1,0,1,1,0,0,0,1,1,0,2,1,0,2,0,1,0,0,0,0,0,1,0,0,0,0,1,0,0,1,0,0,1,0,0,1,0,0,0,0,0,0,1,0,0,1,0,0,0,0
chr4:4012359,rs849,T/A,0,1,0,0,0,1,1,0,0,0,0,1,1,0,0,1,0,0,0,1,0,0,0,0,0,0,1,0,1,0,2,1,1,0,0,0,0,0,0,0,0,1,0,0,1,0,0,1,2,0,0,1,1,0,1,0,0,0,0,0,0,1,0,0,1,0,0,1,0,1,0,0,0,0,1,1,1,0,0,1,1,0,0,1,1,0,0,0,0,0,1,0,0,0,0,0,0,1,1,0,0,0,0,0,0,0,0,1,1,0,0,0,2,1,0,0,0,0,0,1,0,0,1,0,0,0,0,1,0,1,1,1,1,0,0,0,0,0,0,0,2,1,1,0,0,0,0,1,0,0,1,1,0,0,0,0,0,0,0,0,1,0,0,1,1,1,0,0,0,1,0,0,0,0,1,0,0,0,0,1,0,0,0,0,0,1,1,0,0,2,0,0,0,0,0,1,0,2,1,1
chr1:3414165,rs850,A/G,1,0,0,1,1,0,2,0,0,0,0,1,1,1,1,0,1,0,1,0,0,0,0,0,1,0,1,0,1,0,1,0,1,0,0,0,1,0,0,0,1,0,1,1,2,0,1,0,0,0,0,0,0,0,0,0,0,0,0,0,0,0,1,0,0,0,1,0,1,1,0,0,0,0,0,0,1,1,1,0,0,1,0,1,0,0,0,0,1,0,0,0,1,0,0,0,1,0,0,1,0,0,0,0,0,0,0,1,0,0,1,0,1,1,0,0,0,1,1,1,1,0,0,0,2,0,0,0,0,1,0,0,0,0,0,0,0,0,0,0,0,0,0,0,0,0,0,0,0,1,0,1,0,0,0,1,1,0,0,0,0,0,0,0,0,0,0,0,0,0,0,1,1,0,0,1,0,0,1,0,0,1,0,0,0,1,1,0,0,0,0,1,2,0,0,0,1,1,0,0
chr3:4625654,rs851,G/A,1,0,1,0,0,1,1,1,0,1,0,0,1,0,2,1,0,0,1,0,1,0,1,1,1,0,1,1,1,0,1,1,0,2,2,2,0,1,1,2,1,1,0,0,1,0,0,1,2,2,1,0,0,0,1,0,2,0,1,1,1,0,1,1,1,0,2,0,0,1,1,0,1,0,0,2,0,1,0,0,1,0,2,1,0,1,1,0,0,2,0,0,2,0,1,1,1,0,0,0,1,0,0,0,1,0,1,2,0,0,1,0,0,1,1,1,1,0,1,0,0,0,0,0,2,0,0,2,0,2,0,0,0,1,2,1,1,0,1,1,0,2,1,1,0,1,1,1,0,0,0,1,1,0,0,1,1,1,0,2,1,1,0,1,1,0,2,0,0,0,1,0,0,0,1,0,1,1,1,1,0,0,0,1,1,0,0,0,0,1,0,2,1,1,2,0,1,1,2,1
chr2:7912880,rs852,G/T,0,0,0,0,0,1,0,0,1,0,1,1,0,2,0,0,0,0,1,1,0,0,1,0,1,1,0,1,1,0,1,0,1,1,1,0,0,0,1,0,0,0,2,1,0,1,0,1,1,1,0,1,1,1,1,1,0,0,0,1,0,1,0,1,1,0,0,0,0,0,1,1,0,1,0,1,1,1,1,0,1,2,0,0,1,1,1,2,0,0,0,0,1,0,0,1,0,1,1,1,0,1,1,0,0,1,0,0,0,0,0,0,2,1,1,0,1,1,1,1,1,1,0,1,0,0,1,0,1,1,2,1,1,0,0,1,0,0,2,0,2,2,1,0,1,0,0,1,1,0,1,2,0,1,2,0,0,0,2,0,1,0,1,1,1,0,1,0,2,1,0,0,0,1,0,1,0,1,1,1,0,1,2,0,2,0,0,0,0,0,1,0,0,0,0,1,1,0,1,0
chr4:4331106,rs853,C/T,1,2,1,1,1,1,0,1,2,1,1,2,1,1,0,0,1,1,0,2,0,2,1,0,0,2,1,0,1,2,0,1,1,0,2,1,0,0,2,1,1,2,0,1,1,1,2,2,0,1,2,0,1,1,0,1,0,0,0,1,1,0,1,1,1,1,1,1,1,1,1,1,1,1,0,1,1,1,1,0,1,1,1,1,1,0,0,0,0,0,1,0,2,1,0,2,2,1,0,0,1,1,2,1,0,0,0,0,0,2,1,1,0,1,1,0,0,0,2,0,1,0,0,0,2,2,1,2,2,2,1,0,1,1,0,1,1,2,1,0,0,1,1,1,0,1,0,2,0,2,0,0,0,1,2,2,1,2,2,0,1,1,1,1,2,1,1,1,1,1,0,1,1,1,0,1,1,0,1,2,1,2,2,2,1,1,0,1,2,0,2,0,0,1,1,2,1,0,1,2
chr2:9222462,rs854,A/T,0,0,1,1,1,0,1,0,0,1,2,0,0,0,1,1,1,0,2,0,1,1,1,0,2,0,0,1,1,0,0,1,0,0,0,2,1,0,0,0,1,1,1,0,0,0,2,1,1,1,0,0,0,0,0,2,2,1,1,0,0,1,0,1,2,0,0,2,1,1,1,1,2,1,2,1,2,1,0,2,1,0,0,0,2,0,1,0,0,1,1,1,1,2,1,2,1,1,1,0,1,0,2,1,0,2,0,1,2,0,1,1,1,2,1,0,0,0,0,0,1,0,2,0,0,1,0,0,0,1,0,1,1,1,1,0,0,1,0,0,1,0,1,0,1,1,1,1,1,1,0,0,1,0,0,2,1,1,0,1,0,0,1,0,0,0,0,1,1,1,2,0,1,0,1,0,1,1,0,0,0,1,2,1,0,0,2,1,2,0,1,1,0,0,0,1,1,1,2,2
chr4:7336356,rs855,C/A,0,1,0,0,0,0,1,0,0,0,0,0,0,1,0,0,1,0,0,0,0,0,1,0,1,0,0,0,1,1,0,1,0,1,1,0,0,0,0,1,1,1,0,0,0,1,1,0,0,0,1,0,1,0,0,0,0,1,1,0,0,0,1,1,1,1,0,0,2,0,0,0,0,0,0,1,1,0,0,0,0,0,0,0,0,0,0,1,0,0,0,0,0,0,0,0,0,1,0,1,0,0,0,0,0,0,1,0,1,0,0,0,0,0,0,1,0,0,0,1,0,0,0,0,0,1,0,0,0,0,0,0,2,1,0,0,0,0,1,1,0,0,0,0,0,0,0,0,0,1,0,0,1,1,0,1,0,0,0,1,0,0,0,0,1,0,0,0,0,0,0,1,0,1,0,1,0,0,0,0,1,1,0,1,0,0,0,0,0,0,0,1,0,0,0,1,0,2,0,0
chr1:1460796,rs856,A/T,0,0,0,0,1,1,2,1,1,1,0,1,2,1,2,1,0,2,1,0,0,1,0,2,1,0,1,1,1,1,1,1,1,0,1,0,1,1,0,0,0,2,1,1,0,0,1,0,1,0,1,1,1,1,2,2,0,1,0,0,0,0,0,0,1,1,2,1,0,2,2,1,0,1,0,0,1,2,0,0,1,1,1,0,0,1,1,1,2,1,1,1,0,0,2,1,2,0,2,1,1,0,2,0,0,0,0,0,1,1,2,0,0,0,1,2,2,1,0,1,0,0,1,1,0,0,1,0,2,0,1,1,1,1,1,2,0,1,1,1,0,1,0,0,1,0,2,1,1,2,0,1,1,1,1,2,1,0,1,0,0,2,2,1,1,0,2,0,0,0,1,1,0,0,2,1,1,0,1,0,1,2,0,0,0,0,2,1,2,0,0,1,1,1,1,2,1,0,0,1
chr1:6289283,rs857,C/A,0,0,1,0,2,0,0,0,0,0,1,1,0,2,0,0,0,0,0,0,1,1,0,0,0,0,1,0,1,0,1,0,0,1,0,1,1,1,1,2,0,1,1,0,0,1,1,0,1,0,0,1,1,0,0,0,1,0,1,1,1,0,1,1,1,1,0,1,0,1,0,0,0,0,1,0,0,2,1,2,0,2,0,0,1,0,0,0,0,0,0,0,0,0,1,1,1,0,0,1,0,1,1,1,0,0,0,1,0,0,0,0,1,0,1,0,0,0,0,0,1,0,0,1,1,1,0,2,2,1,1,0,0,0,0,1,0,0,2,0,1,0,1,0,0,1,0,0,1,0,1,1,0,0,1,1,0,0,1,1,1,0,1,1,0,2,0,0,1,1,0,1,2,0,1,0,0,0,0,1,0,0,0,1,0,0,0,1,0,0,0,0,0,0,0,2,0,1,0,1
chr2:1312023,rs858,G/A,0,1,1,0,0,0,1,1,1,0,0,0,1,0,1,0,0,0,1,1,1,0,0,0,1,2,1,1,2,0,0,1,1,0,0,0,1,1,1,0,0,0,1,0,1,1,1,0,0,1,0,0,1,0,0,0,0,0,1,1,1,1,1,1,0,0,1,1,1,0,0,0,0,1,0,0,0,0,1,0,0,1,2,1,1,0,1,1,0,1,0,1,1,1,0,0,2,0,0,1,0,1,1,2,0,0,1,1,0,0,0,0,1,1,0,0,0,1,0,2,0,0,0,0,0,1,0,0,0,1,1,0,0,0,1,0,0,0,0,0,0,0,0,0,0,1,1,0,1,1,1,0,2,0,1,1,0,1,1,0,0,1,0,0,0,0,0,0,0,0,0,0,0,1,0,1,0,0,1,1,1,0,0,0,1,1,0,0,1,0,1,0,0,0,1,0,0,1,0,0
chr4:8822636,rs859,C/G,1,1,1,2,0,2,1,0,1,1,1,2,1,1,0,1,0,2,1,1,1,0,1,1,0,0,2,2,1,1,1,1,1,1,1,2,0,2,2,1,2,1,1,1,2,1,1,0,2,1,1,2,0,0,0,1,2,1,1,1,1,1,2,1,0,0,1,2,1,1,2,0,2,1,1,0,1,0,1,0,1,1,2,0,1,1,2,1,0,0,1,2,1,1,1,1,1,0,1,2,1,2,2,2,0,1,1,1,2,1,2,0,0,1,0,0,1,1,1,0,2,2,1,1,1,2,2,0,2,0,0,1,1,1,1,2,1,2,1,1,2,0,1,2,1,1,1,1,2,1,1,2,1,1,2,1,2,2,1,1,0,1,0,1,1,1,1,2,1,0,2,0,0,1,1,1,2,2,0,0,1,1,2,0,0,2,2,1,2,0,2,0,0,1,1,1,1,0,2,1
chr4:3320715,rs860,T/C,0,0,0,2,0,0,1,2,1,1,1,1,1,0,1,0,1,1,2,1,2,0,2,0,1,1,1,0,1,1,2,1,2,2,0,0,0,1,1,2,2,2,1,0,2,0,1,0,1,2,0,1,1,0,0,1,2,1,1,0,2,2,2,2,2,1,2,2,0,2,1,1,1,2,2,2,1,0,1,0,1,0,1,0,1,2,1,1,2,1,2,1,0,1,0,1,0,0,1,1,2,0,2,2,2,1,1,1,1,1,1,2,0,1,1,2,1,1,2,2,1,0,2,2,2,1,1,0,0,1,0,1,1,1,1,2,2,1,2,0,2,0,0,0,1,1,1,1,2,2,1,2,1,0,1,0,0,2,2,1,1,1,0,2,1,1,1,1,1,1,1,0,1,1,2,2,1,1,1,2,1,1,1,0,1,1,0,1,1,2,1,1,1,1,1,1,1,1,1,2
chr3:4457550,rs861,A/G,1,0,1,0,0,0,1,0,1,0,0,0,0,1,0,1,0,0,2,0,0,0,0,0,0,2,1,0,1,1,0,1,1,0,0,1,1,0,0,0,2,2,0,0,0,0,0,1,0,0,0,0,0,0,0,1,0,1,0,0,0,0,0,0,0,0,0,1,0,0,0,1,0,1,1,2,0,0,0,1,0,1,1,1,0,1,1,0,0,0,1,0,1,0,0,0,1,1,0,0,0,0,1,0,0,1,1,2,0,0,1,0,1,1,0,0,0,0,1,0,0,1,1,0,1,1,1,0,0,1,0,0,0,0,0,1,1,1,0,2,0,1,1,0,0,0,0,1,1,0,1,2,1,1,0,1,0,1,1,0,0,0,0,1,0,0,0,0,0,1,0,1,0,1,0,0,0,0,2,1,0,1,0,0,0,0,0,1,0,0,0,1,0,1,1,2,1,0,2,1
chr2:4273523,rs862,A/C,1,1,1,1,1,0,2,2,0,2,1,1,0,2,1,2,2,0,1,1,0,1,0,1,1,2,2,1,1,2,1,1,2,1,1,2,0,0,2,1,0,0,0,2,2,0,1,1,2,1,0,1,1,2,1,1,0,0,0,2,0,1,1,2,0,1,2,0,0,1,1,1,0,2,2,2,2,0,1,0,2,2,0,1,1,0,0,1,0,1,2,2,0,2,1,2,1,1,0,1,1,2,0,0,2,1,2,2,0,1,2,1,0,1,1,0,0,1,2,0,1,1,0,1,1,1,2,2,1,1,1,2,0,1,0,1,2,0,2,1,1,0,0,1,1,2,2,2,1,0,0,1,1,1,0,1,2,1,2,0,0,1,1,2,2,2,1,2,2,1,1,1,1,1,0,0,1,1,2,1,0,1,1,0,1,0,1,1,1,0,0,1,1,1,0,2,1,2,0,1
chr4:8960339,rs863,A/T,0,0,0,0,0,1,2,0,0,0,0,0,0,0,0,0,0,0,1,0,1,0,0,0,1,0,0,0,0,0,0,1,0,0,0,0,0,0,0,0,0,0,0,0,0,1,0,0,0,0,0,0,0,0,0,0,0,0,0,0,0,0,0,0,0,0,1,1,0,0,1,0,1,1,0,1,0,0,0,0,1,2,0,0,0,1,0,1,0,0,0,0,0,0,0,0,0,0,0,0,2,0,0,1,0,0,0,0,1,0,1,0,1,0,0,0,0,0,0,0,0,1,0,1,0,0,2,0,0,0,1,0,0,0,0,2,0,0,0,0,0,0,0,1,0,1,0,0,0,0,1,0,1,1,0,0,1,0,0,0,0,1,0,0,1,0,1,0,1,0,0,0,0,0,0,1,0,0,1,0,0,0,0,0,0,0,0,0,1,0,0,0,1,0,0,1,0,0,0,0
chr3:3770742,rs864,C/T,2,0,1,1,0,1,1,1,0,0,1,1,0,0,0,1,0,0,0,1,1,0,1,0,0,1,1,1,0,0,2,0,0,1,0,1,0,1,1,1,0,0,0,0,0,0,1,0,1,1,0,0,1,1,0,0,0,2,0,0,1,1,0,1,1,0,0,1,0,1,0,0,0,1,2,1,0,0,1,0,2,1,0,0,1,0,1,1,1,0,0,0,1,1,1,0,1,0,0,1,0,2,2,0,0,1,1,1,0,2,1,0,1,1,0,0,2,1,1,0,0,0,0,0,1,1,1,0,1,1,0,0,2,0,0,1,0,0,0,1,2,1,1,0,2,0,0,1,0,2,0,0,1,0,1,0,0,1,0,1,1,0,2,1,0,0,1,1,1,0,0,0,2,0,1,0,1,1,1,0,0,0,2,0,0,2,1,1,0,1,1,1,0,1,1,0,1,1,0,1
chr4:9659522,rs865,T/C,0,0,1,0,0,0,0,1,0,1,0,0,0,0,1,0,0,1,0,0,0,1,0,0,0,0,0,0,0,0,0,0,0,0,0,0,1,0,0,0,0,0,0,0,0,0,0,0,0,1,0,0,0,0,0,0,2,0,1,0,0,0,2,0,0,0,0,0,0,0,0,0,0,0,0,0,0,0,1,1,0,0,0,0,1,0,0,0,0,0,0,0,1,1,0,1,0,0,0,0,0,0,0,0,0,0,1,0,1,1,0,0,0,1,0,0,0,1,1,0,0,0,0,0,0,0,0,0,0,0,0,0,0,1,0,0,0,1,0,0,0,0,0,0,0,0,0,0,0,1,0,1,1,0,0,0,0,1,1,1,0,0,1,0,0,0,1,0,1,0,0,1,2,0,1,0,0,0,1,1,0,1,0,0,0,1,0,0,0,0,0,0,0,0,0,1,0,0,0,0
chr4:2034586,rs866,C/A,1,1,0,0,0,0,0,0,0,0,0,0,0,0,0,1,1,0,0,0,0,0,0,0,1,1,0,0,0,0,0,0,1,1,0,0,0,0,0,0,0,0,1,0,0,2,0,0,1,0,0,0,0,1,0,0,1,0,0,0,1,0,0,0,1,0,0,2,0,0,0,1,1,1,0,0,0,0,0,0,0,0,0,0,0,0,1,1,0,0,0,0,0,0,0,0,0,0,1,0,0,1,1,0,0,0,1,0,0,0,2,1,0,1,0,0,0,0,1,0,0,0,0,0,0,0,1,0,0,0,0,0,0,1,1,1,0,1,0,0,0,0,0,0,0,0,0,1,2,0,0,0,0,0,1,0,0,0,0,0,0,1,2,0,0,0,0,0,0,1,0,1,0,0,0,1,0,0,1,1,0,0,0,0,0,0,0,1,0,0,0,0,0,0,2,0,0,0,1,0
chr1:6547094,rs867,T/C,0,0,0,0,0,1,0,0,0,0,0,1,0,0,0,0,0,1,0,0,0,0,0,0,0,0,0,0,0,0,0,0,0,0,0,0,0,0,0,0,0,0,0,0,0,0,0,0,0,0,0,0,1,0,0,0,0,0,0,1,0,0,0,0,0,0,0,0,0,0,0,0,0,0,0,1,1,0,0,0,0,1,0,0,0,0,0,0,1,0,0,0,0,0,0,0,0,0,0,0,0,0,1,0,0,0,0,0,0,1,0,0,0,0,1,0,0,0,0,0,0,0,0,0,1,0,0,0,0,0,0,0,0,1,0,0,0,0,0,0,0,0,0,0,0,0,0,0,1,0,1,0,0,0,0,0,0,0,0,1,0,0,0,0,0,1,0,0,0,0,0,0,1,0,0,0,0,0,0,0,1,1,0,0,0,0,0,0,0,0,0,1,0,0,0,0,1,0,0,0
chr2:3084504,rs868,T/A,1,2,1,0,0,1,0,0,1,2,1,0,1,0,1,1,1,0,0,1,2,2,0,0,0,2,1,1,1,1,1,1,1,1,1,2,1,0,0,2,1,0,0,0,1,1,1,0,1,0,1,1,2,0,1,1,1,1,1,0,1,1,1,2,2,2,0,1,0,2,1,2,1,1,0,0,0,1,0,0,1,1,2,1,1,0,2,1,1,0,1,2,0,0,2,1,2,1,0,1,2,1,1,1,1,1,1,1,1,1,1,0,1,0,2,1,1,0,1,2,1,0,0,0,1,0,0,1,1,0,1,2,2,0,0,1,1,0,1,2,1,1,0,1,1,1,0,1,0,2,2,0,0,1,0,1,1,0,1,2,2,1,2,0,0,1,1,1,0,2,2,1,0,2,1,0,1,0,0,1,0,0,0,2,2,0,0,1,1,1,2,2,1,1,1,2,1,1,1,1
chr1:5854042,rs869,G/C,0,0,1,1,0,1,0,0,0,0,0,0,0,0,0,0,0,0,0,0,0,0,0,0,0,0,0,0,0,0,0,1,0,0,0,0,0,0,0,0,0,0,1,0,0,0,0,0,1,0,0,0,0,1,0,1,0,0,1,0,0,0,0,0,1,0,1,1,0,0,0,1,0,0,1,0,1,0,0,1,0,0,0,0,0,0,0,0,1,0,1,0,1,0,0,0,0,1,1,0,0,1,0,0,0,0,1,0,0,0,0,0,0,1,0,0,0,0,0,2,0,0,0,0,0,0,1,1,0,0,0,0,0,1,0,0,0,0,0,0,0,0,0,0,0,0,0,1,0,1,0,0,0,0,0,0,0,0,0,0,0,1,1,0,0,0,0,0,0,0,0,0,0,1,0,0,0,0,0,0,0,0,0,0,2,1,0,1,1,0,0,0,0,1,0,0,0,0,1,1
chr4:4830121,rs870,A/T,1,1,1,2,1,0,0,1,2,0,0,2,1,0,1,2,1,1,0,2,1,1,0,1,1,0,0,2,2,0,1,1,0,1,1,0,1,0,1,1,0,1,0,1,1,1,0,1,1,0,0,1,1,2,1,0,1,1,1,1,1,0,0,0,1,0,1,0,1,1,0,0,0,0,2,1,1,1,1,1,0,0,0,1,1,2,0,1,1,1,1,1,1,1,0,2,1,2,0,1,1,1,1,0,1,2,2,0,0,1,1,2,1,2,1,0,1,1,1,1,1,1,0,1,1,0,2,0,0,1,0,0,0,0,0,1,1,0,0,0,0,0,0,2,0,0,1,1,1,0,1,2,1,0,0,1,1,1,1,1,2,1,2,2,1,1,0,0,0,2,1,2,0,1,0,2,1,0,0,1,1,1,2,0,1,1,0,0,1,1,0,0,1,0,1,0,1,1,0,1
chr1:2353324,rs871,A/G,1,0,0,0,0,0,1,0,1,1,0,1,0,0,0,0,0,0,0,0,0,0,0,0,0,1,0,0,0,0,1,0,2,0,0,0,0,0,0,1,1,1,1,0,0,0,0,0,0,0,0,1,0,0,1,0,0,0,0,0,0,0,0,0,1,0,0,0,0,0,0,0,1,0,0,0,0,2,0,0,0,1,0,0,2,1,1,0,0,1,0,0,0,0,0,0,0,0,1,1,1,0,2,0,0,0,0,1,0,0,0,0,0,0,0,0,0,0,0,2,1,0,0,0,0,1,1,1,1,1,0,2,1,0,0,0,0,0,0,1,2,1,0,1,0,0,0,1,1,0,0,1,0,0,0,0,0,0,1,1,0,0,0,1,0,0,1,0,0,0,0,0,1,0,0,0,1,0,0,1,2,1,0,0,1,1,0,0,1,0,0,0,0,0,1,0,1,0,1,0
chr4:5268173,rs872,C/A,0,1,1,0,0,1,1,1,1,0,0,0,1,0,0,1,1,1,0,1,0,0,0,0,1,1,0,0,1,0,0,0,1,1,0,1,0,1,1,0,0,0,0,0,0,1,1,1,0,1,0,0,0,0,1,1,0,1,1,0,1,0,1,0,0,0,0,0,0,0,0,0,0,0,0,1,0,0,1,1,0,0,0,1,1,1,1,0,0,0,0,0,0,2,0,1,0,0,0,0,1,0,1,1,1,0,0,1,1,1,1,0,1,1,1,0,0,0,2,0,1,0,0,2,1,1,0,0,1,1,1,1,0,0,0,1,0,0,1,0,1,1,0,0,0,0,0,1,1,1,0,1,1,0,0,0,0,1,1,0,0,0,0,1,0,0,2,0,0,0,0,0,1,0,0,0,0,1,2,1,1,1,0,0,0,1,1,2,0,0,0,0,0,0,1,0,1,1,1,0
chr4:5396720,rs873,A/T,2,1,1,0,1,1,1,0,0,0,1,0,0,1,0,2,1,0,1,2,1,1,0,0,1,1,2,1,1,2,1,0,1,0,2,1,0,1,0,0,1,0,0,1,0,1,0,0,1,1,1,1,1,0,1,1,0,1,1,1,0,2,1,0,1,0,1,2,1,0,1,1,2,1,2,1,1,1,1,1,0,1,2,1,1,0,1,1,1,0,1,0,0,0,1,0,0,1,1,2,1,0,1,1,1,1,2,0,1,1,0,1,1,1,1,1,1,1,0,0,0,0,1,1,1,1,2,2,0,1,1,0,0,0,2,2,2,0,1,2,2,1,2,1,2,1,1,0,1,1,0,0,1,1,1,0,0,1,0,0,1,0,1,1,1,0,1,2,0,1,1,0,2,1,1,2,1,1,0,1,2,1,1,0,1,1,1,2,0,1,0,1,0,2,1,0,2,2,1,1
chr2:2369277,rs874,G/C,0,0,0,1,0,0,0,0,0,0,0,0,0,0,0,0,0,1,0,0,1,0,0,0,0,0,0,0,0,0,0,0,0,0,0,0,0,0,0,0,1,1,0,0,1,0,0,0,0,1,0,1,1,0,0,1,2,1,1,0,0,0,0,0,1,0,0,0,0,0,0,0,0,0,1,0,1,0,0,1,2,0,0,0,1,0,0,0,0,0,0,1,0,0,1,0,1,0,1,0,0,0,0,0,1,0,2,0,0,1,0,1,0,0,0,0,0,0,1,0,1,0,1,1,1,0,0,1,0,0,1,0,0,0,0,1,0,0,0,0,0,0,0,1,1,0,1,0,0,0,1,0,1,0,1,0,0,0,0,1,1,0,0,0,0,0,0,0,0,0,0,1,0,0,0,0,0,0,0,1,0,1,0,1,0,0,1,0,1,0,0,0,0,0,0,0,0,0,0,1
chr4:9222502,rs875,A/T,0,0,1,2,1,1,0,2,0,0,1,1,0,0,1,1,1,0,0,0,1,0,0,2,0,2,1,0,1,1,2,1,2,1,0,2,1,0,0,0,1,1,0,2,2,0,0,1,1,1,2,1,0,1,1,1,1,1,0,2,1,0,0,0,2,0,1,1,2,1,0,1,1,2,2,0,0,0,1,0,1,1,0,0,0,0,1,2,0,0,0,1,1,2,1,2,1,1,1,0,0,0,0,1,1,1,0,1,2,1,2,1,1,1,1,0,0,0,0,0,0,0,0,0,1,0,1,1,2,0,0,1,0,1,2,2,2,1,1,2,1,1,1,1,0,0,0,1,0,1,1,2,1,0,0,1,0,1,1,1,0,1,1,1,0,1,2,0,0,1,1,0,0,0,1,0,1,1,2,1,1,0,0,1,2,2,0,1,0,1,0,0,2,0,2,2,2,0,1,0
chr1:5075837,rs876,T/G,0,1,1,0,0,0,0,0,0,0,0,0,2,0,1,0,0,1,0,0,0,0,0,0,1,0,1,0,0,0,0,1,1,0,0,0,0,0,0,0,0,0,1,0,1,0,0,0,0,0,0,0,0,0,0,0,0,0,0,0,0,0,0,0,1,0,1,0,1,1,0,0,0,0,0,1,0,0,1,1,0,0,0,1,0,1,1,0,0,0,0,0,1,0,0,0,0,0,0,0,0,0,0,0,0,0,0,0,0,1,0,1,0,0,0,0,0,1,0,0,1,1,0,0,1,0,0,0,1,1,0,0,0,0,0,0,0,1,0,0,0,0,0,0,0,0,0,1,1,0,0,0,0,0,0,0,0,0,0,0,0,0,0,1,0,0,1,0,0,0,0,0,0,0,0,0,0,0,0,0,1,2,0,0,0,0,0,0,0,0,0,0,1,0,0,0,0,0,0,1
chr2:9874365,rs877,A/T,2,2,0,2,1,2,1,0,2,1,0,0,1,1,0,0,1,1,1,0,1,0,1,2,1,2,2,1,1,2,1,2,1,1,0,0,2,0,0,1,0,2,0,1,0,1,1,1,1,0,0,1,0,0,1,0,0,0,0,1,0,1,1,0,0,1,1,0,0,0,0,0,2,0,0,0,1,0,0,0,1,1,1,0,0,1,1,1,0,1,1,1,1,2,0,1,0,1,1,2,2,1,1,1,0,2,1,1,0,0,0,0,1,0,2,0,1,1,1,0,1,0,0,0,1,0,0,1,2,0,1,2,0,0,2,2,1,1,0,0,2,0,1,1,2,1,0,1,0,1,1,1,0,1,0,1,2,0,1,1,0,0,0,0,0,0,0,0,1,0,0,1,2,0,1,2,0,0,0,0,0,1,1,1,0,2,1,0,0,0,0,1,1,0,0,1,0,0,0,0
chr4:5961828,rs878,A/T,0,0,0,0,0,1,2,0,0,1,0,1,1,2,2,0,0,0,1,1,0,1,1,1,1,2,1,0,0,0,0,2,1,0,0,2,1,2,0,0,0,0,2,0,0,0,1,1,1,0,0,1,2,1,1,0,2,2,1,1,1,1,0,1,0,1,2,1,0,2,1,1,1,1,1,1,2,1,0,1,2,2,2,0,1,1,1,2,0,0,1,0,1,0,0,2,0,0,0,0,0,0,1,1,0,0,1,1,0,0,0,1,1,1,1,0,2,2,1,1,1,0,0,0,0,2,0,0,1,1,2,1,1,1,0,1,1,1,1,0,1,2,0,1,2,0,1,1,0,0,2,0,2,0,0,1,2,0,1,0,2,0,1,1,0,1,0,0,0,0,1,1,0,2,1,0,2,0,0,0,1,1,2,1,0,1,0,1,0,1,2,1,1,2,0,0,1,0,0,1
chr1:3392919,rs879,A/G,0,1,0,0,0,0,0,0,0,1,0,0,0,0,0,0,0,0,0,0,0,1,0,1,1,0,0,1,1,0,0,0,0,1,0,0,1,0,0,0,0,0,0,0,0,0,0,0,0,1,0,0,0,0,0,0,0,0,0,0,0,0,0,1,0,0,0,0,0,0,1,1,0,0,0,0,0,0,0,1,0,0,0,0,1,0,0,0,0,0,0,0,1,0,0,0,0,0,1,1,0,0,1,0,0,0,0,0,1,1,0,0,0,0,0,0,0,1,0,2,0,0,0,0,0,1,0,0,0,2,1,0,0,0,0,0,0,0,0,1,0,0,1,0,0,0,1,0,0,1,0,0,0,0,0,0,0,0,0,0,0,0,0,0,0,0,0,0,0,1,1,0,0,0,2,0,2,0,0,0,0,0,0,0,0,0,1,0,0,1,0,0,0,0,0,1,0,0,1,1
chr3:3408630,rs880,A/G,0,0,0,0,1,0,1,0,0,0,0,1,0,0,1,0,1,0,1,0,1,1,0,0,1,1,0,0,2,1,0,0,0,2,0,1,0,0,1,1,0,2,2,0,0,1,1,2,1,0,1,0,0,1,0,2,0,0,2,1,0,1,0,1,0,0,0,2,0,2,0,1,0,2,0,0,1,0,1,0,1,0,0,0,2,0,1,1,0,1,1,1,0,0,1,0,0,1,0,0,0,1,2,1,0,1,1,0,1,1,0,0,0,0,2,0,1,0,0,0,0,0,2,0,0,0,0,0,0,1,0,0,1,0,0,0,2,1,0,0,0,1,1,0,0,0,1,1,0,0,1,1,0,0,0,1,0,1,1,0,0,0,1,1,0,1,0,1,1,0,1,1,0,0,0,0,1,1,1,0,0,0,0,0,0,0,1,2,1,0,2,1,1,1,0,1,1,0,0,0
chr1:9095213,rs881,C/G,1,1,0,0,1,1,1,2,1,1,1,1,1,0,1,0,1,1,1,1,2,2,2,1,1,0,0,2,1,0,1,0,1,1,1,1,1,1,0,0,1,1,1,0,1,0,1,1,0,0,0,1,1,1,2,1,0,1,0,2,1,0,0,0,1,2,0,1,1,1,1,1,2,1,1,0,1,1,1,1,1,1,2,1,1,2,0,1,0,1,0,0,1,0,1,2,1,0,1,0,1,1,1,0,1,1,1,1,1,2,2,1,0,0,1,1,2,1,2,0,1,0,1,0,1,2,2,2,0,1,1,1,0,1,1,0,0,1,1,1,1,0,1,2,1,1,1,1,0,1,1,0,2,2,1,0,0,1,1,0,1,2,1,2,0,0,1,1,0,2,0,0,1,2,1,1,2,0,1,2,1,2,0,1,1,2,1,0,1,0,1,2,0,0,2,0,0,1,0,1
chr1:6557805,rs882,A/T,0,0,1,0,0,0,0,1,1,1,0,0,1,0,0,0,0,0,0,1,0,0,0,1,1,0,0,1,0,1,0,0,0,0,0,0,1,0,0,0,0,0,1,1,1,0,0,0,0,0,0,0,0,0,0,0,0,0,0,0,0,0,0,0,0,0,0,0,0,0,0,0,0,0,0,0,0,0,0,0,2,0,0,0,0,0,1,1,1,0,0,0,0,0,0,0,0,1,0,0,0,1,0,0,0,0,0,0,0,0,0,0,0,0,0,0,0,1,0,0,0,0,0,0,0,0,0,2,0,0,0,1,0,1,0,0,0,1,0,0,0,0,0,0,0,0,0,0,0,0,0,0,0,0,1,1,0,1,0,1,0,0,0,1,0,0,0,0,0,0,0,1,0,0,0,0,0,0,0,0,1,0,0,0,0,0,1,0,1,1,0,0,0,0,0,0,0,1,0,1
chr4:4714379,rs883,G/A,0,0,0,1,1,2,0,2,1,1,0,2,0,0,1,1,1,1,0,1,1,1,0,2,0,2,2,0,0,0,1,1,1,1,1,0,0,0,1,1,1,0,1,0,1,1,1,0,1,0,0,0,1,1,0,0,1,0,0,0,2,1,0,1,1,0,1,2,1,2,1,1,1,1,1,2,2,1,0,1,1,0,0,1,1,1,0,1,0,0,2,0,1,1,1,1,1,0,0,1,0,2,0,2,0,1,1,0,1,1,1,1,0,2,1,1,0,1,1,1,0,1,2,1,1,0,0,2,0,1,1,1,1,1,1,1,1,1,1,1,1,1,2,2,0,1,2,0,2,2,0,0,0,2,0,0,2,1,1,0,2,2,2,0,1,1,1,1,1,2,0,1,2,0,2,1,1,1,2,1,1,0,2,1,1,0,2,1,1,0,1,1,0,2,2,1,1,1,1,1
chr1:2549420,rs884,G/A,0,1,0,0,1,0,1,2,1,0,1,0,1,1,0,0,0,2,1,0,1,1,1,2,1,0,1,1,0,2,1,0,1,1,1,1,1,1,1,1,0,1,1,0,0,0,2,1,0,2,1,1,0,1,0,1,0,1,1,2,0,0,1,1,1,2,1,0,1,0,2,0,0,1,0,1,1,1,0,2,0,0,1,0,0,1,0,1,1,0,2,2,1,2,2,1,1,1,2,0,2,0,2,1,1,0,1,0,1,0,2,2,2,1,1,1,2,1,2,1,0,1,1,2,2,1,1,1,1,1,0,2,1,0,1,1,1,1,1,1,2,1,1,1,0,1,1,0,1,1,1,1,0,2,1,0,1,1,1,1,2,0,1,0,0,0,2,2,1,1,1,2,2,0,1,0,2,1,1,1,1,0,1,0,1,0,0,0,0,0,1,0,0,1,0,1,0,0,0,2
chr4:9312934,rs885,G/T,0,1,1,2,0,1,1,1,1,2,1,0,0,1,1,0,1,1,1,0,1,0,1,1,1,1,2,2,2,2,1,1,1,1,0,0,2,0,1,1,1,0,0,1,0,1,1,1,2,1,0,2,0,2,1,1,1,1,1,1,0,1,1,1,1,1,0,0,0,1,0,0,0,0,2,1,1,1,1,0,0,2,1,1,1,1,0,1,0,1,1,1,1,1,1,1,0,1,1,1,1,1,0,0,0,2,0,1,1,0,2,0,1,1,1,2,1,1,1,1,0,0,0,0,1,2,0,0,0,1,0,1,2,0,0,1,0,1,0,1,1,0,0,1,1,1,1,1,0,1,1,2,2,0,1,0,1,1,2,1,1,0,0,0,2,1,0,2,1,1,1,1,1,0,1,1,1,0,1,1,1,1,1,0,1,1,2,0,1,2,0,2,1,2,1,1,1,1,1,1
chr1:7722055,rs886,A/G,0,0,1,1,1,0,0,1,1,1,0,0,1,0,0,1,1,1,1,2,1,1,2,1,0,0,1,1,1,2,1,2,0,0,0,0,1,0,1,0,2,0,1,0,2,0,2,1,0,0,0,2,0,1,1,0,2,0,0,0,1,1,1,1,0,2,0,0,0,0,2,0,1,0,1,0,0,1,1,1,0,0,1,1,1,0,0,2,0,1,1,1,2,2,0,0,1,1,1,0,0,0,1,1,1,2,1,0,1,0,1,0,1,0,1,2,1,0,1,2,0,1,1,1,0,2,0,1,0,0,1,1,0,1,1,2,1,1,0,1,1,0,0,0,0,2,0,1,0,1,0,0,0,0,0,0,2,1,1,0,1,2,0,0,2,2,1,1,1,1,1,0,0,1,0,1,0,0,1,1,0,1,0,1,1,0,1,0,0,0,1,0,1,1,0,1,0,0,2,1
chr2:2520982,rs887,T/A,0,1,1,2,1,0,0,0,0,1,2,1,0,0,0,0,0,2,1,0,0,0,2,1,1,1,1,0,1,0,0,1,1,0,0,0,1,1,1,0,1,0,0,1,1,0,1,1,1,0,0,0,0,1,0,0,0,1,0,0,0,0,0,1,0,1,0,0,0,1,0,0,0,1,0,1,0,1,0,1,0,0,2,0,2,0,1,1,0,1,2,1,1,0,1,1,0,0,2,1,0,1,0,0,0,0,0,0,1,0,1,0,0,2,0,2,2,1,0,1,1,1,1,0,1,1,2,1,0,1,0,2,0,0,1,1,0,0,0,0,0,1,0,1,1,0,1,0,0,0,1,2,0,0,0,0,0,0,1,1,0,1,1,0,1,0,0,1,0,0,1,1,0,0,0,0,0,0,1,0,0,1,0,1,0,1,0,1,0,1,0,0,0,0,1,0,1,1,1,1
chr3:4998422,rs888,A/G,0,2,0,1,1,0,0,0,0,1,0,0,0,1,2,2,1,1,0,1,0,2,2,1,0,1,0,1,1,0,2,0,1,0,1,2,0,1,2,1,0,1,2,0,0,0,1,2,0,1,0,0,1,1,1,0,1,1,0,1,1,0,0,0,0,0,1,0,0,0,1,0,0,1,0,1,0,0,0,0,0,0,2,2,0,0,1,0,0,0,0,1,1,0,1,1,2,2,0,0,1,0,0,1,0,0,0,0,0,0,0,1,0,0,0,1,0,1,0,0,1,0,1,1,2,0,0,0,0,2,1,0,1,0,1,0,1,0,0,0,1,1,1,1,1,0,1,1,1,0,0,1,0,0,0,0,0,1,0,0,0,0,1,0,0,0,1,0,0,1,0,0,2,0,0,0,0,1,1,0,0,1,1,2,0,0,2,1,1,0,0,2,1,0,0,1,1,0,0,0
chr4:6181377,rs889,G/T,0,0,0,0,0,0,0,0,0,0,0,0,0,0,1,0,0,0,0,2,0,0,0,0,1,0,0,0,0,0,1,1,0,1,0,0,0,1,1,0,0,0,0,1,0,0,1,1,0,0,0,0,0,2,0,0,1,0,0,0,1,0,0,0,0,0,0,1,0,0,0,0,1,0,0,0,0,0,1,0,0,0,0,0,1,0,0,0,0,0,0,1,0,1,0,0,1,1,0,2,0,0,0,0,0,0,1,1,1,0,0,0,0,0,0,0,1,0,0,0,0,0,1,1,0,0,0,0,0,0,0,0,0,0,1,1,0,0,1,0,0,1,0,1,0,0,0,1,0,0,0,0,1,0,1,0,0,1,0,1,0,0,0,0,0,1,0,0,0,0,1,0,1,0,0,1,2,0,0,1,0,0,0,1,0,0,1,0,1,1,0,0,0,0,1,0,1,0,0,0
chr1:9012369,rs890,A/G,0,1,0,0,1,0,1,0,1,0,0,2,0,0,0,1,1,0,0,0,1,1,0,2,0,1,0,0,0,1,1,0,0,1,1,0,0,0,1,0,1,0,0,0,1,1,0,0,1,0,0,0,0,0,1,1,0,0,0,0,0,0,1,1,0,0,2,0,0,0,0,0,1,1,0,0,0,1,1,0,0,0,0,0,0,0,0,0,0,0,1,1,1,2,0,1,1,0,0,1,2,0,1,0,0,0,0,1,0,1,1,1,0,0,0,2,0,0,0,1,0,1,0,0,0,0,0,1,0,0,0,0,1,0,0,0,0,0,1,1,1,1,0,0,0,0,0,0,0,0,0,0,0,0,1,0,0,0,0,1,0,0,0,0,1,2,0,0,0,1,0,0,0,0,0,1,0,1,0,1,1,0,1,0,0,1,0,0,0,1,0,0,1,0,0,1,0,0,2,0
chr3:5204955,rs891,G/A,0,0,1,1,0,2,1,0,2,0,0,0,0,1,0,0,0,0,1,0,0,0,1,1,0,0,0,1,0,1,0,0,0,0,0,0,0,0,0,1,0,1,0,0,1,1,0,0,1,1,1,0,0,0,0,0,0,0,0,0,0,1,0,0,0,0,1,0,0,2,0,0,0,0,0,0,2,0,0,1,0,0,1,1,1,0,1,0,0,2,1,0,0,1,1,0,0,0,0,0,1,0,0,0,0,0,0,0,0,0,0,0,0,0,0,0,0,0,0,0,0,0,0,1,0,1,0,0,1,0,1,0,0,1,1,0,0,0,0,0,1,0,1,0,0,0,0,0,0,0,0,0,0,0,0,1,0,0,1,0,0,1,0,0,0,1,1,0,0,0,0,0,1,0,0,1,0,0,0,2,0,1,0,2,0,0,0,0,1,0,0,0,0,0,0,0,0,0,0,1
chr1:9143179,rs892,T/G,1,0,1,2,1,0,0,0,0,0,1,1,1,0,1,1,1,0,0,0,0,1,0,2,1,1,1,0,0,0,0,2,1,0,1,0,2,0,0,2,1,0,1,1,1,0,1,1,0,0,0,2,0,0,0,0,1,1,0,1,0,1,1,1,1,2,0,1,1,1,1,1,0,1,0,1,1,1,0,1,0,1,0,1,0,1,1,0,1,1,0,1,0,1,0,0,1,0,0,1,0,1,1,1,1,1,1,2,0,1,0,1,1,0,0,0,1,1,0,1,1,0,0,1,0,1,2,1,1,1,1,0,0,0,0,0,1,1,1,2,1,1,1,0,2,2,2,0,0,0,0,0,0,0,1,0,1,2,2,0,2,1,1,1,1,0,1,0,0,0,0,0,0,1,2,0,0,0,0,0,0,1,0,1,1,0,2,1,1,0,0,1,1,0,2,1,2,0,1,1
chr3:2372070,rs893,T/G,0,1,0,0,0,0,0,0,0,0,0,1,0,0,0,0,0,0,1,0,0,0,1,0,0,0,0,0,0,0,0,0,0,0,0,0,0,0,1,1,0,0,1,1,0,0,0,0,0,0,0,0,0,0,0,0,0,1,0,0,0,1,0,0,1,0,0,0,0,0,0,1,0,2,0,0,1,1,1,2,1,0,1,0,0,0,0,0,1,0,0,1,1,0,0,1,0,0,0,2,0,0,0,0,0,0,1,0,0,0,0,0,1,0,1,0,1,0,0,0,0,1,1,0,1,0,0,0,0,0,0,0,0,0,0,0,0,0,1,0,0,0,1,0,0,0,0,0,1,0,0,0,0,0,0,0,0,0,0,1,0,0,0,0,0,0,0,0,0,0,0,2,0,0,0,1,2,0,0,0,1,1,0,0,0,0,1,1,0,0,1,0,0,0,0,1,0,1,0,0
chr1:9241353,rs894,T/G,0,0,1,1,0,0,1,0,1,0,2,2,1,1,1,0,2,0,1,1,0,0,1,0,1,1,2,1,1,1,1,0,0,2,2,2,1,1,0,0,1,0,0,1,0,2,0,0,1,2,2,0,0,1,1,2,2,1,1,2,2,0,0,2,0,0,1,1,1,1,0,0,1,0,0,0,0,2,1,0,1,1,1,1,0,1,1,1,0,1,1,0,0,0,0,1,0,0,1,0,2,1,1,1,1,0,1,0,1,0,0,1,0,0,0,0,2,2,2,1,2,0,1,1,2,1,0,0,2,2,1,1,0,1,0,0,0,0,1,0,0,1,1,1,2,1,1,2,0,0,2,1,1,1,2,1,1,2,2,0,0,2,1,2,1,1,0,1,1,1,0,1,0,2,0,0,0,1,0,0,0,1,2,1,1,2,1,2,0,0,0,2,1,1,0,1,2,0,0,0
chr3:5450252,rs895,T/C,0,0,0,0,1,1,1,1,0,0,0,1,0,1,1,0,0,0,0,0,1,0,0,1,0,0,2,0,0,1,0,0,0,1,0,1,0,0,0,0,0,0,0,0,0,0,0,1,0,1,0,2,0,0,0,1,0,1,0,0,0,0,0,0,0,0,0,0,0,0,0,0,0,0,1,1,0,0,0,1,0,1,0,0,0,1,0,0,0,0,0,0,1,1,0,0,0,0,0,0,0,0,1,0,0,0,0,0,0,0,0,0,0,0,1,0,0,0,0,1,1,1,0,0,1,1,0,0,0,0,1,0,1,0,0,0,1,0,1,0,0,0,0,0,0,0,1,2,0,0,0,0,0,1,0,1,0,1,1,0,0,0,0,0,0,0,0,0,1,1,0,0,1,0,0,0,0,1,0,0,0,2,0,1,0,0,0,0,0,0,0,0,0,0,0,0,0,1,1,0
chr2:9494630,rs896,G/C,0,2,1,1,1,2,1,0,2,0,1,0,0,0,0,1,1,2,0,1,1,1,1,0,1,2,0,2,2,1,0,0,2,1,1,0,2,0,1,0,2,2,2,2,0,2,1,1,1,1,1,1,1,0,2,1,1,1,0,0,1,2,2,0,0,2,2,0,0,0,1,1,1,1,0,0,2,1,1,0,1,1,2,1,0,0,0,2,1,1,0,1,1,1,0,1,0,1,0,0,1,0,2,2,1,0,1,1,0,1,0,1,1,1,1,1,1,2,1,0,0,0,2,1,1,2,1,0,0,0,1,0,0,1,2,1,1,1,1,2,1,1,1,1,2,0,1,1,1,1,0,1,1,0,2,1,1,0,1,0,1,1,0,0,1,2,0,2,1,1,1,2,1,1,2,1,1,1,2,2,2,2,1,1,1,2,0,1,1,2,2,0,1,0,2,2,0,0,1,1
chr4:5975045,rs897,C/A,1,0,1,1,0,2,1,2,1,0,1,0,0,1,0,0,1,1,0,0,0,2,0,2,2,1,0,0,1,1,2,1,1,0,1,0,1,0,1,1,0,1,2,1,2,0,1,1,0,0,0,1,1,1,1,0,1,1,1,0,2,1,2,0,0,0,2,0,1,1,1,1,1,0,0,0,2,1,0,1,2,1,1,1,0,0,0,2,1,0,1,1,0,1,1,2,1,0,0,1,1,1,2,2,0,0,1,0,0,1,1,1,0,1,1,2,1,0,1,1,2,1,0,0,0,0,1,1,1,1,1,1,1,0,2,1,1,1,0,0,1,0,1,2,1,1,1,0,1,1,1,1,0,1,1,1,0,1,0,1,0,1,0,0,0,1,1,1,0,0,1,1,0,0,1,0,1,1,2,1,0,0,1,0,0,0,2,1,1,0,1,0,1,1,0,0,0,0,1,0
chr2:1161445,rs898,C/T,1,0,0,2,1,1,0,1,2,1,0,2,0,1,1,0,1,0,0,0,0,0,0,0,0,0,2,0,0,1,1,0,1,1,2,0,0,1,0,1,1,2,0,1,0,0,0,0,1,0,0,1,1,1,1,1,1,1,2,0,1,2,2,1,0,1,2,1,0,1,1,0,2,0,1,1,0,0,0,1,1,1,1,0,0,1,1,2,0,0,2,1,1,1,0,1,1,0,0,0,2,1,1,1,0,2,1,1,1,0,1,1,0,1,1,0,1,1,0,0,1,0,0,0,1,0,1,1,1,2,1,1,1,1,1,0,1,1,0,0,1,1,1,0,0,2,1,1,0,1,0,1,1,0,0,0,1,1,2,1,0,1,1,0,1,0,0,2,0,0,0,1,1,1,1,0,1,0,0,0,2,0,0,2,1,0,0,0,0,1,0,0,0,0,1,0,0,1,1,0
chr4:1684029,rs899,G/C,0,1,1,1,0,1,0,1,1,1,1,1,0,1,2,1,2,0,1,1,1,1,2,0,2,1,0,1,2,2,1,1,2,0,2,0,0,2,2,1,1,0,1,1,2,1,1,0,0,0,1,1,1,1,1,1,0,0,1,2,2,0,0,0,1,1,2,2,1,0,0,1,1,1,1,2,1,1,2,1,1,1,1,0,2,0,1,2,2,2,2,1,1,0,1,1,1,0,0,1,1,1,2,1,0,1,1,1,1,1,1,1,1,1,0,0,1,0,2,1,1,1,0,1,1,2,0,1,1,2,0,2,2,0,0,1,2,1,1,0,1,1,2,1,1,0,2,0,1,1,0,0,2,1,0,0,1,0,1,1,0,1,1,2,0,1,0,1,0,1,1,1,0,1,0,1,2,0,1,1,0,1,1,1,1,1,0,0,2,0,1,1,1,0,0,2,2,1,2,0
chr3:7981440,rs900,C/A,1,0,0,0,0,0,0,0,0,1,0,1,0,0,0,0,0,0,0,0,0,0,0,0,0,0,1,1,0,1,0,0,1,0,0,0,0,0,1,0,1,2,0,0,0,0,0,0,0,0,0,0,0,1,1,1,1,0,0,0,0,1,0,1,0,0,0,1,0,0,0,0,0,0,1,0,0,0,0,0,0,0,0,0,0,0,0,0,1,0,0,1,0,1,0,0,0,0,1,0,0,0,0,0,0,0,0,0,0,1,0,0,0,1,0,0,0,0,1,0,0,1,0,0,0,1,0,0,0,0,1,0,0,0,0,0,0,1,0,1,1,0,0,0,0,0,0,0,1,0,1,0,0,0,0,1,0,0,0,0,1,0,0,0,0,0,1,1,1,0,1,0,0,2,0,0,1,0,0,0,0,0,1,2,0,0,0,1,1,0,0,0,0,0,0,0,0,0,0,0
chr3:4308505,rs901,A/T,0,1,0,1,2,0,2,2,1,0,1,1,1,0,2,0,2,0,0,1,1,2,1,1,1,2,0,1,0,1,0,0,0,0,0,1,1,1,0,0,0,1,1,1,0,0,0,1,0,1,1,0,2,0,1,1,1,0,1,1,1,0,1,0,1,0,2,0,1,1,1,1,1,2,2,2,0,1,0,1,1,0,1,0,1,0,1,1,1,0,1,1,2,0,0,1,0,0,0,0,0,2,1,1,0,0,0,1,0,2,0,1,1,2,0,1,1,0,1,2,0,1,2,1,1,0,1,2,0,1,0,2,0,1,1,0,2,1,0,0,1,2,0,1,0,1,1,0,2,2,0,1,2,2,1,1,1,1,1,0,1,1,1,1,0,0,1,1,1,1,1,1,0,0,0,0,1,0,0,2,0,2,1,1,1,2,2,1,1,0,1,1,2,0,1,1,1,1,2,0
chr2:1208944,rs902,C/G,1,1,0,1,0,0,0,0,0,0,1,0,0,1,1,0,1,0,1,0,0,0,0,0,1,0,0,0,0,1,1,0,1,0,0,0,0,0,0,0,2,1,0,0,0,0,0,0,1,0,0,0,0,0,0,0,0,0,0,0,0,0,0,0,0,0,0,0,0,0,0,0,0,1,0,0,0,1,1,0,0,0,2,0,0,1,0,0,0,1,0,0,1,0,0,1,1,0,0,0,0,0,0,0,0,0,0,0,0,0,0,0,0,0,0,0,0,0,1,0,0,1,0,0,0,0,0,1,0,0,0,0,1,0,0,0,1,2,0,0,0,0,0,0,0,1,0,0,0,0,0,1,2,0,0,0,0,1,1,0,0,0,1,0,0,0,0,0,0,1,0,0,0,0,0,1,0,1,0,0,0,0,1,0,0,0,0,0,0,1,0,0,0,0,0,0,2,0,0,0
chr1:2361303,rs903,A/C,1,0,1,0,0,0,0,1,0,0,1,0,0,0,0,0,0,2,0,0,1,0,0,0,1,0,0,0,0,0,0,0,0,0,0,0,0,0,1,0,0,1,0,0,0,1,0,0,0,0,2,0,0,1,0,0,0,0,0,0,1,0,0,0,0,0,0,0,0,0,0,0,0,0,0,0,0,0,1,0,0,0,0,0,0,0,0,0,0,0,0,1,2,0,0,1,0,0,0,1,0,0,1,0,0,0,0,0,0,1,0,0,0,1,0,0,0,0,0,0,0,0,0,0,0,0,0,0,0,0,1,0,0,0,0,1,0,0,0,0,0,0,0,0,1,0,0,1,0,1,0,0,0,0,0,0,1,0,0,0,0,0,0,0,0,0,0,0,0,0,0,0,0,1,0,1,0,1,0,0,1,0,0,1,0,0,0,0,0,0,0,0,1,1,0,0,0,1,0,1
chr4:3894100,rs904,T/G,0,0,0,0,0,0,0,0,0,0,0,0,1,0,0,0,0,1,0,0,0,0,0,1,1,0,0,0,0,0,0,0,0,0,1,0,0,0,2,0,0,0,0,0,0,0,1,0,0,0,0,0,1,0,0,0,0,0,0,0,0,0,0,0,1,0,0,0,0,0,0,1,1,1,0,0,1,0,1,1,0,0,1,1,0,0,2,0,0,0,1,0,0,0,0,1,0,0,0,0,0,0,0,0,0,0,0,2,0,0,0,0,1,1,0,0,0,0,1,0,0,0,1,0,0,1,1,1,0,0,0,1,0,1,0,1,0,0,0,1,0,0,0,0,0,0,0,0,1,0,0,0,0,0,0,0,0,1,0,1,0,1,1,1,0,1,0,0,0,0,0,1,0,1,0,0,0,0,0,1,1,0,0,1,1,1,0,0,0,0,0,0,0,0,0,0,1,0,1,0
chr2:7674851,rs905,C/A,0,1,0,2,1,0,2,1,0,1,2,2,0,1,1,2,2,1,0,0,0,1,0,1,2,1,1,0,2,2,2,2,2,0,1,1,0,2,2,0,1,0,0,1,2,1,0,0,1,2,2,2,0,1,1,1,0,1,2,1,1,2,1,1,1,1,1,1,1,1,2,2,1,0,1,1,2,1,1,0,1,1,2,2,0,1,0,1,0,2,1,1,1,2,1,1,1,0,1,1,2,1,1,2,0,2,1,1,1,1,0,0,2,1,0,1,2,1,1,0,1,2,1,0,0,1,1,1,0,1,1,2,2,1,1,0,0,2,2,2,1,1,1,1,0,2,1,1,1,1,1,1,0,1,1,1,1,0,2,1,2,2,0,1,1,0,1,0,0,0,1,1,1,1,2,0,1,0,1,2,2,1,0,1,1,1,1,2,2,2,1,0,0,2,1,2,1,2,1,2
chr3:7983604,rs906,T/C,1,2,0,0,0,1,0,0,0,2,1,1,0,0,0,0,0,0,1,0,0,0,0,1,1,0,0,0,0,0,0,0,0,2,0,0,0,0,0,1,0,0,0,0,0,0,0,1,1,0,1,0,0,0,0,0,0,0,1,0,0,1,0,0,0,0,0,1,0,0,0,0,1,0,0,0,0,0,0,0,0,0,1,0,0,0,0,0,0,0,1,0,0,0,1,0,0,0,0,1,0,0,0,0,1,0,0,0,0,1,0,0,0,0,0,1,1,0,0,0,1,1,0,0,1,1,0,1,0,1,0,1,0,1,1,0,0,1,0,0,0,0,0,1,0,0,0,0,1,0,0,1,0,0,1,0,0,0,0,1,0,0,0,1,0,0,0,1,0,1,0,0,0,0,0,0,0,0,0,0,0,0,1,0,0,0,1,0,0,1,2,1,1,0,1,0,0,0,0,0
chr2:5754619,rs907,G/T,0,0,0,0,0,0,0,0,1,0,1,0,0,0,0,1,1,0,0,1,1,2,0,0,0,0,0,1,0,0,0,0,0,0,0,0,1,0,0,0,0,0,0,2,0,0,0,1,1,2,0,0,1,1,0,1,0,0,0,1,0,0,0,1,0,0,1,1,0,0,0,0,0,0,0,0,0,1,0,0,0,1,0,1,1,0,0,0,0,0,0,1,0,0,0,0,0,0,0,1,0,0,0,0,1,0,0,0,0,0,0,0,0,1,0,0,0,0,0,0,0,0,0,1,0,0,0,0,0,1,1,0,0,0,1,0,1,1,0,0,0,0,0,1,0,1,0,2,0,0,0,0,0,0,0,1,0,0,0,0,0,0,0,1,0,1,1,1,0,0,0,0,0,0,1,0,1,0,0,0,0,0,1,0,0,0,0,0,0,0,0,0,0,0,0,0,0,0,1,1
chr4:4885250,rs908,G/C,0,1,0,0,1,1,0,1,2,0,0,0,0,0,0,1,0,1,1,1,1,1,0,0,0,0,0,0,1,0,1,0,0,1,0,0,0,1,0,0,1,1,0,0,1,0,0,0,1,0,0,0,0,0,0,1,1,2,0,0,2,0,0,1,0,0,1,0,1,0,1,1,0,0,1,1,1,2,0,0,2,1,0,0,1,0,1,1,0,0,1,0,1,0,0,0,1,1,1,1,1,0,0,0,1,0,1,0,1,1,0,1,2,0,0,0,1,1,0,0,0,0,0,1,1,2,1,1,0,0,0,1,0,0,0,1,0,1,0,0,0,1,1,1,0,0,0,1,0,0,1,1,1,1,0,0,1,1,0,0,0,2,1,1,1,0,0,1,1,1,1,0,0,0,1,0,1,1,0,1,1,1,0,0,0,0,1,0,1,0,2,0,1,1,1,1,1,1,0,1
chr1:6573694,rs909,C/G,1,0,0,1,0,1,0,0,1,2,0,0,1,0,0,2,2,0,1,1,2,1,0,1,0,0,1,0,1,1,1,1,1,1,2,1,1,0,0,2,0,0,1,1,1,1,0,1,1,0,2,1,1,1,2,1,0,1,0,1,1,2,0,0,0,0,2,0,1,1,0,0,0,0,1,2,1,1,0,1,1,1,0,0,0,1,0,1,0,0,0,1,0,2,0,0,1,1,1,0,0,0,0,1,1,0,0,1,0,1,0,1,1,1,0,0,1,1,0,1,1,1,0,2,1,0,1,0,0,1,0,0,1,0,1,1,0,1,0,2,1,0,1,1,0,2,1,1,2,0,0,2,0,1,0,0,1,0,0,1,2,0,1,0,1,0,2,1,1,1,0,1,0,0,0,2,0,2,0,1,0,0,2,0,0,1,0,1,0,1,1,1,1,0,0,1,0,2,0,0
chr4:3538143,rs910,T/G,0,0,0,0,0,0,1,0,0,0,0,0,0,0,0,0,0,0,0,0,0,0,0,0,0,0,1,0,0,0,0,0,0,0,0,0,0,0,0,0,1,0,1,0,0,0,1,1,0,0,1,1,0,0,0,0,0,0,0,0,0,1,0,1,0,0,0,0,0,0,1,0,0,1,0,1,0,0,0,0,0,0,0,0,0,1,0,0,0,0,1,0,0,0,0,1,0,0,0,0,0,0,0,0,0,0,0,0,1,1,0,0,0,0,0,0,0,1,0,1,0,0,1,0,1,0,0,0,0,0,0,0,0,0,0,0,0,0,1,0,0,0,0,0,0,0,0,0,1,0,0,0,1,0,0,0,0,0,0,0,1,0,1,0,0,0,1,2,0,0,0,0,0,0,0,0,0,0,0,1,0,0,1,1,1,0,1,0,0,2,0,1,1,0,1,0,0,0,1,0
chr1:1328821,rs911,G/A,0,1,1,2,1,1,1,2,2,0,1,1,1,1,1,1,0,1,2,2,0,1,0,1,0,2,1,1,1,2,0,0,1,1,1,0,2,2,1,1,2,1,2,2,0,2,1,1,2,1,0,2,1,1,2,1,0,0,1,1,0,0,0,0,1,1,1,1,2,0,0,1,2,0,0,1,1,1,1,1,1,1,1,1,2,0,1,2,1,2,2,1,0,0,1,2,0,2,1,1,1,2,0,1,1,0,1,1,0,1,0,1,2,0,2,1,0,0,1,1,1,0,1,0,0,0,0,1,1,0,1,1,1,1,1,1,0,0,1,0,1,1,1,2,1,1,1,2,0,0,1,0,0,2,1,0,2,0,2,2,1,1,2,2,0,1,2,1,1,0,0,2,1,1,0,1,1,2,0,2,1,0,1,1,2,1,2,0,0,2,0,2,2,1,2,2,1,2,1,1
chr4:7725275,rs912,A/G,1,2,0,0,0,0,1,1,1,1,0,1,0,0,1,2,2,1,1,1,0,2,1,0,0,1,0,1,1,0,1,0,0,0,1,1,0,0,0,0,2,1,2,1,0,1,1,0,1,1,1,0,0,1,0,1,1,1,1,1,1,1,0,0,0,1,1,1,1,1,0,2,0,2,0,1,1,0,0,0,0,1,0,0,1,1,1,0,0,0,0,1,0,0,1,1,1,0,0,1,1,1,0,1,1,0,0,2,1,1,0,0,0,0,1,0,2,2,0,0,0,0,0,0,0,0,1,0,0,0,0,0,0,0,1,1,1,1,1,1,1,2,1,0,2,0,0,1,0,1,1,0,0,0,1,0,1,0,1,0,2,0,1,0,0,0,0,0,0,0,0,1,0,1,1,0,0,1,1,1,1,0,2,1,0,0,1,1,1,1,0,1,0,0,0,0,1,0,0,0
chr4:8772580,rs913,G/A,1,2,0,1,1,1,1,2,1,1,1,2,2,0,0,0,0,0,1,1,0,0,2,1,1,0,2,2,1,1,0,2,2,1,1,1,1,1,2,1,2,1,0,0,1,0,1,2,2,1,0,2,1,0,0,0,0,2,1,2,1,1,1,0,0,0,0,2,0,0,2,1,2,0,2,1,1,1,1,1,2,0,1,1,1,2,2,0,0,0,0,0,0,1,0,1,1,1,0,1,2,2,2,1,1,2,1,1,1,0,0,2,0,1,1,1,1,0,1,1,2,1,2,0,0,1,1,1,2,0,1,2,2,1,1,2,1,1,1,2,0,0,0,1,0,1,0,1,0,2,0,1,1,1,0,1,2,1,1,1,0,2,1,1,0,0,0,2,1,2,2,1,1,1,1,0,0,0,1,1,0,0,0,0,1,0,0,1,1,1,1,0,2,0,1,2,1,2,1,1
chr1:6720622,rs914,G/C,0,1,2,1,1,0,1,0,1,0,0,2,0,1,1,0,1,0,1,1,0,1,0,1,1,0,1,2,0,1,0,1,2,1,0,0,1,1,0,1,0,1,1,0,2,1,0,2,1,0,2,1,0,0,1,0,2,1,0,1,1,1,1,0,0,0,1,0,0,1,1,1,1,1,1,0,2,1,2,0,0,1,0,0,1,0,1,0,1,1,1,0,0,0,0,0,1,2,2,0,1,0,0,1,0,0,1,0,0,0,1,1,1,1,0,1,0,1,0,0,1,1,2,0,0,2,0,1,1,0,0,1,0,0,0,0,0,1,1,1,1,1,1,1,0,0,1,1,0,1,1,0,2,1,0,1,1,1,0,1,1,0,1,0,2,2,0,0,0,2,0,1,1,2,2,0,0,0,0,0,1,0,0,2,1,0,0,1,1,0,2,0,1,1,0,0,0,2,0,0
chr1:7933705,rs915,G/T,1,2,0,0,0,1,1,0,1,1,1,0,0,1,2,1,1,0,1,1,1,1,0,0,2,1,2,0,1,1,0,0,1,1,1,0,0,0,2,1,1,0,1,0,0,0,0,0,0,2,1,1,0,0,0,1,0,2,0,1,0,2,1,1,0,1,1,0,0,1,1,1,2,1,0,0,1,1,1,0,1,1,1,1,2,1,0,1,2,0,0,0,0,1,1,1,1,0,0,1,0,0,0,0,0,0,0,1,2,0,2,0,0,0,0,0,0,0,1,0,0,0,0,0,0,2,1,0,0,1,2,2,0,0,1,1,1,0,0,0,1,0,1,1,1,1,0,1,2,1,0,0,0,1,0,1,1,0,0,1,1,1,0,1,1,1,0,0,1,1,0,0,1,1,1,0,0,0,1,0,0,1,0,1,2,1,1,0,0,0,0,1,1,1,2,0,1,1,1,0
chr4:4265962,rs916,C/G,0,0,0,0,1,1,0,0,0,0,0,0,1,1,1,0,1,1,0,0,0,1,2,0,0,0,0,1,0,1,1,0,0,1,0,0,1,1,1,0,0,1,1,0,0,1,0,1,0,0,1,0,1,0,0,0,0,0,1,0,0,2,0,0,0,0,0,0,2,1,1,0,0,0,0,2,1,0,0,0,0,0,0,0,0,0,1,1,0,0,0,1,0,0,0,0,0,0,0,0,0,1,0,0,0,0,1,1,0,0,0,0,0,0,0,0,2,0,0,1,1,0,0,1,2,0,1,0,0,1,1,0,0,1,1,0,1,0,0,0,0,0,0,0,0,0,0,1,0,1,1,1,1,2,1,0,0,0,0,0,1,1,1,0,0,0,2,1,0,0,0,0,1,1,1,0,0,0,1,0,0,0,1,0,1,2,0,0,0,0,1,1,0,0,1,1,0,1,0,2
chr3:6752613,rs917,G/A,1,1,1,0,1,0,0,1,0,0,0,0,1,2,0,0,0,0,0,0,1,1,0,0,1,2,0,0,0,0,1,0,0,1,1,1,0,0,1,1,1,0,0,1,0,0,0,0,1,1,0,0,0,0,0,0,0,0,0,0,0,0,0,0,0,0,1,0,0,1,0,0,0,0,1,0,0,0,1,0,0,0,0,1,1,0,0,1,0,1,0,1,0,1,1,0,0,1,0,1,0,1,0,0,1,1,0,0,1,1,0,1,1,0,0,1,0,2,1,0,0,0,2,0,1,0,0,0,0,0,0,1,1,0,1,0,1,1,0,1,0,1,0,1,0,0,1,0,1,0,0,1,1,1,1,1,0,0,1,1,1,0,1,1,1,1,1,1,0,1,0,0,0,0,0,1,0,0,1,0,1,0,1,0,0,1,0,0,0,0,0,1,0,0,0,1,2,1,0,0
chr4:6637025,rs918,G/T,1,2,1,0,0,1,1,0,0,1,0,0,1,0,1,0,1,0,0,1,0,1,0,0,0,2,0,1,0,0,2,0,1,1,0,0,1,0,0,0,0,0,0,0,0,1,0,0,1,1,0,0,1,1,2,0,0,0,1,1,0,0,2,0,0,0,0,0,0,0,1,0,1,0,0,2,1,1,1,1,1,0,0,0,2,1,1,2,1,0,1,2,0,1,0,1,1,0,0,0,0,0,1,0,1,0,0,1,0,0,0,1,2,1,0,0,0,0,1,1,0,1,0,0,1,0,1,2,0,0,0,1,1,0,0,0,1,1,0,0,0,1,0,0,0,0,0,1,0,0,0,1,0,1,2,1,0,2,1,1,0,0,0,0,1,0,0,1,2,2,1,0,1,0,0,1,0,0,0,0,0,1,1,1,0,1,1,0,0,0,0,1,0,0,0,0,0,1,1,0
chr1:4325315,rs919,A/T,1,0,0,1,0,0,1,0,0,1,0,0,0,0,0,0,0,0,0,0,1,0,1,0,0,0,0,0,0,0,0,1,1,0,0,0,0,0,0,0,0,0,0,1,0,0,0,0,0,0,1,0,0,1,0,0,0,0,1,0,0,1,1,0,0,1,0,0,0,0,0,0,0,1,0,0,0,0,0,0,0,0,0,0,0,0,0,0,0,1,1,0,0,0,1,0,0,0,0,1,0,0,0,0,0,0,0,0,0,1,1,0,0,0,0,0,0,1,0,0,0,0,0,0,0,0,1,0,0,0,0,0,0,0,0,1,1,0,1,1,0,0,0,0,0,0,0,1,0,0,0,0,0,0,0,0,1,0,0,0,0,0,0,1,0,1,0,0,0,0,1,0,1,1,0,0,1,1,0,0,0,1,0,0,0,0,0,0,0,0,0,0,0,0,0,0,1,0,0,0
chr2:6217092,rs920,T/G,1,1,0,0,0,2,1,0,0,0,0,0,1,0,0,0,1,0,1,1,0,1,2,0,0,0,0,1,0,0,0,1,0,0,1,0,0,0,1,1,0,0,1,1,0,1,1,1,1,0,1,0,1,0,1,0,0,0,0,0,1,1,0,0,0,0,0,0,0,1,0,0,0,0,0,0,0,1,0,0,0,1,0,0,0,0,1,1,1,0,1,0,1,0,0,1,1,0,0,1,1,1,0,2,0,0,0,0,0,0,1,0,1,1,0,0,1,0,0,0,1,1,0,0,1,0,0,0,0,0,1,0,0,1,0,1,1,0,0,0,0,0,1,0,0,0,0,1,0,0,0,1,0,0,1,1,0,0,0,1,1,1,1,1,0,0,0,1,0,2,0,0,0,0,0,0,0,0,0,0,0,1,0,1,1,0,1,0,0,1,0,0,0,0,0,0,0,0,1,0
chr3:6988099,rs921,T/G,1,0,0,1,0,1,1,0,1,1,0,1,1,0,2,1,0,0,1,0,1,1,0,0,0,0,2,1,1,0,0,1,1,1,1,1,1,0,0,1,2,1,1,2,0,1,0,0,0,1,1,0,1,0,1,0,2,1,1,1,0,2,0,1,0,0,0,1,2,1,1,1,0,1,1,1,1,0,1,0,1,2,1,0,0,1,2,2,0,1,1,0,0,1,0,1,2,1,1,1,2,1,0,1,2,0,1,1,0,0,0,1,0,0,1,0,1,2,0,0,1,0,1,2,1,0,2,0,0,1,0,1,0,0,0,1,1,0,1,1,1,0,1,0,1,1,1,1,0,0,1,1,0,1,1,1,2,1,0,1,1,1,0,1,1,2,1,1,1,0,1,0,1,1,1,2,1,1,0,0,2,0,0,0,0,1,2,1,0,0,0,1,0,0,0,0,0,0,1,1
chr2:6446079,rs922,C/T,0,2,1,1,1,1,1,0,0,2,1,1,0,1,2,0,0,0,1,1,2,0,2,2,1,1,1,0,1,0,0,0,1,1,1,0,0,0,2,1,1,1,0,1,1,1,1,1,0,1,1,2,0,2,0,1,1,1,2,1,0,2,1,0,0,1,1,0,0,2,0,0,0,1,2,1,1,0,1,1,0,0,1,2,0,0,2,1,1,2,2,1,1,2,1,2,0,0,1,2,2,1,0,1,1,1,2,2,2,1,2,1,0,0,0,1,1,1,1,1,1,1,0,0,0,0,2,0,1,2,1,2,0,2,0,2,1,1,0,1,1,1,1,1,1,1,1,2,0,1,1,2,2,2,2,1,0,0,2,2,1,0,0,1,1,1,1,2,1,0,1,2,2,1,0,0,0,1,1,2,2,1,0,1,0,2,0,1,2,0,0,0,0,0,1,2,2,2,1,2
chr3:4033349,rs923,C/A,1,1,0,0,0,0,1,0,2,0,0,0,1,0,0,0,0,1,0,0,0,0,0,0,1,0,0,0,1,1,0,0,0,0,0,0,1,0,1,0,0,1,0,0,1,1,1,0,1,1,2,1,2,1,1,0,0,0,1,1,1,0,1,0,1,1,0,0,0,0,0,1,1,0,0,1,0,0,1,1,0,0,1,0,0,0,0,0,0,0,0,2,0,0,1,0,0,1,0,0,0,1,0,0,0,1,0,0,0,1,0,1,0,0,0,0,1,0,0,0,0,0,0,0,0,0,0,0,0,1,0,1,1,1,0,0,0,0,0,0,0,1,2,0,0,1,0,0,0,0,2,0,1,0,0,0,0,0,1,0,0,0,0,1,0,0,0,1,0,1,0,0,1,0,0,0,0,0,2,0,1,0,1,1,0,0,0,0,0,1,0,1,0,0,1,0,0,1,0,0
chr3:1782877,rs924,T/A,1,0,1,1,0,0,0,1,1,0,0,2,1,0,2,0,1,0,1,1,0,1,0,2,1,1,0,0,1,1,1,1,0,0,0,1,1,0,0,0,0,2,2,1,1,1,0,1,1,1,0,1,1,0,0,1,1,1,0,0,0,1,1,0,0,1,2,1,2,1,0,0,1,1,1,1,1,0,0,0,0,1,1,0,0,0,1,1,1,0,2,0,1,0,0,1,1,0,2,1,1,1,1,0,0,0,0,1,0,1,1,0,1,1,1,1,1,0,1,2,0,1,0,0,1,2,1,1,2,1,1,1,2,0,0,2,2,0,0,1,2,1,1,1,1,1,0,1,2,1,0,1,0,1,2,1,0,0,1,1,1,0,0,2,0,0,0,0,1,0,0,1,1,1,1,0,0,0,2,2,2,1,0,2,0,1,2,0,0,2,1,0,0,1,2,0,0,1,1,1
chr2:7299492,rs925,C/G,0,1,1,1,2,1,1,2,2,1,0,1,2,1,1,1,1,1,2,1,0,0,1,0,0,1,0,0,0,1,1,0,2,1,1,1,2,1,2,1,1,2,1,0,1,1,0,0,0,0,1,0,0,1,0,0,0,1,1,0,0,0,0,0,0,0,0,0,1,1,0,0,0,1,0,1,2,1,0,1,0,1,1,1,1,1,0,1,0,1,0,1,0,0,0,2,0,0,0,2,2,2,1,2,0,2,0,0,1,2,0,2,1,0,2,1,1,0,1,1,0,1,1,1,0,0,0,0,0,1,1,0,1,1,0,1,1,1,0,1,0,0,0,2,1,0,1,1,1,1,1,0,1,2,0,0,1,0,0,0,1,0,0,0,1,0,0,1,0,1,1,1,1,1,1,0,1,0,0,0,1,1,0,0,1,1,1,0,0,1,0,1,1,1,0,0,1,0,0,0
chr2:6928643,rs926,T/A,0,1,0,1,0,0,0,1,0,0,1,1,0,0,1,1,0,0,1,0,1,0,0,1,2,1,1,0,2,2,0,1,1,0,0,0,0,0,1,1,0,1,1,0,1,1,0,1,1,0,1,0,1,1,0,0,0,1,2,1,0,1,0,0,0,0,1,1,1,1,0,1,1,0,0,0,0,1,0,1,0,0,0,0,1,0,1,0,0,1,1,0,1,0,1,1,1,2,1,0,0,0,1,1,1,1,1,0,0,0,1,0,0,1,1,1,0,0,0,0,0,1,0,1,0,1,1,0,1,0,0,0,1,0,1,1,0,1,1,0,1,0,0,0,0,1,1,1,2,1,0,2,1,0,1,1,0,1,1,1,1,1,0,1,0,1,2,0,1,0,2,1,1,1,2,0,0,1,0,1,1,1,1,1,0,0,1,1,1,0,2,0,0,0,1,0,1,0,0,1
chr1:7049850,rs927,C/T,0,1,0,0,1,0,1,0,0,0,1,0,1,1,0,0,0,0,0,0,0,0,1,1,0,0,1,0,1,0,0,0,1,0,0,1,1,2,1,0,0,0,1,0,0,0,1,1,0,1,0,1,1,1,0,0,0,0,2,0,0,0,1,1,0,1,0,0,1,1,2,0,0,0,1,0,0,0,0,0,1,0,0,0,1,1,2,0,0,1,1,1,0,0,0,0,0,0,0,0,0,0,1,0,0,1,0,2,0,2,0,0,0,1,0,0,0,0,0,0,0,0,1,0,0,1,1,1,0,0,1,1,0,0,1,1,1,0,0,0,1,0,1,0,1,1,1,0,1,1,1,1,0,2,1,1,0,0,1,1,0,0,1,0,2,0,0,1,1,1,1,0,0,1,1,1,1,1,1,0,0,1,1,0,0,1,1,0,0,0,1,0,0,0,1,0,1,0,0,1
chr4:9556255,rs928,G/T,1,2,1,1,0,1,0,0,0,0,0,1,0,0,1,0,1,1,0,0,1,0,0,0,1,0,1,0,1,1,1,2,0,2,0,0,0,0,0,0,0,0,0,0,1,0,0,0,0,1,0,0,0,0,1,2,0,0,1,0,1,0,2,0,1,0,0,0,0,0,0,0,0,0,0,1,1,1,0,1,1,1,0,0,1,0,0,1,1,0,0,0,0,1,1,0,0,1,0,2,1,0,0,0,1,0,0,1,1,0,0,1,0,0,0,0,1,0,0,0,0,0,0,0,1,0,0,0,0,0,1,0,1,1,0,0,0,0,2,0,1,1,0,0,1,1,0,0,1,1,0,0,0,0,0,1,0,0,0,0,0,1,0,0,0,0,0,0,0,1,0,1,1,0,0,0,0,1,0,0,0,0,0,0,0,0,0,1,0,0,0,0,0,0,0,1,0,0,0,1
chr4:8736484,rs929,A/T,0,0,0,0,1,0,1,1,0,0,0,0,0,0,1,0,0,0,0,0,0,2,0,1,1,1,0,0,1,1,0,0,0,0,1,1,0,0,1,0,1,1,0,0,0,0,0,1,1,0,0,0,0,1,1,0,0,0,1,2,2,0,2,0,0,0,1,0,0,2,1,0,0,1,0,1,0,0,1,0,0,0,1,0,1,1,0,1,0,0,0,0,1,0,0,1,1,1,0,0,1,0,0,0,0,2,0,0,1,0,2,1,1,0,0,1,1,1,0,0,0,0,0,0,1,0,0,0,1,0,1,0,1,1,0,1,2,0,1,0,0,0,0,0,1,1,0,0,0,0,0,1,0,1,0,1,0,0,1,0,0,0,1,0,1,0,0,0,0,1,1,0,0,0,0,1,0,0,0,2,1,1,2,0,1,0,0,1,0,0,0,1,0,1,0,0,0,0,1,0
chr1:2581420,rs930,T/A,0,0,2,0,0,1,0,0,1,1,1,0,0,2,0,0,2,2,1,0,0,0,0,2,0,2,0,0,0,1,0,1,1,0,1,1,0,1,0,0,1,1,1,1,0,1,1,0,1,0,0,1,1,1,0,1,1,1,1,1,0,0,0,1,1,0,0,1,1,0,1,0,0,1,1,0,1,2,0,1,0,0,0,1,0,1,0,1,1,1,0,2,1,0,1,0,0,1,1,0,1,1,1,1,0,2,1,0,0,1,0,0,1,0,0,1,1,1,1,1,0,0,0,1,0,1,0,1,0,0,1,1,0,1,2,1,0,1,0,0,1,0,1,0,0,0,0,1,1,1,0,0,0,1,0,0,0,1,0,1,1,2,1,0,2,1,1,0,0,1,1,0,0,2,0,0,1,0,0,1,0,1,0,1,0,1,1,0,2,1,0,0,1,0,1,0,1,0,1,0
chr3:4079042,rs931,T/C,1,2,1,0,0,2,2,0,1,0,1,0,0,1,1,1,0,2,0,1,2,1,0,2,1,1,2,1,2,1,0,0,1,2,0,1,1,0,1,1,2,1,2,2,2,1,0,2,1,0,0,1,1,0,0,1,1,1,1,1,2,1,1,1,0,2,0,1,0,0,1,1,0,2,0,1,1,0,0,2,0,2,1,0,0,2,0,1,1,1,2,1,0,0,1,1,2,1,2,1,1,0,0,0,0,1,1,0,0,1,0,0,0,1,1,1,0,1,1,2,2,0,0,2,0,1,0,1,1,0,0,1,1,0,0,1,1,2,1,2,1,1,1,1,2,1,1,1,1,0,1,1,1,2,1,1,1,2,1,2,2,0,1,1,1,0,2,1,1,1,2,1,1,0,1,0,2,1,1,1,0,2,0,2,0,2,1,1,2,1,1,2,2,2,0,1,2,1,0,2
chr4:9514668,rs932,C/T,1,1,1,2,1,0,2,1,1,1,1,0,1,1,1,1,1,1,1,1,2,1,2,0,1,0,1,2,1,2,1,0,2,2,2,1,0,1,1,0,1,0,2,1,1,2,2,0,2,0,0,1,0,1,1,0,1,0,0,1,1,1,2,1,0,2,1,0,0,2,2,1,0,1,1,1,2,1,2,1,2,1,1,0,1,0,0,0,2,1,0,1,0,1,1,1,2,0,0,1,1,0,0,1,1,1,1,1,2,1,1,0,1,0,1,2,0,1,0,1,1,1,1,1,1,1,0,0,1,2,1,2,1,1,1,2,0,0,1,0,2,1,1,0,0,0,2,1,1,0,0,0,0,2,1,2,0,0,1,1,0,1,0,2,2,0,1,1,1,1,2,1,1,1,1,1,2,0,1,1,0,0,0,1,2,1,0,1,0,1,2,2,1,2,1,1,2,0,1,0
chr1:7898046,rs933,G/A,0,0,1,0,0,0,0,0,0,1,0,0,0,1,0,0,1,0,0,1,0,0,0,0,0,1,0,0,0,1,0,2,1,0,1,1,0,1,0,0,1,0,1,1,1,0,1,0,0,0,0,0,2,0,0,0,2,0,0,0,0,1,1,1,2,2,0,1,0,2,0,0,1,0,0,1,1,1,1,0,0,0,0,1,0,0,2,1,1,0,0,1,0,0,1,0,0,1,0,0,1,0,1,1,0,0,0,0,0,2,0,0,0,0,0,1,0,0,0,2,0,0,0,1,2,0,0,2,0,0,1,0,1,1,1,1,0,2,0,0,0,0,0,0,1,0,0,1,1,0,2,0,0,1,0,0,0,0,0,0,0,0,1,0,0,1,1,0,1,1,1,0,1,0,0,1,2,0,0,0,0,1,0,0,0,1,0,0,0,0,0,0,1,0,0,0,1,0,1,1
chr4:8983939,rs934,C/A,1,0,0,1,2,0,0,0,0,1,0,1,0,0,0,0,0,1,0,0,0,0,1,0,0,0,0,0,0,0,1,0,0,1,2,0,0,1,0,0,0,0,0,0,1,0,1,0,0,0,1,0,0,0,0,0,0,1,0,0,0,0,0,0,0,0,0,1,0,0,0,1,0,0,0,1,0,0,1,0,0,0,1,0,0,0,0,0,0,0,1,0,0,0,1,0,1,0,0,0,0,0,0,0,1,0,1,0,0,0,0,0,0,0,0,0,0,1,0,1,0,0,1,0,0,0,0,0,0,0,0,0,0,1,1,0,0,0,0,1,0,0,0,1,0,0,1,0,0,0,0,0,0,2,1,0,0,2,0,0,1,0,0,1,0,0,0,0,0,0,0,0,0,0,0,1,0,0,0,1,1,0,1,0,0,0,0,0,0,1,1,2,0,1,0,0,0,0,2,0
chr4:5093886,rs935,G/A,1,0,1,0,1,1,0,1,1,1,1,1,0,0,1,1,0,1,1,0,0,1,1,0,2,0,1,2,1,1,0,0,0,0,2,1,1,0,0,0,0,1,0,1,0,1,1,0,0,0,0,2,0,1,2,0,1,0,1,2,2,1,1,1,1,0,2,1,1,0,1,1,1,1,1,0,1,1,0,1,0,1,2,1,0,1,1,0,1,0,2,1,1,1,0,0,1,2,1,1,1,1,0,0,0,1,1,0,1,0,0,2,0,0,0,1,0,1,0,0,1,1,1,1,0,0,1,2,1,1,1,0,1,0,1,1,0,1,1,1,0,0,1,1,1,0,1,2,1,0,1,1,0,0,0,2,0,0,0,0,1,0,1,0,1,1,1,2,1,0,1,2,0,0,0,0,1,1,2,1,1,0,0,1,2,1,2,0,1,1,0,0,1,0,0,0,2,1,1,1
chr3:9950668,rs936,C/T,0,1,1,1,0,1,0,0,1,0,0,0,0,0,1,0,1,0,0,1,1,0,1,1,1,0,0,1,2,0,0,1,1,0,0,2,0,0,0,0,0,1,0,0,0,0,1,1,0,1,1,0,1,0,0,0,0,1,2,0,1,0,0,0,0,1,0,0,1,0,0,1,0,0,0,0,0,0,1,2,1,2,0,0,1,0,1,1,0,0,0,1,1,1,0,2,0,0,1,0,0,0,1,1,0,0,0,0,0,0,0,0,0,0,0,1,0,1,0,0,1,0,2,1,0,0,2,1,1,1,1,0,0,0,0,1,0,0,1,0,0,1,1,1,0,0,0,0,0,0,1,0,0,1,0,1,1,0,0,0,1,1,0,0,0,0,0,0,0,0,1,1,0,0,1,0,0,1,0,1,0,0,0,0,1,0,0,0,2,0,1,0,0,1,1,0,1,0,0,0
chr3:2192931,rs937,C/A,0,2,0,1,0,1,2,1,1,0,1,2,0,0,1,2,0,0,1,1,0,0,2,2,0,1,1,1,0,1,0,2,2,0,0,1,0,1,0,1,2,1,0,1,0,1,0,1,0,0,0,1,0,0,1,1,1,1,1,2,0,0,1,1,0,0,0,0,0,1,0,0,0,0,0,1,0,0,0,1,0,1,0,0,0,1,0,1,1,1,0,1,0,1,2,0,2,0,0,0,0,1,0,1,0,1,1,0,0,0,1,0,1,0,0,0,0,1,0,0,1,0,1,0,1,0,0,0,1,1,1,0,1,2,1,0,2,1,0,0,1,1,1,0,0,0,0,0,1,0,0,0,1,1,1,0,0,0,0,1,0,0,0,0,0,0,0,0,0,1,1,0,0,0,2,0,0,1,1,1,0,1,0,0,1,0,0,1,0,0,1,0,1,2,0,0,0,0,1,0
chr1:1871522,rs938,G/T,0,1,1,0,0,0,1,0,0,0,0,0,0,0,0,0,0,1,0,0,0,0,0,2,0,1,1,0,0,0,0,0,0,0,0,0,1,0,0,0,0,0,1,1,0,1,0,0,1,0,0,0,0,2,1,0,1,1,0,0,0,0,1,1,0,0,1,0,0,0,1,0,0,0,0,0,0,2,0,0,0,2,0,0,0,0,0,1,0,0,0,0,1,0,0,0,0,1,1,0,0,0,0,0,0,0,0,1,0,0,0,0,0,0,0,0,0,1,1,0,0,1,0,0,0,0,1,0,1,0,0,0,0,2,0,0,0,1,1,0,0,0,0,1,0,0,0,0,0,0,1,0,0,0,0,0,0,1,0,0,0,1,0,1,1,1,1,0,0,2,0,0,0,0,1,0,0,0,0,0,0,1,0,0,1,0,0,0,1,0,0,0,0,0,0,0,1,0,0,1
chr4:7890709,rs939,A/C,2,0,0,0,1,0,1,0,2,0,0,1,2,1,1,2,0,0,1,0,0,0,2,1,0,0,1,1,1,0,1,0,0,0,1,0,2,0,0,0,0,2,1,1,0,0,0,1,1,0,0,1,1,0,1,1,0,0,1,0,0,1,1,0,1,0,0,0,1,2,1,2,0,1,0,0,1,0,0,0,1,0,0,0,0,1,1,2,1,1,1,0,0,0,1,0,1,0,2,1,2,0,0,0,2,1,1,2,0,2,1,1,1,0,0,1,0,1,1,1,0,0,0,0,1,1,0,1,0,0,1,0,0,1,1,1,0,1,1,0,0,1,1,1,1,2,2,1,1,2,2,2,1,1,0,2,0,0,1,1,0,0,0,1,1,0,0,0,0,0,0,0,1,0,0,0,1,1,0,1,1,0,1,0,0,0,0,1,0,1,0,1,1,1,0,0,1,2,1,1
chr3:9990884,rs940,C/A,1,1,1,1,0,0,0,0,1,0,0,0,1,0,0,0,0,0,0,0,0,1,0,1,0,1,1,0,0,0,1,0,0,0,0,0,0,0,0,0,0,0,0,0,0,0,0,0,1,0,1,0,0,0,0,1,0,0,0,2,0,1,0,0,0,0,2,0,0,1,0,0,0,0,0,0,1,0,1,1,1,0,0,0,0,0,0,0,0,0,0,0,0,0,0,0,0,1,1,0,1,1,0,0,0,0,0,0,0,1,0,1,0,0,1,0,0,0,0,1,0,0,0,0,1,0,1,1,2,0,0,0,0,1,0,0,1,2,0,0,0,1,0,0,0,0,0,1,1,0,1,0,0,0,0,0,0,2,0,0,0,0,0,1,1,0,0,0,1,0,0,0,0,1,0,0,1,1,0,1,0,0,1,0,0,0,0,1,0,1,0,0,0,0,1,1,0,0,2,0
chr4:2705243,rs941,A/T,0,1,0,0,1,0,0,0,0,0,0,1,0,0,0,0,0,0,0,1,1,0,1,0,0,0,0,0,0,0,0,0,0,0,0,0,0,1,0,1,0,0,1,1,0,0,0,0,0,1,0,1,1,0,0,0,1,0,0,0,0,1,1,1,0,1,0,1,1,1,1,0,0,0,0,0,0,0,1,0,1,0,1,0,1,0,1,0,0,0,0,0,1,0,0,0,0,0,0,0,1,0,0,0,0,1,0,0,0,1,0,0,0,0,1,0,1,1,1,0,0,0,0,1,0,0,0,0,0,0,1,1,1,0,0,0,0,0,0,0,1,1,1,0,0,1,1,0,1,0,0,1,1,0,1,0,1,0,0,0,1,1,0,0,0,1,0,0,0,0,0,1,1,0,0,1,0,0,1,0,0,2,0,0,1,1,0,1,1,1,2,0,0,0,1,1,0,0,0,0
chr1:1239779,rs942,T/G,1,0,2,0,1,1,2,0,1,0,1,1,0,2,1,2,0,1,1,1,1,2,1,1,1,0,2,1,1,2,1,1,2,1,0,2,0,2,1,1,2,0,1,1,2,1,2,2,1,1,1,1,2,1,1,0,1,0,1,1,1,0,1,2,1,1,1,1,0,1,0,1,1,1,2,0,1,1,1,2,0,0,1,1,0,1,1,2,0,0,2,1,1,0,2,0,0,1,1,2,2,0,1,1,0,1,1,1,1,2,0,2,2,0,1,0,0,1,2,1,0,0,1,1,1,1,2,0,2,0,1,1,2,2,0,1,1,0,0,1,1,1,0,2,0,1,2,1,2,0,0,1,2,0,2,2,0,0,0,0,2,0,1,1,0,2,0,1,2,1,1,0,1,0,0,1,1,0,1,1,1,2,1,1,2,2,1,0,1,0,0,1,0,1,1,1,1,2,2,2
chr3:7289249,rs943,C/T,0,0,0,0,0,0,0,0,0,0,0,0,0,1,1,0,0,0,0,1,2,0,0,0,0,0,0,0,0,0,0,0,0,1,0,0,1,1,0,0,0,0,0,1,0,1,1,0,1,0,0,0,1,0,0,0,1,0,1,1,1,1,1,0,0,0,0,0,0,2,0,0,0,0,1,0,0,0,0,0,0,2,1,0,0,0,0,0,0,1,0,0,1,0,1,0,0,1,0,0,0,0,0,0,0,0,1,1,0,0,0,1,0,0,0,0,0,0,0,2,0,1,0,0,0,0,0,0,1,1,0,0,1,1,0,0,0,1,0,1,0,1,2,1,0,0,0,1,1,0,0,1,0,0,0,1,0,0,0,1,0,0,0,1,0,0,0,0,0,0,0,0,0,0,1,0,0,0,1,0,2,1,0,0,0,0,1,0,0,1,0,0,0,0,0,0,1,1,0,0
chr1:7164014,rs944,G/T,1,1,1,1,0,0,0,0,1,0,1,1,0,0,0,0,0,1,1,1,0,1,1,0,0,0,0,1,1,0,1,1,1,1,0,1,1,1,0,0,0,0,0,1,0,0,0,0,1,0,1,0,0,1,1,0,1,0,1,0,1,1,1,1,0,1,1,0,1,0,0,0,0,1,0,1,1,0,0,0,0,0,1,1,0,0,0,0,1,0,1,0,1,1,0,1,1,2,1,2,0,1,0,0,0,0,1,1,1,1,0,0,1,1,0,0,1,0,0,1,1,0,2,1,1,0,0,0,2,0,0,0,0,0,0,0,1,1,1,1,1,1,1,1,1,2,0,0,1,0,1,2,2,0,0,0,0,0,2,0,2,1,1,1,0,0,1,0,0,0,0,1,0,2,1,0,1,1,0,0,0,0,2,1,0,0,0,0,1,0,0,0,1,0,0,1,1,1,0,0
chr1:7216074,rs945,C/A,0,0,1,0,1,0,0,1,1,0,0,1,1,0,0,0,1,0,0,1,0,1,1,1,1,0,1,1,1,0,0,0,0,1,1,0,0,0,0,2,0,0,0,0,0,0,0,0,0,0,1,2,1,0,0,0,0,0,2,0,0,0,0,1,0,1,0,0,0,1,0,0,1,0,1,2,0,0,0,0,0,0,0,0,0,0,0,1,0,0,0,1,0,0,0,0,1,0,0,0,0,0,1,1,0,0,0,1,0,1,1,0,0,0,0,1,0,0,2,1,0,0,0,0,0,0,1,0,1,0,0,0,0,0,0,1,1,1,0,0,0,0,1,1,1,0,0,0,0,1,1,0,0,0,1,1,0,1,0,0,1,0,0,0,0,0,1,0,1,0,0,0,0,0,1,0,0,0,0,0,0,1,0,0,1,0,0,0,0,0,0,0,0,0,1,0,0,0,0,0
chr1:5588727,rs946,G/A,1,1,0,1,1,1,2,0,1,2,1,1,0,2,0,1,1,1,0,1,1,0,2,0,1,1,1,0,2,2,1,2,0,2,0,2,1,1,1,1,1,1,1,1,2,1,0,1,1,0,1,1,1,1,2,0,0,1,0,1,0,1,1,1,2,1,1,1,0,0,0,1,1,0,1,0,0,0,1,1,1,2,2,1,0,0,2,1,1,1,1,2,1,1,0,1,0,2,2,1,2,0,1,1,1,2,1,1,0,1,0,1,0,1,2,0,2,1,0,1,0,2,2,1,2,0,0,0,0,1,0,2,1,0,1,1,1,1,2,0,1,1,0,2,1,0,1,2,1,1,1,1,1,1,0,0,1,0,1,1,1,2,2,1,0,1,1,0,1,1,2,2,1,0,0,2,2,2,1,1,0,2,1,1,1,1,1,1,0,0,1,2,2,0,0,2,1,0,0,0
chr2:4683909,rs947,A/G,1,0,0,0,0,0,0,0,0,1,0,0,1,1,0,0,1,0,1,1,0,0,1,2,1,1,0,1,1,0,1,1,1,1,1,0,2,0,0,1,0,0,0,0,1,2,0,0,0,1,1,0,1,0,1,2,0,0,1,1,0,0,1,0,0,2,1,0,2,0,1,1,1,1,1,0,0,0,0,1,0,1,1,1,0,0,0,0,0,0,1,1,0,0,0,0,1,1,0,0,0,1,1,0,1,0,0,0,1,1,0,1,1,0,1,1,1,0,2,0,1,0,0,0,1,0,1,1,1,1,0,0,1,0,1,0,1,1,0,0,1,1,1,2,0,1,2,1,0,1,0,0,1,1,0,0,0,0,0,1,1,1,0,0,0,1,0,1,1,0,0,1,1,0,2,0,0,0,0,2,0,1,0,1,1,0,1,1,0,0,0,1,0,1,0,0,0,1,0,0
chr3:6083801,rs948,G/T,0,0,0,1,0,0,0,1,0,0,0,1,0,1,0,1,0,0,0,0,0,0,0,0,1,0,1,1,0,0,0,0,0,0,0,0,1,1,0,0,0,0,0,0,0,1,0,0,0,0,0,1,0,0,0,0,1,0,0,0,0,1,0,1,0,0,1,1,0,0,1,0,0,0,0,0,0,1,0,0,0,1,0,1,0,0,0,1,2,0,0,1,1,0,0,0,0,0,1,0,0,0,1,1,0,0,0,0,1,1,1,0,0,0,0,0,0,0,0,1,0,0,0,0,1,0,1,0,0,0,1,0,0,0,0,1,0,1,0,1,0,0,0,0,0,1,1,0,0,1,2,1,0,0,0,1,0,0,0,0,0,1,1,0,0,2,0,1,0,0,0,0,0,0,0,0,1,0,1,0,0,1,0,0,1,0,0,0,0,0,0,0,0,0,0,0,1,1,0,0
chr3:8156406,rs949,T/C,2,1,2,0,0,1,1,1,1,0,2,0,2,1,1,1,1,1,1,1,0,0,1,1,1,1,0,1,0,1,1,1,2,2,1,2,1,0,0,1,1,2,2,1,0,0,0,0,1,1,1,0,0,1,1,0,1,1,0,0,1,0,0,0,1,0,1,0,2,0,0,0,0,1,2,1,1,2,1,2,1,0,1,1,0,0,1,0,1,1,1,0,1,0,1,0,2,1,0,0,0,2,2,0,0,0,1,1,2,0,1,1,0,1,1,1,1,0,0,1,0,1,1,1,0,1,1,1,0,1,1,1,0,1,0,0,1,1,1,2,0,0,0,2,1,1,0,1,0,0,2,2,1,2,0,2,1,1,1,1,0,1,0,1,2,0,1,2,0,2,2,1,1,1,1,2,0,1,0,0,2,0,2,2,0,2,0,2,2,1,0,0,1,0,1,0,0,1,2,1
chr3:1421280,rs950,T/G,1,1,2,1,0,0,1,0,1,0,0,0,0,1,0,1,0,0,0,0,1,1,2,0,1,2,1,1,2,0,1,1,0,0,0,0,1,0,1,2,1,1,0,1,0,0,1,0,0,1,2,0,0,0,0,1,0,2,0,1,1,1,2,1,2,0,0,0,1,0,1,1,1,1,2,1,0,0,0,0,1,0,1,0,1,0,2,0,0,0,1,1,0,0,1,0,1,1,0,0,2,0,1,0,1,2,0,1,0,0,0,0,0,0,0,0,0,0,1,1,1,1,2,0,1,0,0,1,1,0,1,1,0,1,0,1,2,1,1,1,2,1,1,0,0,1,1,1,0,0,1,0,0,0,1,1,0,1,1,0,2,0,1,1,1,1,0,1,0,0,0,0,1,2,0,1,1,0,0,0,0,0,0,0,0,0,2,0,0,0,1,0,1,0,0,1,1,0,1,0
chr3:2230746,rs951,C/A,0,0,0,1,0,1,0,0,0,0,1,0,1,0,1,0,0,1,2,0,1,1,0,0,0,1,2,2,1,0,0,1,1,1,0,1,0,0,0,0,1,0,1,1,0,0,0,2,1,1,1,1,0,1,0,1,0,0,0,1,1,1,0,1,0,1,1,0,0,0,0,0,0,0,0,1,0,1,0,0,0,2,1,1,0,1,0,0,0,0,1,0,0,1,0,0,1,1,2,0,0,1,0,0,1,0,0,0,0,1,0,0,1,0,0,1,1,0,1,1,1,0,0,0,0,0,1,0,1,1,1,0,1,1,0,0,1,0,1,0,2,1,0,2,1,1,1,0,0,0,0,2,0,0,0,2,0,1,0,0,1,0,0,1,1,0,1,2,0,0,0,0,0,0,1,1,1,1,0,2,0,0,1,0,1,0,0,0,0,0,0,0,0,1,1,0,1,0,0,2
chr3:2162189,rs952,C/T,0,0,0,0,0,0,0,1,0,0,0,1,0,1,0,1,0,0,0,0,0,1,0,2,1,0,1,1,0,0,1,1,0,1,0,1,0,0,0,0,0,0,0,0,0,0,0,0,1,0,0,1,1,0,1,0,0,1,0,0,1,1,0,0,0,0,0,0,0,0,0,1,0,0,0,0,0,1,0,0,1,0,0,1,0,0,0,0,0,1,2,0,0,0,0,1,0,1,0,0,0,0,0,0,0,0,0,0,1,0,0,0,0,1,1,0,0,0,0,1,1,0,0,2,0,0,1,0,0,0,1,1,1,0,0,1,1,0,0,0,1,0,0,1,0,1,0,1,0,0,0,0,1,0,0,1,0,1,1,0,0,1,0,1,0,0,0,1,0,2,0,0,0,1,0,0,0,0,0,0,0,1,1,1,2,0,1,0,0,0,0,0,0,0,0,0,0,0,1,0
chr4:3381486,rs953,C/G,1,1,1,1,2,0,0,2,2,0,0,1,0,1,0,2,2,0,2,1,1,1,0,0,1,0,1,0,1,1,1,0,0,2,1,1,1,2,1,0,1,1,0,2,0,0,0,2,1,0,1,1,1,1,2,1,2,1,2,0,0,1,1,2,2,1,2,0,1,0,2,1,1,2,0,1,0,1,1,1,1,0,0,1,1,2,0,2,0,0,1,0,1,0,1,1,1,1,1,2,1,0,1,2,2,2,1,0,1,1,2,1,1,0,0,1,1,1,1,1,2,1,0,0,2,1,1,0,0,1,1,1,2,1,2,1,0,0,1,2,0,1,0,1,0,0,1,1,1,2,1,0,1,0,0,1,1,1,1,2,0,1,0,1,0,0,0,0,0,1,0,0,1,0,1,1,1,1,1,1,1,1,0,2,0,0,2,1,1,1,0,0,0,0,2,2,0,1,0,1
chr4:9168326,rs954,A/G,1,0,1,1,1,0,2,1,2,0,0,2,0,0,1,1,0,0,1,0,0,1,1,1,0,0,0,1,1,1,1,1,1,2,0,0,2,2,0,1,1,1,0,0,1,1,1,1,0,0,2,1,1,2,0,1,1,0,0,0,1,0,0,1,2,1,0,0,1,0,0,2,1,1,1,1,2,0,0,0,1,2,2,0,0,1,2,1,0,1,1,0,0,1,2,0,1,1,0,1,0,0,1,0,1,2,0,1,1,2,1,2,1,0,0,2,1,0,1,2,1,0,0,1,0,1,0,1,0,0,1,1,2,2,1,0,1,0,1,1,0,1,0,0,0,2,2,0,0,1,1,1,1,0,2,0,0,0,1,1,1,0,0,0,1,0,0,1,1,1,2,1,1,1,1,2,0,1,0,1,1,1,0,1,0,0,1,2,0,2,1,0,2,2,1,1,1,0,0,0
chr4:1125438,rs955,A/T,1,1,2,0,2,0,1,1,2,1,2,0,1,2,0,0,1,1,0,0,0,1,0,0,1,0,1,0,1,1,0,1,1,1,1,1,0,1,1,1,1,1,2,1,0,1,1,2,0,1,1,0,1,1,1,1,1,1,0,0,0,1,1,1,1,0,2,2,1,1,1,0,0,2,0,1,0,0,2,1,1,2,0,1,0,1,0,2,0,1,1,2,1,0,1,1,1,0,1,0,0,2,1,1,1,2,0,1,1,0,1,1,1,2,1,0,2,2,1,1,0,1,0,1,1,0,0,1,0,1,0,0,0,2,0,1,1,1,1,0,1,1,1,1,1,0,2,1,1,2,1,2,1,0,1,1,1,0,1,2,1,2,1,1,2,0,1,0,1,1,1,1,0,0,1,1,2,0,0,1,1,0,2,2,0,1,0,2,1,0,0,0,1,1,1,1,1,0,0,0
chr1:7699744,rs956,G/C,1,1,1,2,1,0,2,1,1,2,2,2,0,1,2,1,2,1,2,2,1,0,0,1,1,1,1,2,0,2,0,1,1,1,1,0,1,1,2,0,0,0,1,0,1,0,2,1,1,1,0,1,0,0,0,0,1,1,1,2,2,1,0,0,0,0,1,0,1,2,1,1,0,0,2,1,0,1,2,0,0,0,1,0,2,2,2,1,0,0,1,1,1,2,1,0,0,1,0,2,0,0,2,1,0,0,1,0,1,0,2,1,0,0,1,1,1,0,1,0,1,0,1,1,1,2,0,0,0,1,2,1,2,0,1,0,1,1,2,1,0,1,2,2,0,0,1,2,2,2,0,0,1,1,0,1,2,2,1,1,0,1,1,1,1,1,0,2,0,2,0,0,1,0,1,0,1,1,1,0,1,2,0,0,1,2,1,1,2,2,2,1,0,1,1,1,0,1,1,2
chr3:3801445,rs957,C/G,0,1,1,0,0,1,1,1,2,1,2,0,1,2,1,2,0,0,1,2,1,0,0,1,1,1,1,2,0,1,1,1,1,0,1,0,1,1,0,0,1,0,1,2,1,0,0,0,2,1,0,1,1,2,0,1,2,1,1,2,1,0,0,1,1,1,0,2,1,0,1,0,1,1,2,1,1,2,0,2,1,2,1,0,1,0,2,1,1,2,2,0,2,1,0,0,2,1,1,0,2,1,0,0,2,1,0,1,0,1,2,0,1,2,1,0,0,2,0,1,0,0,1,0,1,2,1,1,0,2,1,0,1,1,1,1,1,1,0,2,2,2,1,1,1,1,2,0,0,2,0,2,1,1,1,1,0,1,0,0,0,1,0,2,1,1,0,2,1,1,1,1,1,1,0,2,0,2,1,1,1,2,2,0,1,0,0,1,2,2,0,2,1,1,0,1,1,1,0,1
chr1:7839789,rs958,A/G,1,0,0,0,0,0,1,0,0,0,1,0,0,0,0,1,0,0,0,0,1,0,1,0,0,0,0,0,1,0,2,0,0,0,0,0,0,1,0,2,0,0,0,0,0,0,0,0,1,1,1,1,0,0,1,0,0,0,0,0,0,0,0,0,0,0,0,1,0,1,0,0,0,0,0,1,0,0,1,0,0,0,0,0,1,0,0,0,0,0,1,0,0,0,1,0,0,1,0,0,0,1,0,0,0,1,1,0,1,0,1,0,0,0,1,0,0,1,1,1,0,0,0,1,1,0,0,0,1,0,0,0,0,1,0,1,0,0,0,0,0,0,1,0,0,1,0,0,1,0,0,0,0,0,0,1,0,0,1,0,0,0,1,0,1,0,1,0,1,0,0,0,0,0,1,1,1,0,0,1,0,0,0,0,0,0,0,0,0,0,1,0,0,1,0,0,0,0,0,0
chr3:4769457,rs959,G/T,2,1,2,1,1,0,1,1,1,1,1,2,1,2,2,1,1,1,1,0,2,2,2,2,1,1,2,1,2,0,2,2,1,0,2,2,1,1,2,1,1,0,0,1,1,0,1,2,1,0,2,0,1,2,1,2,1,2,0,1,2,1,2,2,2,1,2,0,1,1,0,1,0,0,1,0,1,1,0,1,1,0,1,1,1,1,1,0,2,1,2,1,1,2,1,0,1,1,1,1,2,1,2,0,1,0,2,2,0,1,0,1,1,2,1,0,1,1,2,2,1,0,0,1,1,0,0,0,0,1,0,1,0,1,0,1,1,2,1,1,1,1,1,0,2,2,2,0,1,2,0,0,0,1,1,0,2,1,0,2,2,1,2,1,1,1,1,2,0,0,2,0,0,1,0,2,1,0,0,2,0,1,0,0,0,1,1,1,0,1,1,0,0,1,0,2,1,2,0,2
chr1:1217770,rs960,C/T,0,0,0,1,0,1,0,0,0,0,0,0,1,0,0,2,0,0,0,1,0,1,0,0,1,1,0,0,1,0,0,0,0,0,1,0,0,2,0,0,0,1,1,0,0,0,0,0,0,0,0,0,1,1,0,0,1,0,1,0,0,0,1,0,0,0,1,0,0,0,0,0,1,0,1,0,0,0,1,0,0,0,0,0,0,0,0,1,0,0,1,0,1,0,0,1,0,1,0,0,1,0,0,0,0,1,0,1,0,0,0,0,1,0,1,0,0,0,0,0,0,0,0,0,1,0,0,0,0,0,0,0,0,0,0,1,1,0,0,0,0,1,0,1,0,1,1,0,0,0,0,0,1,0,0,1,0,1,1,1,0,0,0,0,1,1,0,0,1,1,0,1,0,0,1,0,0,0,0,1,1,0,0,1,0,1,0,0,0,0,0,0,1,1,1,0,0,0,0,1
chr2:7969129,rs961,G/T,2,1,0,1,1,1,1,0,0,0,0,0,2,1,2,2,0,0,1,2,1,1,1,1,0,2,0,0,0,0,1,1,2,1,1,0,2,1,1,1,1,1,0,1,0,0,1,1,1,0,0,0,0,1,1,2,0,1,0,1,1,1,2,1,0,0,0,2,2,2,0,0,2,1,1,1,1,1,0,1,1,2,0,1,1,2,1,0,1,1,0,1,0,1,0,1,1,1,1,1,1,1,1,2,0,0,1,1,0,1,2,0,2,0,0,0,2,1,0,2,2,1,0,1,1,1,0,0,0,0,0,0,0,1,1,0,0,0,1,2,1,1,0,1,2,1,0,0,0,1,1,2,1,1,0,0,1,1,0,0,0,0,0,0,0,1,0,2,1,0,2,2,0,1,0,2,1,0,2,1,1,1,2,1,0,1,0,1,0,1,0,0,1,0,1,1,0,1,0,0
chr1:6910184,rs962,G/C,1,0,0,1,0,0,1,0,0,2,0,0,0,0,1,0,1,0,0,0,0,1,0,0,1,0,1,1,0,0,1,0,0,0,1,0,0,0,1,0,1,1,0,0,1,1,1,1,1,1,1,0,1,2,0,0,0,0,1,1,1,0,0,0,0,1,0,0,1,0,0,1,1,0,0,1,0,0,0,0,0,0,0,1,1,0,1,1,0,1,1,0,0,0,0,0,0,0,1,1,0,1,0,0,1,0,0,0,2,0,0,1,0,0,0,1,0,1,0,1,1,0,1,0,0,0,0,0,0,0,1,0,0,0,2,0,1,0,0,1,1,1,0,1,1,1,1,0,0,1,1,0,1,1,0,0,1,1,0,0,0,2,0,0,0,0,1,1,1,0,0,0,0,1,0,1,1,0,1,0,0,1,0,0,1,1,1,1,0,0,1,0,0,0,0,0,1,0,1,0
chr4:6301533,rs963,A/C,1,1,1,0,0,1,1,0,0,1,1,1,1,1,1,1,1,2,1,1,1,2,2,1,1,0,0,1,1,1,0,1,1,1,1,1,1,2,0,1,1,1,0,1,1,0,2,1,0,0,1,0,1,1,1,0,0,0,2,1,1,0,2,1,2,0,1,1,1,1,1,0,0,0,1,1,2,1,0,0,0,2,0,1,0,0,0,0,2,1,1,1,0,2,1,0,1,0,1,1,1,0,2,1,2,0,1,1,1,0,0,2,2,1,0,2,1,1,1,0,1,1,0,0,0,1,1,1,2,0,0,0,0,0,1,2,1,1,0,0,2,1,0,1,0,0,2,1,1,0,2,0,1,1,0,1,0,1,0,1,0,1,0,1,1,0,1,2,1,0,1,0,2,1,0,1,0,0,0,0,2,0,2,0,0,0,0,2,0,2,1,1,1,0,0,1,0,1,0,1
chr3:8417874,rs964,T/C,1,0,1,1,2,0,0,0,1,0,0,0,1,0,0,0,1,0,0,0,0,1,0,1,0,0,0,0,0,0,0,0,1,0,2,0,1,1,0,1,0,1,1,0,0,1,0,0,1,1,0,1,1,1,0,1,0,1,0,0,0,2,0,0,0,0,0,0,0,1,0,1,0,1,0,0,2,0,0,0,1,0,0,1,0,0,1,0,0,0,0,0,2,0,1,1,1,0,0,0,0,0,0,0,0,1,0,0,1,0,0,0,1,1,0,0,0,0,1,1,0,1,0,0,1,1,1,0,1,1,0,2,0,0,2,1,0,0,2,0,0,0,1,1,2,0,0,1,1,1,0,0,0,2,0,0,1,0,0,0,1,1,0,1,1,0,1,0,0,0,2,0,0,0,0,1,1,0,0,0,0,0,2,1,0,0,2,0,1,0,1,0,1,0,0,0,0,0,1,0
chr1:8089478,rs965,T/G,0,0,0,0,0,1,0,0,0,1,2,0,0,0,1,0,0,1,0,0,0,0,0,1,0,0,0,1,0,0,0,0,0,0,0,0,2,0,1,0,0,0,1,1,1,0,0,0,0,1,0,0,0,2,0,0,1,1,1,1,0,0,0,1,0,0,0,0,0,0,0,2,0,1,1,0,0,0,1,0,1,0,1,0,0,0,0,2,0,0,0,0,0,0,0,1,0,1,1,1,0,0,1,0,0,0,1,1,0,1,0,1,0,0,0,1,1,1,0,0,2,0,1,0,0,0,0,2,0,0,1,0,0,0,1,0,0,1,0,1,1,0,1,0,0,1,0,1,0,1,2,0,1,0,0,0,0,0,0,0,0,1,0,0,0,0,0,1,0,1,0,0,0,0,1,0,0,0,1,1,0,0,0,1,0,0,0,0,0,0,0,1,0,0,0,2,1,1,0,0
chr3:9326435,rs966,A/T,0,2,1,0,0,0,0,1,0,0,0,1,0,0,0,1,0,0,1,0,0,0,0,1,1,0,1,1,0,1,0,1,0,1,0,1,0,1,0,1,1,0,1,0,0,1,0,1,0,1,1,1,1,0,1,1,1,1,0,1,0,2,0,1,1,0,1,0,2,0,0,0,0,0,0,0,0,1,0,1,1,0,0,1,0,0,1,0,1,0,0,1,1,1,1,1,0,0,1,0,1,0,0,0,1,1,0,0,0,0,2,1,1,1,1,0,0,0,1,0,2,1,1,0,1,2,1,1,0,0,1,0,0,0,0,0,2,1,1,0,0,0,0,1,1,0,0,1,1,0,0,0,1,0,1,0,1,0,0,1,0,1,1,0,1,0,1,1,1,0,0,0,1,0,1,1,0,1,1,0,0,1,0,1,0,0,0,0,1,2,1,0,1,0,0,1,0,0,2,0
chr1:8557260,rs967,G/A,1,1,1,0,2,0,2,2,2,2,1,2,1,2,1,0,1,1,1,0,1,0,0,2,0,2,0,1,1,2,2,2,2,2,0,0,2,1,0,1,1,0,1,0,1,1,2,1,1,2,1,1,1,2,2,0,0,0,1,0,2,2,2,1,0,2,1,2,1,1,0,1,2,1,1,1,1,1,1,0,1,1,0,1,0,0,0,1,1,2,1,1,2,1,1,1,1,1,2,2,1,2,1,1,2,2,0,2,1,2,1,2,0,0,1,1,1,0,0,2,2,0,2,0,1,0,2,1,1,2,1,2,1,2,1,2,1,1,0,0,0,1,1,2,2,0,1,1,0,1,1,0,1,1,0,1,0,1,1,1,1,1,1,0,1,0,2,0,2,1,1,0,2,2,1,1,0,2,2,1,0,1,1,1,2,0,2,2,1,1,0,0,2,1,0,1,1,1,2,0
chr4:3531528,rs968,C/A,0,1,0,1,1,1,2,1,0,1,0,1,0,1,2,0,2,2,2,1,1,0,2,1,1,0,1,0,2,2,1,1,1,2,1,1,1,0,1,1,1,1,0,0,0,1,0,0,0,2,0,0,1,0,1,0,1,1,0,2,0,1,2,0,1,0,2,1,1,2,1,2,1,0,0,1,2,0,1,2,1,1,1,1,1,0,0,2,1,1,2,2,1,1,1,1,0,1,1,1,1,1,1,0,0,2,2,0,0,1,1,1,0,0,1,1,1,1,1,1,0,2,2,1,0,0,0,1,2,0,0,2,2,2,0,0,1,1,1,0,1,0,1,1,1,2,1,1,2,0,1,1,0,1,1,1,1,2,1,2,2,1,2,2,2,1,1,0,1,2,0,2,1,1,1,0,1,2,1,1,2,1,0,0,1,2,1,0,0,0,1,0,1,1,2,1,0,0,0,2
chr4:4502626,rs969,T/G,1,1,1,0,0,1,0,0,1,1,1,0,1,0,1,1,0,0,0,1,2,0,0,1,0,1,2,0,0,0,0,0,0,0,1,0,0,0,0,0,0,0,0,1,1,1,0,1,0,1,1,0,0,0,0,0,0,0,0,1,1,1,0,0,0,0,1,1,0,1,0,0,1,0,0,0,0,0,1,0,1,0,2,0,0,0,0,1,1,1,1,0,0,0,0,0,0,2,1,1,0,1,0,0,0,0,2,2,0,0,0,0,1,0,0,0,1,1,0,1,0,0,0,0,0,1,1,0,0,0,1,1,2,1,0,1,0,0,0,0,0,1,0,0,1,0,0,1,1,1,1,1,1,0,1,1,1,1,2,0,1,1,0,0,0,0,0,2,1,0,0,0,1,0,0,0,1,1,0,2,0,0,0,0,1,0,1,1,0,1,1,0,1,0,1,0,0,2,0,1
chr4:3846230,rs970,A/C,2,1,0,1,0,0,0,0,2,1,2,0,1,0,2,0,0,0,1,1,0,1,1,0,0,1,1,2,1,1,1,0,1,0,1,1,0,0,0,0,0,0,0,1,1,1,0,0,1,1,1,0,0,0,1,0,0,1,0,1,1,1,1,2,0,0,1,0,2,0,1,1,1,1,2,0,0,0,0,1,1,0,1,1,1,1,2,2,1,0,1,0,0,0,0,0,1,0,1,1,0,1,0,1,0,0,0,0,1,2,2,0,0,0,0,1,0,0,1,0,1,0,0,1,2,0,0,0,1,1,0,0,1,0,0,0,0,0,1,0,0,1,1,2,2,0,1,1,0,0,1,0,1,1,1,0,0,1,0,1,0,0,0,0,1,1,0,1,0,0,0,2,1,0,0,1,0,1,1,1,0,1,0,0,1,0,0,0,0,0,1,0,0,0,1,0,1,0,1,2
chr2:6553535,rs971,G/T,0,1,2,1,0,0,1,1,1,1,2,2,2,1,0,2,1,1,0,1,0,1,2,1,2,2,2,1,2,1,0,1,1,1,0,2,1,1,1,2,0,1,2,1,1,1,0,0,1,1,0,0,2,0,0,0,0,1,1,0,0,0,0,1,1,1,1,2,0,1,1,1,0,0,1,0,0,0,1,0,0,0,1,1,0,1,0,1,2,1,1,0,1,0,1,1,0,1,0,1,1,1,1,0,1,1,0,1,1,2,0,1,0,1,2,2,1,2,0,1,1,2,0,0,1,1,1,0,1,0,0,0,0,1,0,0,1,1,0,0,1,1,0,0,0,0,0,1,0,0,0,1,0,0,1,2,0,1,1,1,1,1,1,0,1,0,1,1,0,0,1,1,2,1,0,0,1,2,0,1,1,1,1,2,0,1,0,2,0,2,1,0,1,0,1,0,1,2,0,0
chr3:7227018,rs972,C/G,1,0,0,1,0,1,0,0,0,0,0,0,0,0,0,1,0,0,0,1,1,1,0,0,0,1,0,0,0,0,0,0,0,1,0,1,0,0,1,1,0,2,0,0,0,0,0,0,1,0,1,0,0,0,0,0,0,0,0,0,0,0,0,0,0,0,1,0,0,0,0,0,0,0,0,0,0,1,0,1,0,0,0,1,0,0,1,0,0,0,1,0,0,0,0,0,0,0,0,1,0,0,0,0,1,0,0,0,1,0,0,1,0,0,1,0,0,0,0,0,0,0,0,0,1,0,1,1,0,0,0,0,0,0,0,0,1,1,0,0,0,0,1,0,0,1,0,2,0,0,2,0,0,1,1,1,0,0,1,0,0,0,0,0,1,0,0,0,1,1,1,0,0,0,1,0,0,0,0,1,0,0,1,0,0,1,0,0,2,0,0,0,0,0,0,0,0,0,0,0
chr2:9607009,rs973,A/T,1,1,1,2,0,2,1,1,1,1,1,1,0,0,0,0,0,0,1,1,1,0,1,2,0,1,2,1,0,1,0,1,2,1,1,0,0,0,1,0,1,1,0,1,1,1,0,1,1,1,0,1,0,1,1,2,1,0,1,2,0,0,0,2,0,1,1,1,0,1,0,1,1,0,1,0,0,0,1,2,1,1,0,2,2,1,0,1,1,0,0,0,1,1,0,1,2,0,0,1,1,0,1,0,1,1,1,1,2,1,1,1,2,0,0,1,1,1,1,2,0,1,1,0,1,1,0,0,1,0,0,0,0,1,0,0,0,2,0,1,0,1,1,1,1,1,2,0,2,2,1,1,2,2,0,1,2,0,1,0,0,0,0,0,1,1,1,0,0,2,2,1,0,1,0,1,1,1,0,1,2,0,2,0,1,1,0,1,0,2,1,1,1,2,1,0,0,2,0,2
chr3:8545189,rs974,G/T,0,0,0,1,0,1,1,0,0,1,1,1,0,1,0,0,2,0,0,0,1,2,0,0,1,0,0,1,1,1,1,0,0,0,1,1,2,1,0,0,1,1,1,1,0,2,0,0,0,1,0,1,1,0,1,0,2,1,0,1,1,1,0,0,0,1,1,2,1,0,2,0,0,0,2,0,0,0,0,1,0,0,1,0,0,1,1,0,0,0,1,0,1,2,0,1,1,1,0,0,1,0,0,1,2,0,2,2,0,0,2,1,1,0,1,1,1,1,2,1,1,1,1,2,2,0,2,2,1,0,1,1,1,0,2,1,1,0,0,2,0,2,0,0,1,0,2,1,0,1,1,0,1,0,2,1,0,1,2,2,0,0,0,1,0,2,1,1,1,1,1,1,1,0,1,2,0,0,2,0,0,1,0,1,1,0,1,0,0,0,0,1,1,0,0,2,1,0,0,1
chr4:3681206,rs975,T/C,1,1,0,2,1,1,1,0,1,0,0,0,0,0,1,0,2,1,2,0,0,1,1,0,1,1,1,1,1,0,0,1,0,1,0,1,1,1,2,1,0,1,1,0,2,2,0,1,0,1,1,1,1,0,1,0,1,2,1,0,0,2,0,0,1,0,0,1,0,1,1,1,1,1,1,2,1,0,1,2,0,1,1,1,0,1,0,0,1,1,0,0,1,1,0,1,1,0,0,0,0,1,0,0,0,2,0,1,1,2,0,1,1,0,0,2,0,0,1,1,1,1,0,1,0,1,0,1,0,1,2,1,1,1,0,1,0,0,1,0,1,1,0,1,0,0,0,0,0,0,1,0,2,0,0,0,2,2,1,0,0,1,1,1,2,0,2,2,0,0,0,0,0,0,1,2,0,1,1,1,2,0,0,0,0,0,0,0,1,1,1,1,0,1,0,1,1,2,1,0
chr4:1237199,rs976,T/C,0,0,1,0,1,0,1,0,1,1,1,0,0,1,0,0,1,0,1,1,1,1,1,1,0,1,1,0,0,2,0,0,0,1,0,1,0,1,1,1,0,0,0,1,1,1,0,0,1,0,0,0,1,1,0,2,1,0,2,2,1,0,1,0,0,0,1,0,0,0,2,0,0,0,1,0,1,0,1,0,1,0,1,1,0,0,0,0,0,0,0,2,0,0,0,1,0,1,0,1,0,0,0,1,1,0,0,2,1,0,0,0,0,0,1,1,1,0,0,0,0,0,0,1,1,1,1,0,0,0,1,0,0,1,1,1,1,0,0,0,2,0,1,0,1,0,2,0,1,2,2,0,0,0,0,1,0,0,1,0,0,1,0,1,0,1,2,1,0,1,0,1,0,0,0,0,1,0,0,2,1,0,0,1,1,0,0,1,1,0,0,0,0,2,1,0,2,0,0,1
chr2:3274316,rs977,G/C,1,1,0,2,0,0,2,2,1,0,1,1,0,0,1,0,1,1,1,2,1,1,1,1,1,0,1,1,0,0,0,1,1,1,2,2,1,1,1,0,1,1,0,1,0,1,0,1,0,1,1,0,0,1,1,0,1,0,1,0,0,1,2,1,1,1,1,2,1,1,0,1,1,0,0,0,0,0,2,0,1,1,1,1,0,1,1,0,1,2,2,0,1,0,1,2,0,1,2,1,1,0,1,1,0,0,1,1,0,1,1,0,1,1,2,0,1,2,0,2,0,0,0,1,2,0,1,2,1,1,2,2,0,2,1,2,1,1,0,0,0,1,0,2,2,0,1,1,1,1,1,0,1,0,1,2,0,1,2,2,1,1,1,1,1,2,1,2,0,0,0,0,0,2,0,1,1,0,0,1,1,1,0,0,1,0,0,1,1,0,1,2,1,1,0,0,0,1,1,1
chr3:9227323,rs978,T/G,2,1,1,1,2,1,0,2,1,2,0,2,0,1,0,1,0,1,1,2,0,2,0,1,2,1,1,0,0,2,0,2,0,2,1,1,2,1,1,1,1,2,1,2,1,0,0,2,2,1,0,0,2,1,2,1,1,1,1,2,2,1,0,0,1,2,0,2,2,2,2,0,0,2,0,0,2,1,0,0,2,1,0,1,2,0,1,1,0,1,1,1,0,1,1,0,0,2,2,1,1,1,1,0,1,1,1,1,0,0,2,0,0,0,1,1,1,1,0,1,1,0,1,1,1,0,2,1,0,1,1,1,0,2,2,1,0,0,1,1,1,2,1,0,0,2,1,1,0,1,1,2,1,0,1,0,0,2,1,0,0,2,0,1,1,1,0,1,1,1,0,0,1,1,0,2,1,2,0,1,1,1,1,0,0,1,0,0,0,1,2,1,1,1,1,1,1,2,1,2
chr3:3332214,rs979,C/T,0,0,0,0,0,0,1,0,0,1,1,0,0,0,1,2,0,1,1,0,1,0,1,1,0,0,0,0,0,0,0,0,0,1,0,0,0,0,0,0,0,0,0,0,0,0,0,0,0,0,0,0,0,0,1,0,0,0,0,0,0,0,0,0,1,1,0,2,1,1,0,1,1,1,1,0,0,1,0,2,0,0,1,0,0,1,0,0,0,0,0,0,0,0,1,0,0,0,1,1,0,1,0,0,1,1,0,0,1,0,0,0,0,0,0,0,0,0,0,0,0,0,1,0,0,2,0,0,0,0,0,2,0,1,0,0,1,0,0,0,0,0,0,1,0,0,0,0,0,0,0,0,0,0,1,1,1,0,1,0,1,0,0,0,1,0,0,0,1,1,0,0,0,0,1,0,0,1,1,0,0,0,1,0,1,1,0,0,0,0,0,0,1,0,0,0,0,1,1,0
chr1:6266662,rs980,A/G,0,0,1,0,0,0,0,0,1,0,0,1,1,0,1,0,0,1,1,2,0,0,0,0,0,0,0,0,0,0,1,0,1,1,1,1,1,0,0,1,1,0,1,0,1,1,0,1,1,0,0,0,0,0,1,0,0,0,1,1,1,0,2,0,1,0,0,1,0,1,1,0,0,2,1,0,0,0,0,0,0,0,2,1,1,0,0,0,0,0,1,1,1,1,1,0,2,1,1,0,1,0,0,0,0,1,0,0,0,1,0,1,0,0,0,1,1,0,0,0,0,1,0,1,1,1,0,0,0,0,1,0,0,0,0,0,0,1,1,0,0,1,1,1,1,0,0,1,0,0,1,0,0,0,0,2,0,1,0,1,1,2,0,1,0,1,1,0,0,0,0,0,0,0,0,1,0,0,1,2,1,1,0,0,1,0,0,0,1,0,0,0,1,0,0,0,1,0,1,0
chr1:3250397,rs981,A/T,1,0,0,0,1,1,0,1,2,1,0,1,0,0,1,1,1,2,1,1,1,1,1,1,1,1,0,0,0,1,1,0,0,0,1,1,1,1,2,1,1,2,2,0,2,1,1,2,1,1,0,1,0,0,0,0,1,1,2,2,1,1,1,0,1,0,0,1,1,1,1,1,1,0,0,2,0,1,1,0,0,2,1,0,1,2,1,0,1,0,0,0,0,0,1,1,0,1,0,1,1,1,0,1,1,1,0,1,1,1,1,1,0,2,0,1,0,1,0,1,2,0,2,0,1,0,2,1,1,0,1,0,0,1,0,1,1,1,0,0,2,1,0,1,1,1,1,0,0,1,1,2,1,1,1,0,0,0,1,0,1,1,1,1,0,0,1,2,1,0,1,1,0,0,0,0,0,0,1,2,0,1,0,1,1,0,1,2,0,1,0,1,0,2,0,1,2,2,2,1
chr1:9843026,rs982,A/T,0,0,0,1,1,1,0,0,0,0,0,0,0,0,0,0,0,0,0,0,0,1,0,0,0,0,0,0,0,0,1,1,0,0,0,0,1,0,0,0,1,0,0,0,0,0,1,0,0,1,0,0,1,0,0,0,0,0,0,1,1,0,0,0,1,1,1,0,1,0,1,0,0,0,0,0,0,0,1,0,0,0,0,0,0,0,1,0,1,0,0,0,0,0,0,0,0,0,0,1,0,0,0,1,0,0,0,0,0,1,0,1,1,1,1,0,1,0,1,0,1,1,0,1,0,0,0,0,0,1,1,0,0,0,0,0,0,1,0,0,0,1,0,1,1,0,0,2,0,0,0,0,0,0,1,1,0,0,0,1,1,0,0,0,0,0,0,0,1,0,0,0,0,0,0,0,0,0,0,0,1,1,0,0,0,0,1,1,1,0,0,1,1,0,0,0,0,0,0,1
chr2:2472542,rs983,A/G,0,0,0,1,0,1,1,0,1,0,1,2,2,2,1,0,1,0,1,0,1,0,0,1,0,1,1,2,1,2,2,1,1,1,1,0,2,0,0,1,0,2,2,0,2,1,1,1,1,1,1,1,1,0,1,0,1,1,1,0,1,1,0,1,1,0,2,0,0,0,2,0,1,2,1,1,1,0,1,2,2,0,1,0,1,1,1,1,1,1,0,1,0,2,1,1,2,1,1,2,0,1,1,1,1,1,2,0,0,2,0,1,0,0,0,1,2,1,1,1,2,0,1,0,1,0,0,0,1,0,0,0,2,2,1,0,1,2,0,1,1,1,1,1,2,1,1,1,1,0,0,1,0,0,2,2,1,0,1,1,1,1,1,2,1,2,1,2,0,2,1,1,0,1,1,1,1,0,2,0,1,2,2,0,0,1,1,1,1,2,1,2,2,1,2,2,2,1,0,0
chr3:1562621,rs984,T/C,1,1,0,1,1,0,1,0,0,0,0,0,0,1,0,0,0,1,2,0,2,1,1,2,0,0,1,0,1,2,0,2,1,0,0,1,1,2,1,0,1,2,1,2,1,0,1,0,1,1,2,0,2,2,0,1,1,0,2,1,0,2,1,1,1,1,1,1,1,1,0,1,1,0,2,1,1,1,2,1,0,1,2,0,1,0,1,1,1,0,0,0,0,1,0,1,1,1,1,1,2,2,2,0,0,0,2,1,0,0,0,0,1,0,1,0,1,1,2,1,1,0,0,0,0,2,2,2,0,0,1,1,0,0,1,1,0,2,0,1,0,1,2,2,1,0,0,0,1,0,1,2,0,0,1,1,1,0,0,1,0,2,2,0,0,1,1,0,0,0,1,0,0,0,2,1,1,1,0,0,1,1,0,1,1,2,1,0,1,0,1,1,1,0,0,1,0,1,2,1
chr4:7284851,rs985,G/T,0,0,0,1,1,0,1,0,0,0,0,0,0,0,0,0,0,0,1,0,0,1,1,0,1,0,0,0,0,1,1,0,0,1,0,1,0,0,1,1,0,0,0,0,0,1,0,0,0,1,0,0,0,0,0,0,0,0,0,0,0,0,0,0,0,0,0,0,0,0,0,0,1,0,0,0,0,0,0,0,0,0,1,0,0,0,0,0,0,0,0,0,0,0,0,0,0,0,0,1,0,1,1,0,0,0,0,0,0,0,0,0,0,1,0,0,0,1,0,0,0,0,0,0,0,0,1,0,0,0,1,0,0,0,0,0,0,0,0,1,0,1,0,0,1,0,0,0,1,0,0,0,0,1,0,1,1,0,0,0,0,0,1,0,0,1,0,0,0,1,0,0,0,0,0,1,1,0,0,0,0,0,0,0,0,0,0,0,0,0,0,1,0,0,0,1,1,0,0,0
chr2:2195885,rs986,G/A,1,0,0,0,0,1,0,1,0,0,0,1,0,1,1,0,0,0,1,0,0,0,1,0,0,0,1,1,0,1,0,0,0,1,0,1,1,1,0,0,0,0,1,1,0,0,0,0,1,0,0,0,1,0,0,1,1,0,0,1,1,0,1,1,0,0,0,0,0,0,0,0,0,0,0,1,1,2,0,0,0,0,0,1,1,0,1,2,1,0,2,1,0,0,1,1,0,1,0,1,1,0,0,1,0,0,2,1,1,1,0,1,1,1,0,0,0,1,0,1,1,1,0,0,0,1,0,0,1,1,0,2,0,0,1,1,0,1,0,0,1,1,0,0,0,1,1,0,0,0,0,2,1,0,1,1,0,0,1,0,0,0,0,0,0,0,0,1,0,1,2,1,0,1,0,0,0,1,0,1,1,1,1,1,1,1,1,0,0,0,0,0,0,1,0,1,2,0,0,2
chr4:4898190,rs987,T/C,0,2,0,0,1,1,1,0,0,1,2,1,0,0,1,1,2,0,1,0,0,1,0,1,0,0,1,1,1,2,0,0,0,0,1,1,0,2,0,0,1,1,1,0,1,0,0,0,0,1,0,2,1,0,1,1,1,0,1,1,2,2,1,0,0,1,0,1,0,1,0,2,1,1,0,1,1,0,0,0,0,0,0,1,2,0,1,0,1,1,0,2,1,2,1,0,0,1,1,1,1,1,2,1,1,0,1,2,0,0,0,0,1,1,1,1,0,1,1,1,1,2,0,2,2,2,1,2,0,1,0,1,1,1,1,0,1,1,0,0,2,1,1,0,1,2,1,0,1,1,1,1,0,1,1,2,0,1,1,1,2,2,2,0,0,0,0,0,1,1,2,0,1,1,0,0,0,1,1,0,1,1,0,1,0,1,0,0,2,1,1,1,1,1,2,2,0,1,0,0
chr3:9197590,rs988,G/T,1,0,0,0,0,0,0,2,1,0,1,1,0,0,0,1,0,0,0,0,0,0,1,1,1,1,0,0,0,0,1,0,1,0,0,1,0,0,0,1,0,1,0,0,0,0,0,0,0,0,0,1,0,0,0,1,0,0,2,0,1,0,0,0,1,1,1,0,0,1,0,0,0,1,0,0,1,0,0,0,0,1,0,0,0,1,2,0,0,0,0,0,0,0,0,0,0,0,0,1,1,1,1,1,0,0,0,0,0,0,0,0,0,0,0,0,1,0,0,0,0,1,0,0,0,0,0,0,1,1,1,0,0,0,0,0,2,1,0,0,0,1,1,0,0,0,0,2,0,0,1,0,1,0,1,0,0,0,0,1,0,0,1,0,0,0,0,0,0,0,0,0,0,0,1,0,1,0,0,0,0,1,2,0,0,0,0,0,0,0,0,1,0,0,0,1,0,1,0,0
chr4:3584182,rs989,C/T,0,1,0,1,0,2,1,1,0,1,0,0,0,0,0,0,0,0,1,0,0,1,0,2,0,1,1,0,0,2,1,1,0,0,2,0,1,1,1,1,0,1,0,1,1,0,1,0,2,1,0,0,1,0,2,0,0,0,0,1,0,0,1,1,0,0,1,0,1,1,0,0,1,0,2,0,0,1,2,0,1,1,0,1,0,0,2,1,1,0,0,1,1,1,2,1,0,1,1,2,1,1,1,1,1,1,1,1,0,1,1,1,2,1,1,1,2,0,0,2,2,0,0,1,1,1,0,1,1,2,0,2,1,1,1,0,1,0,1,1,1,1,0,0,0,0,1,1,1,0,1,0,2,1,1,1,1,1,0,1,1,0,1,2,1,0,1,0,1,1,2,0,1,1,1,0,0,0,1,0,0,1,1,1,1,1,0,0,1,0,2,1,1,0,1,1,2,1,0,2
chr2:5363089,rs990,G/T,1,2,0,1,0,0,2,1,1,1,0,1,0,1,1,2,1,2,1,2,2,1,1,1,1,0,0,1,2,0,1,0,1,0,0,1,1,1,1,1,2,0,1,2,0,0,1,1,0,0,1,1,1,1,1,1,2,1,2,0,0,1,2,0,0,0,1,2,0,0,0,0,1,0,2,2,1,1,1,2,0,2,1,1,1,2,1,0,0,1,1,1,0,2,0,1,0,0,2,1,1,0,1,0,0,2,0,0,1,1,0,2,0,1,0,0,0,1,0,2,1,0,1,1,0,0,0,0,1,0,0,2,2,1,2,1,1,2,1,1,2,0,0,2,1,1,0,2,0,0,1,0,1,1,1,1,1,0,0,1,1,1,0,1,0,1,0,0,1,1,1,2,0,2,0,1,0,2,1,0,0,1,2,1,1,0,2,1,0,0,0,1,1,0,1,1,1,1,1,1
chr3:9657768,rs991,G/A,1,2,0,1,1,0,0,0,0,2,1,0,0,0,0,2,1,1,0,1,1,0,1,1,0,0,0,1,0,1,1,2,1,1,0,0,2,1,0,0,1,0,0,1,1,0,0,0,0,0,0,0,0,0,0,0,1,1,0,0,0,0,0,1,2,1,2,1,1,0,1,0,1,0,0,1,1,0,0,1,0,0,1,0,0,1,0,1,1,0,0,1,1,1,0,1,1,1,0,1,0,0,0,0,1,0,1,2,2,0,1,1,2,1,0,1,1,0,1,2,0,1,1,0,0,0,0,0,0,1,0,0,1,0,1,1,1,0,0,2,0,0,1,0,0,0,1,1,0,0,1,2,1,1,2,0,1,1,0,2,1,0,1,0,2,0,1,0,0,0,2,0,0,2,1,1,0,1,1,0,1,0,0,0,1,0,0,2,0,0,0,1,1,0,0,0,2,1,0,0
chr3:6092792,rs992,C/A,1,1,1,0,2,1,0,0,0,1,1,0,0,1,2,0,1,2,1,0,0,0,1,0,2,0,0,1,0,0,1,0,1,1,0,1,0,2,0,1,1,0,1,0,0,2,1,0,0,0,0,1,0,1,1,0,1,1,2,0,1,0,0,0,0,1,2,1,0,1,0,0,0,1,0,2,1,0,0,0,1,0,2,0,1,0,0,0,0,1,1,0,1,0,1,0,0,1,0,0,1,1,1,0,0,0,1,1,0,0,0,0,0,1,0,0,0,1,0,1,2,0,1,0,2,0,1,0,0,0,1,0,1,0,1,1,1,0,1,0,1,0,1,1,2,2,1,0,0,1,1,1,1,2,1,0,1,1,1,1,0,1,1,0,0,2,0,1,2,0,1,0,1,0,1,2,1,1,1,0,0,1,0,0,1,0,1,0,1,0,0,1,0,1,1,0,0,2,0,1
chr2:8587676,rs993,T/C,1,0,2,1,1,1,1,0,2,1,1,1,0,0,1,2,1,1,1,2,0,2,0,1,0,0,2,2,0,1,0,0,1,0,0,1,0,0,1,1,1,1,1,1,1,0,1,1,0,0,0,1,1,0,0,0,1,0,1,2,1,0,2,2,0,0,0,1,1,0,0,0,2,0,0,2,0,0,1,1,1,1,2,0,1,0,1,0,0,0,1,1,1,1,0,1,0,1,1,2,0,1,0,2,1,1,1,0,0,1,1,0,0,1,1,1,0,0,1,0,1,1,1,1,0,2,2,2,0,2,0,1,1,1,1,0,2,1,0,1,1,2,0,0,0,2,1,1,0,1,1,0,2,0,0,2,1,1,1,1,1,1,1,0,0,0,1,1,1,1,1,1,0,2,0,1,1,1,1,2,2,2,2,1,1,1,1,0,1,1,0,0,0,1,1,1,1,0,1,0
chr4:6134544,rs994,C/T,2,0,1,0,1,1,1,2,1,0,2,0,2,0,0,0,1,1,2,1,1,0,0,1,1,0,1,1,0,0,1,2,1,1,2,1,2,0,2,2,2,2,1,0,2,1,2,0,1,1,1,2,0,1,1,0,2,1,1,2,0,1,1,1,1,0,1,1,2,2,2,0,2,1,1,1,1,2,0,0,2,2,1,0,1,1,0,0,0,2,2,2,1,0,0,1,1,1,1,1,0,1,1,1,1,0,2,0,2,1,2,2,2,0,2,2,0,0,0,1,0,1,1,2,2,2,0,1,2,0,1,1,0,2,1,1,2,0,0,1,0,2,1,1,1,0,1,2,1,1,1,1,1,1,0,1,0,0,1,1,1,2,1,1,2,1,1,1,2,2,1,1,1,1,1,1,1,1,1,1,2,1,2,0,2,1,2,2,1,1,1,1,0,1,1,1,0,0,1,2
chr4:3263429,rs995,A/T,1,0,0,1,0,1,0,2,0,0,1,0,1,2,0,2,1,2,2,0,1,0,1,1,2,1,0,1,0,0,1,0,0,1,1,1,1,0,1,0,1,1,0,0,0,2,1,2,1,1,0,0,1,1,0,0,2,1,0,0,1,1,0,0,0,0,0,2,2,0,1,1,0,0,0,1,1,2,0,1,1,1,1,1,0,1,0,1,1,0,0,1,0,0,0,1,0,1,0,0,0,1,1,1,1,0,1,2,2,0,1,0,0,1,2,1,1,1,0,0,0,1,1,0,1,1,0,0,1,0,1,1,0,2,1,2,1,1,1,1,0,1,2,1,0,1,1,2,0,1,1,2,0,0,2,1,0,1,1,0,1,1,0,0,2,1,2,0,0,0,1,0,1,1,1,0,0,0,0,1,0,0,2,0,0,1,1,1,1,1,0,0,0,2,2,1,2,0,1,1
chr4:6153435,rs996,C/A,2,0,0,1,1,2,2,1,2,2,0,1,0,0,0,0,1,1,0,1,1,1,0,1,0,0,1,0,1,0,1,2,1,0,0,1,1,0,1,0,1,0,1,2,0,2,1,1,1,0,1,0,0,1,2,1,0,0,1,0,1,1,1,1,2,1,0,2,1,0,1,1,1,1,2,1,1,0,0,1,0,1,2,1,1,1,0,1,1,0,1,1,0,2,1,0,1,1,1,0,1,1,1,0,1,1,0,1,1,0,2,0,1,2,2,1,1,2,1,2,2,0,1,1,0,2,0,0,1,1,1,1,1,1,0,0,1,1,1,1,1,0,1,1,0,0,1,1,2,0,1,0,0,1,1,1,0,1,0,0,0,0,1,1,1,1,0,0,2,1,1,1,1,0,1,0,1,1,1,2,0,0,1,1,1,1,1,0,1,2,0,0,1,0,0,0,0,1,1,1
chr1:5396650,rs997,C/A,0,1,0,1,0,0,0,0,0,0,1,0,0,0,0,0,1,0,1,0,0,0,0,0,1,0,0,0,0,0,0,0,0,0,0,1,0,0,0,1,0,0,0,0,1,0,0,0,0,0,1,0,1,0,2,0,1,1,0,2,0,0,0,0,0,0,0,0,0,0,0,0,0,1,0,0,0,0,0,1,0,1,0,1,1,0,0,1,0,1,1,0,0,0,0,0,0,0,0,0,0,1,1,1,0,0,1,0,0,0,0,0,0,1,0,0,0,0,0,0,2,0,0,0,0,0,0,0,0,0,0,0,0,0,1,0,0,0,0,0,0,0,0,0,0,0,1,0,0,0,0,0,0,1,1,0,0,0,1,0,0,1,1,0,0,1,0,0,0,0,1,0,0,0,0,0,0,0,1,0,0,0,0,0,0,0,1,0,1,0,0,1,0,0,0,0,0,0,1,1
chr3:4641771,rs998,G/T,1,0,0,0,1,2,2,1,2,1,1,0,1,1,2,1,1,0,2,0,1,1,0,0,0,2,0,1,0,0,1,0,1,1,0,0,1,1,1,0,0,1,0,0,1,0,2,0,0,0,0,0,1,0,0,2,0,1,1,0,0,1,2,0,0,0,1,0,0,1,1,1,0,1,0,1,1,0,0,1,1,1,0,1,1,0,1,0,2,1,0,0,0,1,1,1,2,1,1,1,0,1,1,1,1,0,1,1,1,1,1,2,1,0,1,0,1,0,1,1,1,1,0,1,1,0,0,0,0,1,1,2,0,1,1,2,1,1,2,0,2,0,0,1,1,1,0,0,1,1,1,1,0,2,2,1,1,1,0,1,0,1,1,0,1,0,1,0,1,2,1,1,0,0,0,1,1,0,1,0,0,1,2,0,1,0,2,2,1,0,1,1,0,1,0,0,0,0,0,2
chr3:7775602,rs999,A/G,0,0,1,0,0,1,0,0,0,1,0,0,0,0,0,0,0,0,0,0,0,0,1,0,0,0,0,0,0,1,0,0,0,0,0,0,1,1,0,0,0,0,1,0,0,2,1,0,0,0,0,0,1,0,0,1,0,0,1,0,0,0,0,0,1,0,0,0,0,0,0,0,0,0,0,1,0,0,0,0,0,0,0,1,1,0,0,0,0,0,0,0,0,0,0,0,1,0,0,0,0,1,1,0,0,1,0,0,0,1,0,0,0,0,0,0,0,0,0,1,0,0,2,0,0,1,0,0,0,0,0,0,0,0,0,2,0,0,1,0,0,1,0,1,1,1,1,0,0,0,0,0,0,0,0,0,0,1,0,0,0,0,0,0,1,0,0,0,1,0,1,0,0,0,0,0,0,1,1,0,0,0,0,0,0,0,1,1,0,0,0,1,1,0,1,1,0,0,1,0
